
C:\LayerdArch2\release\PRO4.elf:     file format elf32-avr

Sections:
Idx Name          Size      VMA       LMA       File off  Algn
  0 .text         00001b04  00000000  00000000  00000094  2**1
                  CONTENTS, ALLOC, LOAD, READONLY, CODE
  1 .data         000001a4  00800060  00001b04  00001b98  2**0
                  CONTENTS, ALLOC, LOAD, DATA
  2 .bss          0000001d  00800204  00800204  00001d3c  2**0
                  ALLOC
  3 .comment      0000005c  00000000  00000000  00001d3c  2**0
                  CONTENTS, READONLY
  4 .note.gnu.avr.deviceinfo 0000003c  00000000  00000000  00001d98  2**2
                  CONTENTS, READONLY, OCTETS
  5 .debug_info   000004e6  00000000  00000000  00001dd4  2**0
                  CONTENTS, READONLY, DEBUGGING, OCTETS
  6 .debug_abbrev 000004a3  00000000  00000000  000022ba  2**0
                  CONTENTS, READONLY, DEBUGGING, OCTETS
  7 .debug_line   0000001d  00000000  00000000  0000275d  2**0
                  CONTENTS, READONLY, DEBUGGING, OCTETS
  8 .debug_str    00000196  00000000  00000000  0000277a  2**0
                  CONTENTS, READONLY, DEBUGGING, OCTETS

Disassembly of section .text:

00000000 <__vectors>:
       0:	0c 94 2a 00 	jmp	0x54	; 0x54 <__ctors_end>
       4:	0c 94 f9 07 	jmp	0xff2	; 0xff2 <__vector_1>
       8:	0c 94 22 08 	jmp	0x1044	; 0x1044 <__vector_2>
       c:	0c 94 4b 08 	jmp	0x1096	; 0x1096 <__vector_3>
      10:	0c 94 47 00 	jmp	0x8e	; 0x8e <__bad_interrupt>
      14:	0c 94 47 00 	jmp	0x8e	; 0x8e <__bad_interrupt>
      18:	0c 94 47 00 	jmp	0x8e	; 0x8e <__bad_interrupt>
      1c:	0c 94 47 00 	jmp	0x8e	; 0x8e <__bad_interrupt>
      20:	0c 94 47 00 	jmp	0x8e	; 0x8e <__bad_interrupt>
      24:	0c 94 47 00 	jmp	0x8e	; 0x8e <__bad_interrupt>
      28:	0c 94 47 00 	jmp	0x8e	; 0x8e <__bad_interrupt>
      2c:	0c 94 47 00 	jmp	0x8e	; 0x8e <__bad_interrupt>
      30:	0c 94 47 00 	jmp	0x8e	; 0x8e <__bad_interrupt>
      34:	0c 94 d5 09 	jmp	0x13aa	; 0x13aa <__vector_13>
      38:	0c 94 29 0a 	jmp	0x1452	; 0x1452 <__vector_14>
      3c:	0c 94 00 0a 	jmp	0x1400	; 0x1400 <__vector_15>
      40:	0c 94 47 00 	jmp	0x8e	; 0x8e <__bad_interrupt>
      44:	0c 94 47 00 	jmp	0x8e	; 0x8e <__bad_interrupt>
      48:	0c 94 47 00 	jmp	0x8e	; 0x8e <__bad_interrupt>
      4c:	0c 94 47 00 	jmp	0x8e	; 0x8e <__bad_interrupt>
      50:	0c 94 47 00 	jmp	0x8e	; 0x8e <__bad_interrupt>

00000054 <__ctors_end>:
      54:	11 24       	eor	r1, r1
      56:	1f be       	out	0x3f, r1	; 63
      58:	cf e5       	ldi	r28, 0x5F	; 95
      5a:	d8 e0       	ldi	r29, 0x08	; 8
      5c:	de bf       	out	0x3e, r29	; 62
      5e:	cd bf       	out	0x3d, r28	; 61

00000060 <__do_copy_data>:
      60:	12 e0       	ldi	r17, 0x02	; 2

00000062 <.Loc.1>:
      62:	a0 e6       	ldi	r26, 0x60	; 96

00000064 <.Loc.2>:
      64:	b0 e0       	ldi	r27, 0x00	; 0

00000066 <.Loc.3>:
      66:	e4 e0       	ldi	r30, 0x04	; 4

00000068 <.Loc.4>:
      68:	fb e1       	ldi	r31, 0x1B	; 27

0000006a <.Loc.5>:
      6a:	02 c0       	rjmp	.+4      	; 0x70 <.L__do_copy_data_start>

0000006c <.L__do_copy_data_loop>:
      6c:	05 90       	lpm	r0, Z+

0000006e <.Loc.7>:
      6e:	0d 92       	st	X+, r0

00000070 <.L__do_copy_data_start>:
      70:	a4 30       	cpi	r26, 0x04	; 4

00000072 <.Loc.9>:
      72:	b1 07       	cpc	r27, r17

00000074 <.Loc.10>:
      74:	d9 f7       	brne	.-10     	; 0x6c <.L__do_copy_data_loop>

00000076 <__do_clear_bss>:
      76:	22 e0       	ldi	r18, 0x02	; 2

00000078 <.Loc.1>:
      78:	a4 e0       	ldi	r26, 0x04	; 4

0000007a <.Loc.2>:
      7a:	b2 e0       	ldi	r27, 0x02	; 2

0000007c <.Loc.3>:
      7c:	01 c0       	rjmp	.+2      	; 0x80 <.Loc.5>

0000007e <.Loc.4>:
      7e:	1d 92       	st	X+, r1

00000080 <.Loc.5>:
      80:	a1 32       	cpi	r26, 0x21	; 33

00000082 <.Loc.6>:
      82:	b2 07       	cpc	r27, r18

00000084 <.Loc.7>:
      84:	e1 f7       	brne	.-8      	; 0x7e <.Loc.4>

00000086 <L0^A>:
      86:	0e 94 52 0a 	call	0x14a4	; 0x14a4 <main>
      8a:	0c 94 79 0d 	jmp	0x1af2	; 0x1af2 <_exit>

0000008e <__bad_interrupt>:
      8e:	0c 94 00 00 	jmp	0	; 0x0 <__vectors>

00000092 <Admin_Init>:
      92:	10 92 04 02 	sts	0x0204, r1	; 0x800204 <AdminLoggedIn>
      96:	08 95       	ret

00000098 <Admin_IsLoggedIn>:
      98:	80 91 04 02 	lds	r24, 0x0204	; 0x800204 <AdminLoggedIn>
      9c:	08 95       	ret

0000009e <Admin_Logout>:
      9e:	10 92 04 02 	sts	0x0204, r1	; 0x800204 <AdminLoggedIn>
      a2:	08 95       	ret

000000a4 <Admin_Login>:
      a4:	ef 92       	push	r14
      a6:	ff 92       	push	r15
      a8:	0f 93       	push	r16
      aa:	1f 93       	push	r17
      ac:	cf 93       	push	r28
      ae:	df 93       	push	r29
      b0:	00 d0       	rcall	.+0      	; 0xb2 <L0^A>

000000b2 <L0^A>:
      b2:	00 d0       	rcall	.+0      	; 0xb4 <L0^A>

000000b4 <L0^A>:
      b4:	cd b7       	in	r28, 0x3d	; 61
      b6:	de b7       	in	r29, 0x3e	; 62
      b8:	60 e0       	ldi	r22, 0x00	; 0
      ba:	80 e0       	ldi	r24, 0x00	; 0
      bc:	0e 94 03 06 	call	0xc06	; 0xc06 <LCD_GotoXY>
      c0:	60 e0       	ldi	r22, 0x00	; 0
      c2:	8c e8       	ldi	r24, 0x8C	; 140
      c4:	90 e0       	ldi	r25, 0x00	; 0
      c6:	0e 94 df 05 	call	0xbbe	; 0xbbe <LCD_WriteString>
      ca:	61 e0       	ldi	r22, 0x01	; 1
      cc:	80 e0       	ldi	r24, 0x00	; 0
      ce:	0e 94 03 06 	call	0xc06	; 0xc06 <LCD_GotoXY>
      d2:	8e 01       	movw	r16, r28
      d4:	0f 5f       	subi	r16, 0xFF	; 255
      d6:	1f 4f       	sbci	r17, 0xFF	; 255
      d8:	7e 01       	movw	r14, r28
      da:	25 e0       	ldi	r18, 0x05	; 5
      dc:	e2 0e       	add	r14, r18
      de:	f1 1c       	adc	r15, r1

000000e0 <.L6>:
      e0:	0e 94 1b 04 	call	0x836	; 0x836 <KeyPad_Getpressedkey>
      e4:	90 ed       	ldi	r25, 0xD0	; 208
      e6:	98 0f       	add	r25, r24
      e8:	9a 30       	cpi	r25, 0x0A	; 10
      ea:	d0 f7       	brcc	.-12     	; 0xe0 <.L6>
      ec:	f8 01       	movw	r30, r16
      ee:	81 93       	st	Z+, r24
      f0:	8f 01       	movw	r16, r30
      f2:	60 e0       	ldi	r22, 0x00	; 0
      f4:	8a e2       	ldi	r24, 0x2A	; 42
      f6:	0e 94 b0 04 	call	0x960	; 0x960 <LCD_WriteData>
      fa:	ff ef       	ldi	r31, 0xFF	; 255
      fc:	21 ee       	ldi	r18, 0xE1	; 225
      fe:	84 e0       	ldi	r24, 0x04	; 4

00000100 <.L1^B1>:
     100:	f1 50       	subi	r31, 0x01	; 1
     102:	20 40       	sbci	r18, 0x00	; 0
     104:	80 40       	sbci	r24, 0x00	; 0
     106:	e1 f7       	brne	.-8      	; 0x100 <.L1^B1>
     108:	00 c0       	rjmp	.+0      	; 0x10a <L0^A>

0000010a <L0^A>:
	...

0000010c <.L7>:
     10c:	0e 94 1b 04 	call	0x836	; 0x836 <KeyPad_Getpressedkey>
     110:	8f 3f       	cpi	r24, 0xFF	; 255
     112:	e1 f7       	brne	.-8      	; 0x10c <.L7>
     114:	0e 15       	cp	r16, r14
     116:	1f 05       	cpc	r17, r15
     118:	19 f7       	brne	.-58     	; 0xe0 <.L6>
     11a:	8a 81       	ldd	r24, Y+2	; 0x02
     11c:	82 33       	cpi	r24, 0x32	; 50
     11e:	e1 f0       	breq	.+56     	; 0x158 <.L14>

00000120 <.L9>:
     120:	10 92 04 02 	sts	0x0204, r1	; 0x800204 <AdminLoggedIn>
     124:	60 e0       	ldi	r22, 0x00	; 0
     126:	80 e0       	ldi	r24, 0x00	; 0
     128:	0e 94 03 06 	call	0xc06	; 0xc06 <LCD_GotoXY>
     12c:	60 e0       	ldi	r22, 0x00	; 0
     12e:	8f ea       	ldi	r24, 0xAF	; 175
     130:	90 e0       	ldi	r25, 0x00	; 0
     132:	0e 94 df 05 	call	0xbbe	; 0xbbe <LCD_WriteString>
     136:	41 e0       	ldi	r20, 0x01	; 1
     138:	64 e0       	ldi	r22, 0x04	; 4
     13a:	80 e0       	ldi	r24, 0x00	; 0
     13c:	0e 94 54 06 	call	0xca8	; 0xca8 <Led_on>
     140:	80 e0       	ldi	r24, 0x00	; 0

00000142 <.L5>:
     142:	0f 90       	pop	r0
     144:	0f 90       	pop	r0
     146:	0f 90       	pop	r0
     148:	0f 90       	pop	r0
     14a:	df 91       	pop	r29
     14c:	cf 91       	pop	r28
     14e:	1f 91       	pop	r17
     150:	0f 91       	pop	r16
     152:	ff 90       	pop	r15
     154:	ef 90       	pop	r14
     156:	08 95       	ret

00000158 <.L14>:
     158:	8b 81       	ldd	r24, Y+3	; 0x03
     15a:	83 33       	cpi	r24, 0x33	; 51
     15c:	09 f7       	brne	.-62     	; 0x120 <.L9>
     15e:	8c 81       	ldd	r24, Y+4	; 0x04
     160:	84 33       	cpi	r24, 0x34	; 52
     162:	f1 f6       	brne	.-68     	; 0x120 <.L9>
     164:	89 81       	ldd	r24, Y+1	; 0x01
     166:	81 33       	cpi	r24, 0x31	; 49
     168:	d9 f6       	brne	.-74     	; 0x120 <.L9>
     16a:	81 e0       	ldi	r24, 0x01	; 1
     16c:	80 93 04 02 	sts	0x0204, r24	; 0x800204 <AdminLoggedIn>
     170:	60 e0       	ldi	r22, 0x00	; 0
     172:	80 e0       	ldi	r24, 0x00	; 0
     174:	0e 94 03 06 	call	0xc06	; 0xc06 <LCD_GotoXY>
     178:	60 e0       	ldi	r22, 0x00	; 0
     17a:	86 e9       	ldi	r24, 0x96	; 150
     17c:	90 e0       	ldi	r25, 0x00	; 0
     17e:	0e 94 df 05 	call	0xbbe	; 0xbbe <LCD_WriteString>
     182:	82 ea       	ldi	r24, 0xA2	; 162
     184:	90 e0       	ldi	r25, 0x00	; 0
     186:	0e 94 5b 09 	call	0x12b6	; 0x12b6 <UART_SendStringPolling>
     18a:	41 e0       	ldi	r20, 0x01	; 1
     18c:	63 e0       	ldi	r22, 0x03	; 3
     18e:	80 e0       	ldi	r24, 0x00	; 0
     190:	0e 94 54 06 	call	0xca8	; 0xca8 <Led_on>
     194:	81 e0       	ldi	r24, 0x01	; 1
     196:	d5 cf       	rjmp	.-86     	; 0x142 <.L5>

00000198 <Admin_Process>:
     198:	80 91 04 02 	lds	r24, 0x0204	; 0x800204 <AdminLoggedIn>
     19c:	81 11       	cpse	r24, r1
     19e:	0b c0       	rjmp	.+22     	; 0x1b6 <.L24>
     1a0:	29 c0       	rjmp	.+82     	; 0x1f4 <.L30>

000001a2 <.L20>:
     1a2:	82 34       	cpi	r24, 0x42	; 66
     1a4:	21 f1       	breq	.+72     	; 0x1ee <.L31>
     1a6:	83 34       	cpi	r24, 0x43	; 67
     1a8:	51 f1       	breq	.+84     	; 0x1fe <.L32>
     1aa:	84 34       	cpi	r24, 0x44	; 68
     1ac:	e9 f0       	breq	.+58     	; 0x1e8 <.L33>

000001ae <.L29>:
     1ae:	80 91 04 02 	lds	r24, 0x0204	; 0x800204 <AdminLoggedIn>
     1b2:	81 15       	cp	r24, r1
     1b4:	19 f1       	breq	.+70     	; 0x1fc <.L15>

000001b6 <.L24>:
     1b6:	60 e0       	ldi	r22, 0x00	; 0
     1b8:	80 e0       	ldi	r24, 0x00	; 0
     1ba:	0e 94 03 06 	call	0xc06	; 0xc06 <LCD_GotoXY>
     1be:	60 e0       	ldi	r22, 0x00	; 0
     1c0:	8e eb       	ldi	r24, 0xBE	; 190
     1c2:	90 e0       	ldi	r25, 0x00	; 0
     1c4:	0e 94 df 05 	call	0xbbe	; 0xbbe <LCD_WriteString>
     1c8:	61 e0       	ldi	r22, 0x01	; 1
     1ca:	80 e0       	ldi	r24, 0x00	; 0
     1cc:	0e 94 03 06 	call	0xc06	; 0xc06 <LCD_GotoXY>
     1d0:	60 e0       	ldi	r22, 0x00	; 0
     1d2:	8d ec       	ldi	r24, 0xCD	; 205
     1d4:	90 e0       	ldi	r25, 0x00	; 0
     1d6:	0e 94 df 05 	call	0xbbe	; 0xbbe <LCD_WriteString>
     1da:	0e 94 1b 04 	call	0x836	; 0x836 <KeyPad_Getpressedkey>
     1de:	81 34       	cpi	r24, 0x41	; 65
     1e0:	01 f7       	brne	.-64     	; 0x1a2 <.L20>
     1e2:	0e 94 6a 02 	call	0x4d4	; 0x4d4 <GateController_OpenEntry>
     1e6:	e3 cf       	rjmp	.-58     	; 0x1ae <.L29>

000001e8 <.L33>:
     1e8:	10 92 04 02 	sts	0x0204, r1	; 0x800204 <AdminLoggedIn>
     1ec:	08 95       	ret

000001ee <.L31>:
     1ee:	0e 94 74 02 	call	0x4e8	; 0x4e8 <GateController_CloseEntry>
     1f2:	dd cf       	rjmp	.-70     	; 0x1ae <.L29>

000001f4 <.L30>:
     1f4:	0e 94 52 00 	call	0xa4	; 0xa4 <Admin_Login>
     1f8:	81 11       	cpse	r24, r1
     1fa:	d9 cf       	rjmp	.-78     	; 0x1ae <.L29>

000001fc <.L15>:
     1fc:	08 95       	ret

000001fe <.L32>:
     1fe:	0e 94 4d 03 	call	0x69a	; 0x69a <ParkingManager_Run>
     202:	8c ed       	ldi	r24, 0xDC	; 220
     204:	90 e0       	ldi	r25, 0x00	; 0
     206:	0e 94 5b 09 	call	0x12b6	; 0x12b6 <UART_SendStringPolling>
     20a:	d1 cf       	rjmp	.-94     	; 0x1ae <.L29>

0000020c <Entry_Init>:
     20c:	10 92 05 02 	sts	0x0205, r1	; 0x800205 <EntryFlag>
     210:	08 95       	ret

00000212 <Entry_Process>:
     212:	0f 93       	push	r16
     214:	1f 93       	push	r17
     216:	cf 93       	push	r28
     218:	df 93       	push	r29
     21a:	00 d0       	rcall	.+0      	; 0x21c <L0^A>

0000021c <L0^A>:
     21c:	00 d0       	rcall	.+0      	; 0x21e <L0^A>

0000021e <L0^A>:
     21e:	00 d0       	rcall	.+0      	; 0x220 <L0^A>

00000220 <L0^A>:
     220:	cd b7       	in	r28, 0x3d	; 61
     222:	de b7       	in	r29, 0x3e	; 62
     224:	0e 94 5c 02 	call	0x4b8	; 0x4b8 <Full_IsActive>
     228:	81 11       	cpse	r24, r1
     22a:	82 c0       	rjmp	.+260    	; 0x330 <.L18>
     22c:	60 e0       	ldi	r22, 0x00	; 0
     22e:	81 e0       	ldi	r24, 0x01	; 1
     230:	0e 94 00 05 	call	0xa00	; 0xa00 <LCD_WriteInstruction>
     234:	60 e0       	ldi	r22, 0x00	; 0
     236:	8a ee       	ldi	r24, 0xEA	; 234
     238:	90 e0       	ldi	r25, 0x00	; 0
     23a:	0e 94 df 05 	call	0xbbe	; 0xbbe <LCD_WriteString>
     23e:	0e 94 78 03 	call	0x6f0	; 0x6f0 <SpotCounter_GetAvailable>
     242:	68 2f       	mov	r22, r24
     244:	70 e0       	ldi	r23, 0x00	; 0
     246:	80 e0       	ldi	r24, 0x00	; 0
     248:	90 e0       	ldi	r25, 0x00	; 0
     24a:	40 e0       	ldi	r20, 0x00	; 0
     24c:	0e 94 15 06 	call	0xc2a	; 0xc2a <LCD_WriteNumber>
     250:	61 e0       	ldi	r22, 0x01	; 1
     252:	80 e0       	ldi	r24, 0x00	; 0
     254:	0e 94 03 06 	call	0xc06	; 0xc06 <LCD_GotoXY>
     258:	60 e0       	ldi	r22, 0x00	; 0
     25a:	86 ef       	ldi	r24, 0xF6	; 246
     25c:	90 e0       	ldi	r25, 0x00	; 0
     25e:	0e 94 df 05 	call	0xbbe	; 0xbbe <LCD_WriteString>

00000262 <.L6>:
     262:	0e 94 1b 04 	call	0x836	; 0x836 <KeyPad_Getpressedkey>
     266:	85 34       	cpi	r24, 0x45	; 69
     268:	e1 f7       	brne	.-8      	; 0x262 <.L6>
     26a:	60 e0       	ldi	r22, 0x00	; 0
     26c:	81 e0       	ldi	r24, 0x01	; 1
     26e:	0e 94 00 05 	call	0xa00	; 0xa00 <LCD_WriteInstruction>
     272:	60 e0       	ldi	r22, 0x00	; 0
     274:	8e ef       	ldi	r24, 0xFE	; 254
     276:	90 e0       	ldi	r25, 0x00	; 0
     278:	0e 94 df 05 	call	0xbbe	; 0xbbe <LCD_WriteString>
     27c:	61 e0       	ldi	r22, 0x01	; 1
     27e:	80 e0       	ldi	r24, 0x00	; 0
     280:	0e 94 03 06 	call	0xc06	; 0xc06 <LCD_GotoXY>
     284:	8e 01       	movw	r16, r28
     286:	0f 5f       	subi	r16, 0xFF	; 255
     288:	1f 4f       	sbci	r17, 0xFF	; 255
     28a:	ce 01       	movw	r24, r28
     28c:	05 96       	adiw	r24, 0x05	; 5
     28e:	8d 83       	std	Y+5, r24	; 0x05
     290:	9e 83       	std	Y+6, r25	; 0x06

00000292 <.L7>:
     292:	0e 94 1b 04 	call	0x836	; 0x836 <KeyPad_Getpressedkey>
     296:	90 ed       	ldi	r25, 0xD0	; 208
     298:	98 0f       	add	r25, r24
     29a:	9a 30       	cpi	r25, 0x0A	; 10
     29c:	d0 f7       	brcc	.-12     	; 0x292 <.L7>
     29e:	f8 01       	movw	r30, r16
     2a0:	81 93       	st	Z+, r24
     2a2:	8f 01       	movw	r16, r30
     2a4:	60 e0       	ldi	r22, 0x00	; 0
     2a6:	8a e2       	ldi	r24, 0x2A	; 42
     2a8:	0e 94 b0 04 	call	0x960	; 0x960 <LCD_WriteData>
     2ac:	8d 81       	ldd	r24, Y+5	; 0x05
     2ae:	9e 81       	ldd	r25, Y+6	; 0x06
     2b0:	08 17       	cp	r16, r24
     2b2:	19 07       	cpc	r17, r25
     2b4:	71 f7       	brne	.-36     	; 0x292 <.L7>
     2b6:	89 81       	ldd	r24, Y+1	; 0x01
     2b8:	81 33       	cpi	r24, 0x31	; 49
     2ba:	19 f4       	brne	.+6      	; 0x2c2 <.L9>
     2bc:	8a 81       	ldd	r24, Y+2	; 0x02
     2be:	82 33       	cpi	r24, 0x32	; 50
     2c0:	e1 f1       	breq	.+120    	; 0x33a <.L19>

000002c2 <.L9>:
     2c2:	60 e0       	ldi	r22, 0x00	; 0
     2c4:	81 e0       	ldi	r24, 0x01	; 1
     2c6:	0e 94 00 05 	call	0xa00	; 0xa00 <LCD_WriteInstruction>
     2ca:	60 e0       	ldi	r22, 0x00	; 0
     2cc:	8f ea       	ldi	r24, 0xAF	; 175
     2ce:	90 e0       	ldi	r25, 0x00	; 0
     2d0:	0e 94 df 05 	call	0xbbe	; 0xbbe <LCD_WriteString>
     2d4:	41 e0       	ldi	r20, 0x01	; 1
     2d6:	64 e0       	ldi	r22, 0x04	; 4
     2d8:	80 e0       	ldi	r24, 0x00	; 0
     2da:	0e 94 54 06 	call	0xca8	; 0xca8 <Led_on>
     2de:	41 e0       	ldi	r20, 0x01	; 1
     2e0:	63 e0       	ldi	r22, 0x03	; 3
     2e2:	80 e0       	ldi	r24, 0x00	; 0
     2e4:	0e 94 5c 06 	call	0xcb8	; 0xcb8 <Led_off>
     2e8:	2f ef       	ldi	r18, 0xFF	; 255
     2ea:	8e e9       	ldi	r24, 0x9E	; 158
     2ec:	94 e2       	ldi	r25, 0x24	; 36

000002ee <.L1^B1>:
     2ee:	21 50       	subi	r18, 0x01	; 1
     2f0:	80 40       	sbci	r24, 0x00	; 0
     2f2:	90 40       	sbci	r25, 0x00	; 0
     2f4:	e1 f7       	brne	.-8      	; 0x2ee <.L1^B1>
     2f6:	00 c0       	rjmp	.+0      	; 0x2f8 <L0^A>

000002f8 <L0^A>:
     2f8:	00 00       	nop
     2fa:	41 e0       	ldi	r20, 0x01	; 1
     2fc:	64 e0       	ldi	r22, 0x04	; 4
     2fe:	80 e0       	ldi	r24, 0x00	; 0
     300:	0e 94 5c 06 	call	0xcb8	; 0xcb8 <Led_off>
     304:	41 e0       	ldi	r20, 0x01	; 1
     306:	63 e0       	ldi	r22, 0x03	; 3
     308:	80 e0       	ldi	r24, 0x00	; 0
     30a:	0e 94 54 06 	call	0xca8	; 0xca8 <Led_on>
     30e:	60 e0       	ldi	r22, 0x00	; 0
     310:	81 e0       	ldi	r24, 0x01	; 1
     312:	0e 94 00 05 	call	0xa00	; 0xa00 <LCD_WriteInstruction>
     316:	10 92 05 02 	sts	0x0205, r1	; 0x800205 <EntryFlag>

0000031a <.L3>:
     31a:	0f 90       	pop	r0
     31c:	0f 90       	pop	r0
     31e:	0f 90       	pop	r0
     320:	0f 90       	pop	r0
     322:	0f 90       	pop	r0
     324:	0f 90       	pop	r0
     326:	df 91       	pop	r29
     328:	cf 91       	pop	r28
     32a:	1f 91       	pop	r17
     32c:	0f 91       	pop	r16
     32e:	08 95       	ret

00000330 <.L18>:
     330:	0e 94 2e 02 	call	0x45c	; 0x45c <Full_Activate>
     334:	10 92 05 02 	sts	0x0205, r1	; 0x800205 <EntryFlag>
     338:	f0 cf       	rjmp	.-32     	; 0x31a <.L3>

0000033a <.L19>:
     33a:	8b 81       	ldd	r24, Y+3	; 0x03
     33c:	83 33       	cpi	r24, 0x33	; 51
     33e:	09 f6       	brne	.-126    	; 0x2c2 <.L9>
     340:	8c 81       	ldd	r24, Y+4	; 0x04
     342:	84 33       	cpi	r24, 0x34	; 52
     344:	09 f0       	breq	.+2      	; 0x348 <L0^A+0x2>

00000346 <L0^A>:
     346:	bd cf       	rjmp	.-134    	; 0x2c2 <.L9>
     348:	60 e0       	ldi	r22, 0x00	; 0
     34a:	81 e0       	ldi	r24, 0x01	; 1
     34c:	0e 94 00 05 	call	0xa00	; 0xa00 <LCD_WriteInstruction>
     350:	60 e0       	ldi	r22, 0x00	; 0
     352:	8d e0       	ldi	r24, 0x0D	; 13
     354:	91 e0       	ldi	r25, 0x01	; 1
     356:	0e 94 df 05 	call	0xbbe	; 0xbbe <LCD_WriteString>
     35a:	0e 94 6a 02 	call	0x4d4	; 0x4d4 <GateController_OpenEntry>
     35e:	8c e1       	ldi	r24, 0x1C	; 28
     360:	91 e0       	ldi	r25, 0x01	; 1
     362:	0e 94 5b 09 	call	0x12b6	; 0x12b6 <UART_SendStringPolling>
     366:	0e 94 63 03 	call	0x6c6	; 0x6c6 <SpotCounter_Increment>
     36a:	9f ef       	ldi	r25, 0xFF	; 255
     36c:	e3 ed       	ldi	r30, 0xD3	; 211
     36e:	f0 e3       	ldi	r31, 0x30	; 48

00000370 <.L1^B2>:
     370:	91 50       	subi	r25, 0x01	; 1
     372:	e0 40       	sbci	r30, 0x00	; 0
     374:	f0 40       	sbci	r31, 0x00	; 0
     376:	e1 f7       	brne	.-8      	; 0x370 <.L1^B2>
     378:	00 c0       	rjmp	.+0      	; 0x37a <L0^A>

0000037a <L0^A>:
     37a:	00 00       	nop
     37c:	0e 94 74 02 	call	0x4e8	; 0x4e8 <GateController_CloseEntry>
     380:	0e 94 7e 03 	call	0x6fc	; 0x6fc <SpotCounter_Full>
     384:	81 15       	cp	r24, r1
     386:	29 f0       	breq	.+10     	; 0x392 <.L20>
     388:	0e 94 2e 02 	call	0x45c	; 0x45c <Full_Activate>

0000038c <.L13>:
     38c:	10 92 05 02 	sts	0x0205, r1	; 0x800205 <EntryFlag>
     390:	c4 cf       	rjmp	.-120    	; 0x31a <.L3>

00000392 <.L20>:
     392:	0e 94 45 02 	call	0x48a	; 0x48a <Full_Deactivate>
     396:	fa cf       	rjmp	.-12     	; 0x38c <.L13>

00000398 <Entry_ISR>:
     398:	81 e0       	ldi	r24, 0x01	; 1
     39a:	80 93 05 02 	sts	0x0205, r24	; 0x800205 <EntryFlag>
     39e:	08 95       	ret

000003a0 <Entry_IsDetected>:
     3a0:	80 91 05 02 	lds	r24, 0x0205	; 0x800205 <EntryFlag>
     3a4:	08 95       	ret

000003a6 <Error_Run>:
     3a6:	60 e0       	ldi	r22, 0x00	; 0
     3a8:	81 e0       	ldi	r24, 0x01	; 1
     3aa:	0e 94 00 05 	call	0xa00	; 0xa00 <LCD_WriteInstruction>
     3ae:	60 e0       	ldi	r22, 0x00	; 0
     3b0:	8e e2       	ldi	r24, 0x2E	; 46
     3b2:	91 e0       	ldi	r25, 0x01	; 1
     3b4:	0c 94 df 05 	jmp	0xbbe	; 0xbbe <LCD_WriteString>

000003b8 <Exit_ISR>:
     3b8:	81 e0       	ldi	r24, 0x01	; 1
     3ba:	80 93 06 02 	sts	0x0206, r24	; 0x800206 <ExitFlag>
     3be:	08 95       	ret

000003c0 <Exit_Init>:
     3c0:	10 92 06 02 	sts	0x0206, r1	; 0x800206 <ExitFlag>
     3c4:	08 95       	ret

000003c6 <Exit_Process>:
     3c6:	0e 94 7d 02 	call	0x4fa	; 0x4fa <GateController_OpenExit>
     3ca:	60 e0       	ldi	r22, 0x00	; 0
     3cc:	81 e0       	ldi	r24, 0x01	; 1
     3ce:	0e 94 00 05 	call	0xa00	; 0xa00 <LCD_WriteInstruction>
     3d2:	60 e0       	ldi	r22, 0x00	; 0
     3d4:	80 e0       	ldi	r24, 0x00	; 0
     3d6:	0e 94 03 06 	call	0xc06	; 0xc06 <LCD_GotoXY>
     3da:	60 e0       	ldi	r22, 0x00	; 0
     3dc:	8b e3       	ldi	r24, 0x3B	; 59
     3de:	91 e0       	ldi	r25, 0x01	; 1
     3e0:	0e 94 df 05 	call	0xbbe	; 0xbbe <LCD_WriteString>
     3e4:	0e 94 6d 03 	call	0x6da	; 0x6da <SpotCounter_Decrement>
     3e8:	8a e4       	ldi	r24, 0x4A	; 74
     3ea:	91 e0       	ldi	r25, 0x01	; 1
     3ec:	0e 94 5b 09 	call	0x12b6	; 0x12b6 <UART_SendStringPolling>
     3f0:	2f ef       	ldi	r18, 0xFF	; 255
     3f2:	83 ed       	ldi	r24, 0xD3	; 211
     3f4:	90 e3       	ldi	r25, 0x30	; 48

000003f6 <.L1^B1>:
     3f6:	21 50       	subi	r18, 0x01	; 1
     3f8:	80 40       	sbci	r24, 0x00	; 0
     3fa:	90 40       	sbci	r25, 0x00	; 0
     3fc:	e1 f7       	brne	.-8      	; 0x3f6 <.L1^B1>
     3fe:	00 c0       	rjmp	.+0      	; 0x400 <L0^A>

00000400 <L0^A>:
     400:	00 00       	nop
     402:	0e 94 87 02 	call	0x50e	; 0x50e <GateController_CloseExit>
     406:	0e 94 7e 03 	call	0x6fc	; 0x6fc <SpotCounter_Full>
     40a:	81 15       	cp	r24, r1
     40c:	31 f0       	breq	.+12     	; 0x41a <.L5>
     40e:	0e 94 2e 02 	call	0x45c	; 0x45c <Full_Activate>
     412:	60 e0       	ldi	r22, 0x00	; 0
     414:	81 e0       	ldi	r24, 0x01	; 1
     416:	0c 94 00 05 	jmp	0xa00	; 0xa00 <LCD_WriteInstruction>

0000041a <.L5>:
     41a:	0e 94 45 02 	call	0x48a	; 0x48a <Full_Deactivate>
     41e:	60 e0       	ldi	r22, 0x00	; 0
     420:	81 e0       	ldi	r24, 0x01	; 1
     422:	0c 94 00 05 	jmp	0xa00	; 0xa00 <LCD_WriteInstruction>

00000426 <Exit_IsDetected>:
     426:	80 91 06 02 	lds	r24, 0x0206	; 0x800206 <ExitFlag>
     42a:	81 30       	cpi	r24, 0x01	; 1
     42c:	11 f0       	breq	.+4      	; 0x432 <.L10>
     42e:	80 e0       	ldi	r24, 0x00	; 0
     430:	08 95       	ret

00000432 <.L10>:
     432:	10 92 06 02 	sts	0x0206, r1	; 0x800206 <ExitFlag>
     436:	08 95       	ret

00000438 <Full_Init>:
     438:	63 e0       	ldi	r22, 0x03	; 3
     43a:	80 e0       	ldi	r24, 0x00	; 0
     43c:	0e 94 51 06 	call	0xca2	; 0xca2 <Led_Init>
     440:	64 e0       	ldi	r22, 0x04	; 4
     442:	80 e0       	ldi	r24, 0x00	; 0
     444:	0e 94 51 06 	call	0xca2	; 0xca2 <Led_Init>
     448:	41 e0       	ldi	r20, 0x01	; 1
     44a:	63 e0       	ldi	r22, 0x03	; 3
     44c:	80 e0       	ldi	r24, 0x00	; 0
     44e:	0e 94 5c 06 	call	0xcb8	; 0xcb8 <Led_off>
     452:	41 e0       	ldi	r20, 0x01	; 1
     454:	64 e0       	ldi	r22, 0x04	; 4
     456:	80 e0       	ldi	r24, 0x00	; 0
     458:	0c 94 5c 06 	jmp	0xcb8	; 0xcb8 <Led_off>

0000045c <Full_Activate>:
     45c:	60 e0       	ldi	r22, 0x00	; 0
     45e:	81 e0       	ldi	r24, 0x01	; 1
     460:	0e 94 00 05 	call	0xa00	; 0xa00 <LCD_WriteInstruction>
     464:	60 e0       	ldi	r22, 0x00	; 0
     466:	8b e5       	ldi	r24, 0x5B	; 91
     468:	91 e0       	ldi	r25, 0x01	; 1
     46a:	0e 94 df 05 	call	0xbbe	; 0xbbe <LCD_WriteString>
     46e:	41 e0       	ldi	r20, 0x01	; 1
     470:	64 e0       	ldi	r22, 0x04	; 4
     472:	80 e0       	ldi	r24, 0x00	; 0
     474:	0e 94 54 06 	call	0xca8	; 0xca8 <Led_on>
     478:	41 e0       	ldi	r20, 0x01	; 1
     47a:	63 e0       	ldi	r22, 0x03	; 3
     47c:	80 e0       	ldi	r24, 0x00	; 0
     47e:	0e 94 5c 06 	call	0xcb8	; 0xcb8 <Led_off>
     482:	88 e6       	ldi	r24, 0x68	; 104
     484:	91 e0       	ldi	r25, 0x01	; 1
     486:	0c 94 5b 09 	jmp	0x12b6	; 0x12b6 <UART_SendStringPolling>

0000048a <Full_Deactivate>:
     48a:	60 e0       	ldi	r22, 0x00	; 0
     48c:	81 e0       	ldi	r24, 0x01	; 1
     48e:	0e 94 00 05 	call	0xa00	; 0xa00 <LCD_WriteInstruction>
     492:	60 e0       	ldi	r22, 0x00	; 0
     494:	86 e7       	ldi	r24, 0x76	; 118
     496:	91 e0       	ldi	r25, 0x01	; 1
     498:	0e 94 df 05 	call	0xbbe	; 0xbbe <LCD_WriteString>
     49c:	41 e0       	ldi	r20, 0x01	; 1
     49e:	63 e0       	ldi	r22, 0x03	; 3
     4a0:	80 e0       	ldi	r24, 0x00	; 0
     4a2:	0e 94 54 06 	call	0xca8	; 0xca8 <Led_on>
     4a6:	41 e0       	ldi	r20, 0x01	; 1
     4a8:	64 e0       	ldi	r22, 0x04	; 4
     4aa:	80 e0       	ldi	r24, 0x00	; 0
     4ac:	0e 94 5c 06 	call	0xcb8	; 0xcb8 <Led_off>
     4b0:	88 e8       	ldi	r24, 0x88	; 136
     4b2:	91 e0       	ldi	r25, 0x01	; 1
     4b4:	0c 94 5b 09 	jmp	0x12b6	; 0x12b6 <UART_SendStringPolling>

000004b8 <Full_IsActive>:
     4b8:	0e 94 78 03 	call	0x6f0	; 0x6f0 <SpotCounter_GetAvailable>
     4bc:	98 2f       	mov	r25, r24
     4be:	81 e0       	ldi	r24, 0x01	; 1
     4c0:	91 11       	cpse	r25, r1
     4c2:	80 e0       	ldi	r24, 0x00	; 0
     4c4:	08 95       	ret

000004c6 <GateController_Init>:
     4c6:	0e 94 86 03 	call	0x70c	; 0x70c <DCM_Init>
     4ca:	0e 94 b7 03 	call	0x76e	; 0x76e <DCM_CloseGate>
     4ce:	10 92 07 02 	sts	0x0207, r1	; 0x800207 <GateState>
     4d2:	08 95       	ret

000004d4 <GateController_OpenEntry>:
     4d4:	0e 94 9a 03 	call	0x734	; 0x734 <DCM_OpenGate>
     4d8:	8b e9       	ldi	r24, 0x9B	; 155
     4da:	91 e0       	ldi	r25, 0x01	; 1
     4dc:	0e 94 5b 09 	call	0x12b6	; 0x12b6 <UART_SendStringPolling>
     4e0:	81 e0       	ldi	r24, 0x01	; 1
     4e2:	80 93 07 02 	sts	0x0207, r24	; 0x800207 <GateState>
     4e6:	08 95       	ret

000004e8 <GateController_CloseEntry>:
     4e8:	0e 94 b7 03 	call	0x76e	; 0x76e <DCM_CloseGate>
     4ec:	8e ea       	ldi	r24, 0xAE	; 174
     4ee:	91 e0       	ldi	r25, 0x01	; 1
     4f0:	0e 94 5b 09 	call	0x12b6	; 0x12b6 <UART_SendStringPolling>
     4f4:	10 92 07 02 	sts	0x0207, r1	; 0x800207 <GateState>
     4f8:	08 95       	ret

000004fa <GateController_OpenExit>:
     4fa:	0e 94 9a 03 	call	0x734	; 0x734 <DCM_OpenGate>
     4fe:	81 ec       	ldi	r24, 0xC1	; 193
     500:	91 e0       	ldi	r25, 0x01	; 1
     502:	0e 94 5b 09 	call	0x12b6	; 0x12b6 <UART_SendStringPolling>
     506:	81 e0       	ldi	r24, 0x01	; 1
     508:	80 93 07 02 	sts	0x0207, r24	; 0x800207 <GateState>
     50c:	08 95       	ret

0000050e <GateController_CloseExit>:
     50e:	0e 94 b7 03 	call	0x76e	; 0x76e <DCM_CloseGate>
     512:	83 ed       	ldi	r24, 0xD3	; 211
     514:	91 e0       	ldi	r25, 0x01	; 1
     516:	0e 94 5b 09 	call	0x12b6	; 0x12b6 <UART_SendStringPolling>
     51a:	10 92 07 02 	sts	0x0207, r1	; 0x800207 <GateState>
     51e:	08 95       	ret

00000520 <GateController_GetState>:
     520:	80 91 07 02 	lds	r24, 0x0207	; 0x800207 <GateState>
     524:	08 95       	ret

00000526 <Idle_Init>:
     526:	0c 94 45 02 	jmp	0x48a	; 0x48a <Full_Deactivate>

0000052a <Idle_Run>:
     52a:	cf 93       	push	r28
     52c:	0e 94 78 03 	call	0x6f0	; 0x6f0 <SpotCounter_GetAvailable>
     530:	c8 2f       	mov	r28, r24
     532:	80 91 60 00 	lds	r24, 0x0060	; 0x800060 <prev_available.0>
     536:	8c 17       	cp	r24, r28
     538:	91 f0       	breq	.+36     	; 0x55e <.L3>
     53a:	60 e0       	ldi	r22, 0x00	; 0
     53c:	81 e0       	ldi	r24, 0x01	; 1
     53e:	0e 94 00 05 	call	0xa00	; 0xa00 <LCD_WriteInstruction>
     542:	60 e0       	ldi	r22, 0x00	; 0
     544:	8a ee       	ldi	r24, 0xEA	; 234
     546:	90 e0       	ldi	r25, 0x00	; 0
     548:	0e 94 df 05 	call	0xbbe	; 0xbbe <LCD_WriteString>
     54c:	6c 2f       	mov	r22, r28
     54e:	70 e0       	ldi	r23, 0x00	; 0
     550:	80 e0       	ldi	r24, 0x00	; 0
     552:	90 e0       	ldi	r25, 0x00	; 0
     554:	40 e0       	ldi	r20, 0x00	; 0
     556:	0e 94 15 06 	call	0xc2a	; 0xc2a <LCD_WriteNumber>
     55a:	c0 93 60 00 	sts	0x0060, r28	; 0x800060 <prev_available.0>

0000055e <.L3>:
     55e:	cf 91       	pop	r28
     560:	08 95       	ret

00000562 <App_Init>:
     562:	ef 92       	push	r14
     564:	ff 92       	push	r15
     566:	0f 93       	push	r16
     568:	1f 93       	push	r17
     56a:	cf 93       	push	r28
     56c:	df 93       	push	r29
     56e:	cd b7       	in	r28, 0x3d	; 61
     570:	de b7       	in	r29, 0x3e	; 62
     572:	2b 97       	sbiw	r28, 0x0b	; 11
     574:	0f b6       	in	r0, 0x3f	; 63
     576:	f8 94       	cli
     578:	de bf       	out	0x3e, r29	; 62
     57a:	0f be       	out	0x3f, r0	; 63
     57c:	cd bf       	out	0x3d, r28	; 61
     57e:	40 e0       	ldi	r20, 0x00	; 0
     580:	62 e0       	ldi	r22, 0x02	; 2
     582:	83 e0       	ldi	r24, 0x03	; 3
     584:	0e 94 67 06 	call	0xcce	; 0xcce <DIO_InitPin>
     588:	40 e0       	ldi	r20, 0x00	; 0
     58a:	63 e0       	ldi	r22, 0x03	; 3
     58c:	83 e0       	ldi	r24, 0x03	; 3
     58e:	0e 94 67 06 	call	0xcce	; 0xcce <DIO_InitPin>
     592:	41 e0       	ldi	r20, 0x01	; 1
     594:	62 e0       	ldi	r22, 0x02	; 2
     596:	83 e0       	ldi	r24, 0x03	; 3
     598:	0e 94 b5 06 	call	0xd6a	; 0xd6a <DIO_WritePin>
     59c:	41 e0       	ldi	r20, 0x01	; 1
     59e:	63 e0       	ldi	r22, 0x03	; 3
     5a0:	83 e0       	ldi	r24, 0x03	; 3
     5a2:	0e 94 b5 06 	call	0xd6a	; 0xd6a <DIO_WritePin>
     5a6:	66 e0       	ldi	r22, 0x06	; 6
     5a8:	86 e0       	ldi	r24, 0x06	; 6
     5aa:	0e 94 68 07 	call	0xed0	; 0xed0 <EXTI_Init>
     5ae:	66 e0       	ldi	r22, 0x06	; 6
     5b0:	87 e0       	ldi	r24, 0x07	; 7
     5b2:	0e 94 68 07 	call	0xed0	; 0xed0 <EXTI_Init>
     5b6:	6c ec       	ldi	r22, 0xCC	; 204
     5b8:	71 e0       	ldi	r23, 0x01	; 1
     5ba:	80 e0       	ldi	r24, 0x00	; 0
     5bc:	0e 94 eb 07 	call	0xfd6	; 0xfd6 <EXTI_CallBack>
     5c0:	6c ed       	ldi	r22, 0xDC	; 220
     5c2:	71 e0       	ldi	r23, 0x01	; 1
     5c4:	81 e0       	ldi	r24, 0x01	; 1
     5c6:	0e 94 eb 07 	call	0xfd6	; 0xfd6 <EXTI_CallBack>
     5ca:	86 e0       	ldi	r24, 0x06	; 6
     5cc:	0e 94 c5 07 	call	0xf8a	; 0xf8a <EXTI_Enable>
     5d0:	87 e0       	ldi	r24, 0x07	; 7
     5d2:	0e 94 c5 07 	call	0xf8a	; 0xf8a <EXTI_Enable>
     5d6:	0e 94 74 08 	call	0x10e8	; 0x10e8 <GIE_Enable>
     5da:	8b e0       	ldi	r24, 0x0B	; 11
     5dc:	e1 e6       	ldi	r30, 0x61	; 97
     5de:	f0 e0       	ldi	r31, 0x00	; 0
     5e0:	de 01       	movw	r26, r28
     5e2:	11 96       	adiw	r26, 0x01	; 1

000005e4 <.L0^B1>:
     5e4:	01 90       	ld	r0, Z+
     5e6:	0d 92       	st	X+, r0
     5e8:	8a 95       	dec	r24
     5ea:	e1 f7       	brne	.-8      	; 0x5e4 <.L0^B1>
     5ec:	e9 80       	ldd	r14, Y+1	; 0x01
     5ee:	fa 80       	ldd	r15, Y+2	; 0x02
     5f0:	0b 81       	ldd	r16, Y+3	; 0x03
     5f2:	1c 81       	ldd	r17, Y+4	; 0x04
     5f4:	2d 81       	ldd	r18, Y+5	; 0x05
     5f6:	3e 81       	ldd	r19, Y+6	; 0x06
     5f8:	4f 81       	ldd	r20, Y+7	; 0x07
     5fa:	58 85       	ldd	r21, Y+8	; 0x08
     5fc:	69 85       	ldd	r22, Y+9	; 0x09
     5fe:	7a 85       	ldd	r23, Y+10	; 0x0a
     600:	8b 85       	ldd	r24, Y+11	; 0x0b
     602:	0e 94 7c 08 	call	0x10f8	; 0x10f8 <UART_Init>
     606:	0e 94 de 03 	call	0x7bc	; 0x7bc <KeyPad_Init>
     60a:	80 e0       	ldi	r24, 0x00	; 0
     60c:	0e 94 50 05 	call	0xaa0	; 0xaa0 <LCD_Init>
     610:	63 e0       	ldi	r22, 0x03	; 3
     612:	80 e0       	ldi	r24, 0x00	; 0
     614:	0e 94 51 06 	call	0xca2	; 0xca2 <Led_Init>
     618:	64 e0       	ldi	r22, 0x04	; 4
     61a:	80 e0       	ldi	r24, 0x00	; 0
     61c:	0e 94 51 06 	call	0xca2	; 0xca2 <Led_Init>
     620:	84 e1       	ldi	r24, 0x14	; 20
     622:	0e 94 4b 03 	call	0x696	; 0x696 <ParkingManager_Init>
     626:	0e 94 06 01 	call	0x20c	; 0x20c <Entry_Init>
     62a:	0e 94 e0 01 	call	0x3c0	; 0x3c0 <Exit_Init>
     62e:	0e 94 63 02 	call	0x4c6	; 0x4c6 <GateController_Init>
     632:	0e 94 1c 02 	call	0x438	; 0x438 <Full_Init>
     636:	0e 94 49 00 	call	0x92	; 0x92 <Admin_Init>
     63a:	0e 94 93 02 	call	0x526	; 0x526 <Idle_Init>
     63e:	60 e0       	ldi	r22, 0x00	; 0
     640:	81 e0       	ldi	r24, 0x01	; 1
     642:	0e 94 00 05 	call	0xa00	; 0xa00 <LCD_WriteInstruction>
     646:	60 e0       	ldi	r22, 0x00	; 0
     648:	80 e0       	ldi	r24, 0x00	; 0
     64a:	0e 94 03 06 	call	0xc06	; 0xc06 <LCD_GotoXY>
     64e:	60 e0       	ldi	r22, 0x00	; 0
     650:	85 ee       	ldi	r24, 0xE5	; 229
     652:	91 e0       	ldi	r25, 0x01	; 1
     654:	0e 94 df 05 	call	0xbbe	; 0xbbe <LCD_WriteString>
     658:	60 e0       	ldi	r22, 0x00	; 0
     65a:	81 e0       	ldi	r24, 0x01	; 1
     65c:	0e 94 03 06 	call	0xc06	; 0xc06 <LCD_GotoXY>
     660:	60 e0       	ldi	r22, 0x00	; 0
     662:	80 ef       	ldi	r24, 0xF0	; 240
     664:	91 e0       	ldi	r25, 0x01	; 1
     666:	0e 94 df 05 	call	0xbbe	; 0xbbe <LCD_WriteString>
     66a:	2f ef       	ldi	r18, 0xFF	; 255
     66c:	83 ed       	ldi	r24, 0xD3	; 211
     66e:	90 e3       	ldi	r25, 0x30	; 48

00000670 <.L1^B1>:
     670:	21 50       	subi	r18, 0x01	; 1
     672:	80 40       	sbci	r24, 0x00	; 0
     674:	90 40       	sbci	r25, 0x00	; 0
     676:	e1 f7       	brne	.-8      	; 0x670 <.L1^B1>
     678:	00 c0       	rjmp	.+0      	; 0x67a <L0^A>

0000067a <L0^A>:
     67a:	00 00       	nop
     67c:	2b 96       	adiw	r28, 0x0b	; 11
     67e:	0f b6       	in	r0, 0x3f	; 63
     680:	f8 94       	cli
     682:	de bf       	out	0x3e, r29	; 62
     684:	0f be       	out	0x3f, r0	; 63
     686:	cd bf       	out	0x3d, r28	; 61
     688:	df 91       	pop	r29
     68a:	cf 91       	pop	r28
     68c:	1f 91       	pop	r17
     68e:	0f 91       	pop	r16
     690:	ff 90       	pop	r15
     692:	ef 90       	pop	r14
     694:	08 95       	ret

00000696 <ParkingManager_Init>:
     696:	0c 94 5e 03 	jmp	0x6bc	; 0x6bc <SpotCounter_Init>

0000069a <ParkingManager_Run>:
     69a:	0e 94 d0 01 	call	0x3a0	; 0x3a0 <Entry_IsDetected>
     69e:	81 11       	cpse	r24, r1
     6a0:	05 c0       	rjmp	.+10     	; 0x6ac <.L9>
     6a2:	0e 94 13 02 	call	0x426	; 0x426 <Exit_IsDetected>
     6a6:	81 11       	cpse	r24, r1
     6a8:	07 c0       	rjmp	.+14     	; 0x6b8 <.L10>

000006aa <.L3>:
     6aa:	08 95       	ret

000006ac <.L9>:
     6ac:	0e 94 09 01 	call	0x212	; 0x212 <Entry_Process>
     6b0:	0e 94 13 02 	call	0x426	; 0x426 <Exit_IsDetected>
     6b4:	81 15       	cp	r24, r1
     6b6:	c9 f3       	breq	.-14     	; 0x6aa <.L3>

000006b8 <.L10>:
     6b8:	0c 94 e3 01 	jmp	0x3c6	; 0x3c6 <Exit_Process>

000006bc <SpotCounter_Init>:
     6bc:	80 93 09 02 	sts	0x0209, r24	; 0x800209 <TotalSpots>
     6c0:	10 92 08 02 	sts	0x0208, r1	; 0x800208 <OccupiedSpots>
     6c4:	08 95       	ret

000006c6 <SpotCounter_Increment>:
     6c6:	80 91 08 02 	lds	r24, 0x0208	; 0x800208 <OccupiedSpots>
     6ca:	90 91 09 02 	lds	r25, 0x0209	; 0x800209 <TotalSpots>
     6ce:	89 17       	cp	r24, r25
     6d0:	18 f4       	brcc	.+6      	; 0x6d8 <.L3>
     6d2:	8f 5f       	subi	r24, 0xFF	; 255
     6d4:	80 93 08 02 	sts	0x0208, r24	; 0x800208 <OccupiedSpots>

000006d8 <.L3>:
     6d8:	08 95       	ret

000006da <SpotCounter_Decrement>:
     6da:	80 91 08 02 	lds	r24, 0x0208	; 0x800208 <OccupiedSpots>
     6de:	81 15       	cp	r24, r1
     6e0:	19 f0       	breq	.+6      	; 0x6e8 <.L5>
     6e2:	81 50       	subi	r24, 0x01	; 1
     6e4:	80 93 08 02 	sts	0x0208, r24	; 0x800208 <OccupiedSpots>

000006e8 <.L5>:
     6e8:	08 95       	ret

000006ea <SpotCounter_GetOccupied>:
     6ea:	80 91 08 02 	lds	r24, 0x0208	; 0x800208 <OccupiedSpots>
     6ee:	08 95       	ret

000006f0 <SpotCounter_GetAvailable>:
     6f0:	80 91 09 02 	lds	r24, 0x0209	; 0x800209 <TotalSpots>
     6f4:	90 91 08 02 	lds	r25, 0x0208	; 0x800208 <OccupiedSpots>
     6f8:	89 1b       	sub	r24, r25
     6fa:	08 95       	ret

000006fc <SpotCounter_Full>:
     6fc:	81 e0       	ldi	r24, 0x01	; 1
     6fe:	20 91 08 02 	lds	r18, 0x0208	; 0x800208 <OccupiedSpots>
     702:	90 91 09 02 	lds	r25, 0x0209	; 0x800209 <TotalSpots>
     706:	29 13       	cpse	r18, r25
     708:	80 e0       	ldi	r24, 0x00	; 0
     70a:	08 95       	ret

0000070c <DCM_Init>:
     70c:	41 e0       	ldi	r20, 0x01	; 1
     70e:	65 e0       	ldi	r22, 0x05	; 5
     710:	83 e0       	ldi	r24, 0x03	; 3
     712:	0e 94 67 06 	call	0xcce	; 0xcce <DIO_InitPin>
     716:	41 e0       	ldi	r20, 0x01	; 1
     718:	66 e0       	ldi	r22, 0x06	; 6
     71a:	83 e0       	ldi	r24, 0x03	; 3
     71c:	0e 94 67 06 	call	0xcce	; 0xcce <DIO_InitPin>
     720:	40 e0       	ldi	r20, 0x00	; 0
     722:	65 e0       	ldi	r22, 0x05	; 5
     724:	83 e0       	ldi	r24, 0x03	; 3
     726:	0e 94 b5 06 	call	0xd6a	; 0xd6a <DIO_WritePin>
     72a:	40 e0       	ldi	r20, 0x00	; 0
     72c:	66 e0       	ldi	r22, 0x06	; 6
     72e:	83 e0       	ldi	r24, 0x03	; 3
     730:	0c 94 b5 06 	jmp	0xd6a	; 0xd6a <DIO_WritePin>

00000734 <DCM_OpenGate>:
     734:	41 e0       	ldi	r20, 0x01	; 1
     736:	65 e0       	ldi	r22, 0x05	; 5
     738:	83 e0       	ldi	r24, 0x03	; 3
     73a:	0e 94 b5 06 	call	0xd6a	; 0xd6a <DIO_WritePin>
     73e:	40 e0       	ldi	r20, 0x00	; 0
     740:	66 e0       	ldi	r22, 0x06	; 6
     742:	83 e0       	ldi	r24, 0x03	; 3
     744:	0e 94 b5 06 	call	0xd6a	; 0xd6a <DIO_WritePin>
     748:	2f ef       	ldi	r18, 0xFF	; 255
     74a:	82 e5       	ldi	r24, 0x52	; 82
     74c:	97 e0       	ldi	r25, 0x07	; 7

0000074e <.L1^B1>:
     74e:	21 50       	subi	r18, 0x01	; 1
     750:	80 40       	sbci	r24, 0x00	; 0
     752:	90 40       	sbci	r25, 0x00	; 0
     754:	e1 f7       	brne	.-8      	; 0x74e <.L1^B1>
     756:	00 c0       	rjmp	.+0      	; 0x758 <L0^A>

00000758 <L0^A>:
     758:	00 00       	nop
     75a:	40 e0       	ldi	r20, 0x00	; 0
     75c:	65 e0       	ldi	r22, 0x05	; 5
     75e:	83 e0       	ldi	r24, 0x03	; 3
     760:	0e 94 b5 06 	call	0xd6a	; 0xd6a <DIO_WritePin>
     764:	40 e0       	ldi	r20, 0x00	; 0
     766:	66 e0       	ldi	r22, 0x06	; 6
     768:	83 e0       	ldi	r24, 0x03	; 3
     76a:	0c 94 b5 06 	jmp	0xd6a	; 0xd6a <DIO_WritePin>

0000076e <DCM_CloseGate>:
     76e:	40 e0       	ldi	r20, 0x00	; 0
     770:	65 e0       	ldi	r22, 0x05	; 5
     772:	83 e0       	ldi	r24, 0x03	; 3
     774:	0e 94 b5 06 	call	0xd6a	; 0xd6a <DIO_WritePin>
     778:	41 e0       	ldi	r20, 0x01	; 1
     77a:	66 e0       	ldi	r22, 0x06	; 6
     77c:	83 e0       	ldi	r24, 0x03	; 3
     77e:	0e 94 b5 06 	call	0xd6a	; 0xd6a <DIO_WritePin>
     782:	2f ef       	ldi	r18, 0xFF	; 255
     784:	82 e5       	ldi	r24, 0x52	; 82
     786:	97 e0       	ldi	r25, 0x07	; 7

00000788 <.L1^B2>:
     788:	21 50       	subi	r18, 0x01	; 1
     78a:	80 40       	sbci	r24, 0x00	; 0
     78c:	90 40       	sbci	r25, 0x00	; 0
     78e:	e1 f7       	brne	.-8      	; 0x788 <.L1^B2>
     790:	00 c0       	rjmp	.+0      	; 0x792 <L0^A>

00000792 <L0^A>:
     792:	00 00       	nop
     794:	40 e0       	ldi	r20, 0x00	; 0
     796:	65 e0       	ldi	r22, 0x05	; 5
     798:	83 e0       	ldi	r24, 0x03	; 3
     79a:	0e 94 b5 06 	call	0xd6a	; 0xd6a <DIO_WritePin>
     79e:	40 e0       	ldi	r20, 0x00	; 0
     7a0:	66 e0       	ldi	r22, 0x06	; 6
     7a2:	83 e0       	ldi	r24, 0x03	; 3
     7a4:	0c 94 b5 06 	jmp	0xd6a	; 0xd6a <DIO_WritePin>

000007a8 <DCM_Stop>:
     7a8:	40 e0       	ldi	r20, 0x00	; 0
     7aa:	65 e0       	ldi	r22, 0x05	; 5
     7ac:	83 e0       	ldi	r24, 0x03	; 3
     7ae:	0e 94 b5 06 	call	0xd6a	; 0xd6a <DIO_WritePin>
     7b2:	40 e0       	ldi	r20, 0x00	; 0
     7b4:	66 e0       	ldi	r22, 0x06	; 6
     7b6:	83 e0       	ldi	r24, 0x03	; 3
     7b8:	0c 94 b5 06 	jmp	0xd6a	; 0xd6a <DIO_WritePin>

000007bc <KeyPad_Init>:
     7bc:	ef 92       	push	r14
     7be:	ff 92       	push	r15
     7c0:	0f 93       	push	r16
     7c2:	1f 93       	push	r17
     7c4:	cf 93       	push	r28
     7c6:	df 93       	push	r29
     7c8:	c4 e8       	ldi	r28, 0x84	; 132
     7ca:	d0 e0       	ldi	r29, 0x00	; 0
     7cc:	98 e8       	ldi	r25, 0x88	; 136
     7ce:	e9 2e       	mov	r14, r25
     7d0:	90 e0       	ldi	r25, 0x00	; 0
     7d2:	f9 2e       	mov	r15, r25

000007d4 <.L2>:
     7d4:	09 91       	ld	r16, Y+
     7d6:	f7 01       	movw	r30, r14
     7d8:	11 91       	ld	r17, Z+
     7da:	7f 01       	movw	r14, r30
     7dc:	40 e0       	ldi	r20, 0x00	; 0
     7de:	60 2f       	mov	r22, r16
     7e0:	81 2f       	mov	r24, r17
     7e2:	0e 94 67 06 	call	0xcce	; 0xcce <DIO_InitPin>
     7e6:	41 e0       	ldi	r20, 0x01	; 1
     7e8:	60 2f       	mov	r22, r16
     7ea:	81 2f       	mov	r24, r17
     7ec:	0e 94 b5 06 	call	0xd6a	; 0xd6a <DIO_WritePin>
     7f0:	f0 e0       	ldi	r31, 0x00	; 0
     7f2:	c8 38       	cpi	r28, 0x88	; 136
     7f4:	df 07       	cpc	r29, r31
     7f6:	71 f7       	brne	.-36     	; 0x7d4 <.L2>
     7f8:	cc e7       	ldi	r28, 0x7C	; 124
     7fa:	d0 e0       	ldi	r29, 0x00	; 0
     7fc:	80 e8       	ldi	r24, 0x80	; 128
     7fe:	e8 2e       	mov	r14, r24
     800:	80 e0       	ldi	r24, 0x00	; 0
     802:	f8 2e       	mov	r15, r24

00000804 <.L3>:
     804:	09 91       	ld	r16, Y+
     806:	f7 01       	movw	r30, r14
     808:	11 91       	ld	r17, Z+
     80a:	7f 01       	movw	r14, r30
     80c:	41 e0       	ldi	r20, 0x01	; 1
     80e:	60 2f       	mov	r22, r16
     810:	81 2f       	mov	r24, r17
     812:	0e 94 67 06 	call	0xcce	; 0xcce <DIO_InitPin>
     816:	41 e0       	ldi	r20, 0x01	; 1
     818:	60 2f       	mov	r22, r16
     81a:	81 2f       	mov	r24, r17
     81c:	0e 94 b5 06 	call	0xd6a	; 0xd6a <DIO_WritePin>
     820:	f0 e0       	ldi	r31, 0x00	; 0
     822:	c0 38       	cpi	r28, 0x80	; 128
     824:	df 07       	cpc	r29, r31
     826:	71 f7       	brne	.-36     	; 0x804 <.L3>
     828:	df 91       	pop	r29
     82a:	cf 91       	pop	r28
     82c:	1f 91       	pop	r17
     82e:	0f 91       	pop	r16
     830:	ff 90       	pop	r15
     832:	ef 90       	pop	r14
     834:	08 95       	ret

00000836 <KeyPad_Getpressedkey>:
     836:	2f 92       	push	r2
     838:	3f 92       	push	r3
     83a:	4f 92       	push	r4
     83c:	5f 92       	push	r5
     83e:	6f 92       	push	r6
     840:	7f 92       	push	r7
     842:	8f 92       	push	r8
     844:	9f 92       	push	r9
     846:	af 92       	push	r10
     848:	bf 92       	push	r11
     84a:	cf 92       	push	r12
     84c:	df 92       	push	r13
     84e:	ef 92       	push	r14
     850:	ff 92       	push	r15
     852:	0f 93       	push	r16
     854:	1f 93       	push	r17
     856:	cf 93       	push	r28
     858:	df 93       	push	r29
     85a:	0f 92       	push	r0
     85c:	cd b7       	in	r28, 0x3d	; 61
     85e:	de b7       	in	r29, 0x3e	; 62
     860:	19 82       	std	Y+1, r1	; 0x01
     862:	5c e7       	ldi	r21, 0x7C	; 124
     864:	85 2e       	mov	r8, r21
     866:	50 e0       	ldi	r21, 0x00	; 0
     868:	95 2e       	mov	r9, r21
     86a:	60 e8       	ldi	r22, 0x80	; 128
     86c:	66 2e       	mov	r6, r22
     86e:	60 e0       	ldi	r22, 0x00	; 0
     870:	76 2e       	mov	r7, r22
     872:	a1 2c       	mov	r10, r1
     874:	b1 2c       	mov	r11, r1

00000876 <.L12>:
     876:	f4 01       	movw	r30, r8
     878:	20 80       	ld	r2, Z
     87a:	f3 01       	movw	r30, r6
     87c:	30 80       	ld	r3, Z
     87e:	40 e0       	ldi	r20, 0x00	; 0
     880:	62 2d       	mov	r22, r2
     882:	83 2d       	mov	r24, r3
     884:	0e 94 b5 06 	call	0xd6a	; 0xd6a <DIO_WritePin>
     888:	34 e8       	ldi	r19, 0x84	; 132
     88a:	c3 2e       	mov	r12, r19
     88c:	30 e0       	ldi	r19, 0x00	; 0
     88e:	d3 2e       	mov	r13, r19
     890:	48 e8       	ldi	r20, 0x88	; 136
     892:	e4 2e       	mov	r14, r20
     894:	40 e0       	ldi	r20, 0x00	; 0
     896:	f4 2e       	mov	r15, r20
     898:	00 e0       	ldi	r16, 0x00	; 0
     89a:	10 e0       	ldi	r17, 0x00	; 0

0000089c <.L11>:
     89c:	f6 01       	movw	r30, r12
     89e:	50 80       	ld	r5, Z
     8a0:	f7 01       	movw	r30, r14
     8a2:	40 80       	ld	r4, Z
     8a4:	ae 01       	movw	r20, r28
     8a6:	4f 5f       	subi	r20, 0xFF	; 255
     8a8:	5f 4f       	sbci	r21, 0xFF	; 255
     8aa:	65 2d       	mov	r22, r5
     8ac:	84 2d       	mov	r24, r4
     8ae:	0e 94 03 07 	call	0xe06	; 0xe06 <DIO_ReadPin>
     8b2:	89 81       	ldd	r24, Y+1	; 0x01
     8b4:	81 15       	cp	r24, r1
     8b6:	99 f1       	breq	.+102    	; 0x91e <.L17>
     8b8:	9f ef       	ldi	r25, 0xFF	; 255
     8ba:	c9 1a       	sub	r12, r25
     8bc:	d9 0a       	sbc	r13, r25
     8be:	ef ef       	ldi	r30, 0xFF	; 255
     8c0:	ee 1a       	sub	r14, r30
     8c2:	fe 0a       	sbc	r15, r30
     8c4:	0f 5f       	subi	r16, 0xFF	; 255
     8c6:	1f 4f       	sbci	r17, 0xFF	; 255
     8c8:	04 30       	cpi	r16, 0x04	; 4
     8ca:	11 05       	cpc	r17, r1
     8cc:	39 f7       	brne	.-50     	; 0x89c <.L11>
     8ce:	ff ef       	ldi	r31, 0xFF	; 255
     8d0:	8f 1a       	sub	r8, r31
     8d2:	9f 0a       	sbc	r9, r31
     8d4:	8f ef       	ldi	r24, 0xFF	; 255
     8d6:	68 1a       	sub	r6, r24
     8d8:	78 0a       	sbc	r7, r24
     8da:	41 e0       	ldi	r20, 0x01	; 1
     8dc:	62 2d       	mov	r22, r2
     8de:	83 2d       	mov	r24, r3
     8e0:	0e 94 b5 06 	call	0xd6a	; 0xd6a <DIO_WritePin>
     8e4:	9f ef       	ldi	r25, 0xFF	; 255
     8e6:	a9 1a       	sub	r10, r25
     8e8:	b9 0a       	sbc	r11, r25
     8ea:	e4 e0       	ldi	r30, 0x04	; 4
     8ec:	ae 16       	cp	r10, r30
     8ee:	b1 04       	cpc	r11, r1
     8f0:	11 f6       	brne	.-124    	; 0x876 <.L12>
     8f2:	1f ef       	ldi	r17, 0xFF	; 255

000008f4 <.L7>:
     8f4:	81 2f       	mov	r24, r17
     8f6:	0f 90       	pop	r0
     8f8:	df 91       	pop	r29
     8fa:	cf 91       	pop	r28
     8fc:	1f 91       	pop	r17
     8fe:	0f 91       	pop	r16
     900:	ff 90       	pop	r15
     902:	ef 90       	pop	r14
     904:	df 90       	pop	r13
     906:	cf 90       	pop	r12
     908:	bf 90       	pop	r11
     90a:	af 90       	pop	r10
     90c:	9f 90       	pop	r9
     90e:	8f 90       	pop	r8
     910:	7f 90       	pop	r7
     912:	6f 90       	pop	r6
     914:	5f 90       	pop	r5
     916:	4f 90       	pop	r4
     918:	3f 90       	pop	r3
     91a:	2f 90       	pop	r2
     91c:	08 95       	ret

0000091e <.L17>:
     91e:	c5 01       	movw	r24, r10
     920:	88 0f       	add	r24, r24
     922:	99 1f       	adc	r25, r25
     924:	88 0f       	add	r24, r24
     926:	99 1f       	adc	r25, r25
     928:	84 59       	subi	r24, 0x94	; 148
     92a:	9f 4f       	sbci	r25, 0xFF	; 255
     92c:	fc 01       	movw	r30, r24
     92e:	e0 0f       	add	r30, r16
     930:	f1 1f       	adc	r31, r17
     932:	10 81       	ld	r17, Z

00000934 <.L9>:
     934:	ae 01       	movw	r20, r28
     936:	4f 5f       	subi	r20, 0xFF	; 255
     938:	5f 4f       	sbci	r21, 0xFF	; 255
     93a:	65 2d       	mov	r22, r5
     93c:	84 2d       	mov	r24, r4
     93e:	0e 94 03 07 	call	0xe06	; 0xe06 <DIO_ReadPin>
     942:	89 81       	ldd	r24, Y+1	; 0x01
     944:	81 15       	cp	r24, r1
     946:	b1 f3       	breq	.-20     	; 0x934 <.L9>
     948:	8f e3       	ldi	r24, 0x3F	; 63
     94a:	9c e9       	ldi	r25, 0x9C	; 156

0000094c <.L1^B1>:
     94c:	01 97       	sbiw	r24, 0x01	; 1
     94e:	f1 f7       	brne	.-4      	; 0x94c <.L1^B1>
     950:	00 c0       	rjmp	.+0      	; 0x952 <L0^A>

00000952 <L0^A>:
     952:	00 00       	nop
     954:	41 e0       	ldi	r20, 0x01	; 1
     956:	62 2d       	mov	r22, r2
     958:	83 2d       	mov	r24, r3
     95a:	0e 94 b5 06 	call	0xd6a	; 0xd6a <DIO_WritePin>
     95e:	ca cf       	rjmp	.-108    	; 0x8f4 <.L7>

00000960 <LCD_WriteData>:
     960:	cf 93       	push	r28
     962:	df 93       	push	r29
     964:	0f 92       	push	r0
     966:	cd b7       	in	r28, 0x3d	; 61
     968:	de b7       	in	r29, 0x3e	; 62
     96a:	89 83       	std	Y+1, r24	; 0x01
     96c:	61 30       	cpi	r22, 0x01	; 1
     96e:	e1 f1       	breq	.+120    	; 0x9e8 <.L6>
     970:	20 f0       	brcs	.+8      	; 0x97a <.L7>
     972:	0f 90       	pop	r0
     974:	df 91       	pop	r29
     976:	cf 91       	pop	r28
     978:	08 95       	ret

0000097a <.L7>:
     97a:	41 e0       	ldi	r20, 0x01	; 1
     97c:	80 e0       	ldi	r24, 0x00	; 0
     97e:	0e 94 b5 06 	call	0xd6a	; 0xd6a <DIO_WritePin>
     982:	40 e0       	ldi	r20, 0x00	; 0
     984:	61 e0       	ldi	r22, 0x01	; 1
     986:	80 e0       	ldi	r24, 0x00	; 0
     988:	0e 94 b5 06 	call	0xd6a	; 0xd6a <DIO_WritePin>
     98c:	69 81       	ldd	r22, Y+1	; 0x01
     98e:	60 7f       	andi	r22, 0xF0	; 240
     990:	81 e0       	ldi	r24, 0x01	; 1
     992:	0e 94 f3 06 	call	0xde6	; 0xde6 <DIO_WriteGroup>
     996:	41 e0       	ldi	r20, 0x01	; 1
     998:	62 e0       	ldi	r22, 0x02	; 2
     99a:	80 e0       	ldi	r24, 0x00	; 0
     99c:	0e 94 b5 06 	call	0xd6a	; 0xd6a <DIO_WritePin>
     9a0:	8f ec       	ldi	r24, 0xCF	; 207
     9a2:	97 e0       	ldi	r25, 0x07	; 7

000009a4 <.L1^B1>:
     9a4:	01 97       	sbiw	r24, 0x01	; 1
     9a6:	f1 f7       	brne	.-4      	; 0x9a4 <.L1^B1>
     9a8:	00 c0       	rjmp	.+0      	; 0x9aa <L0^A>

000009aa <L0^A>:
     9aa:	00 00       	nop
     9ac:	40 e0       	ldi	r20, 0x00	; 0
     9ae:	62 e0       	ldi	r22, 0x02	; 2
     9b0:	80 e0       	ldi	r24, 0x00	; 0
     9b2:	0e 94 b5 06 	call	0xd6a	; 0xd6a <DIO_WritePin>
     9b6:	69 81       	ldd	r22, Y+1	; 0x01
     9b8:	62 95       	swap	r22
     9ba:	60 7f       	andi	r22, 0xF0	; 240

000009bc <.L4>:
     9bc:	81 e0       	ldi	r24, 0x01	; 1
     9be:	0e 94 f3 06 	call	0xde6	; 0xde6 <DIO_WriteGroup>
     9c2:	41 e0       	ldi	r20, 0x01	; 1
     9c4:	62 e0       	ldi	r22, 0x02	; 2
     9c6:	80 e0       	ldi	r24, 0x00	; 0
     9c8:	0e 94 b5 06 	call	0xd6a	; 0xd6a <DIO_WritePin>
     9cc:	8f ec       	ldi	r24, 0xCF	; 207
     9ce:	97 e0       	ldi	r25, 0x07	; 7

000009d0 <.L1^B2>:
     9d0:	01 97       	sbiw	r24, 0x01	; 1
     9d2:	f1 f7       	brne	.-4      	; 0x9d0 <.L1^B2>
     9d4:	00 c0       	rjmp	.+0      	; 0x9d6 <L0^A>

000009d6 <L0^A>:
     9d6:	00 00       	nop
     9d8:	40 e0       	ldi	r20, 0x00	; 0
     9da:	62 e0       	ldi	r22, 0x02	; 2
     9dc:	80 e0       	ldi	r24, 0x00	; 0
     9de:	0f 90       	pop	r0
     9e0:	df 91       	pop	r29
     9e2:	cf 91       	pop	r28
     9e4:	0c 94 b5 06 	jmp	0xd6a	; 0xd6a <DIO_WritePin>

000009e8 <.L6>:
     9e8:	41 e0       	ldi	r20, 0x01	; 1
     9ea:	60 e0       	ldi	r22, 0x00	; 0
     9ec:	80 e0       	ldi	r24, 0x00	; 0
     9ee:	0e 94 b5 06 	call	0xd6a	; 0xd6a <DIO_WritePin>
     9f2:	40 e0       	ldi	r20, 0x00	; 0
     9f4:	61 e0       	ldi	r22, 0x01	; 1
     9f6:	80 e0       	ldi	r24, 0x00	; 0
     9f8:	0e 94 b5 06 	call	0xd6a	; 0xd6a <DIO_WritePin>
     9fc:	69 81       	ldd	r22, Y+1	; 0x01
     9fe:	de cf       	rjmp	.-68     	; 0x9bc <.L4>

00000a00 <LCD_WriteInstruction>:
     a00:	cf 93       	push	r28
     a02:	df 93       	push	r29
     a04:	0f 92       	push	r0
     a06:	cd b7       	in	r28, 0x3d	; 61
     a08:	de b7       	in	r29, 0x3e	; 62
     a0a:	89 83       	std	Y+1, r24	; 0x01
     a0c:	61 30       	cpi	r22, 0x01	; 1
     a0e:	e1 f1       	breq	.+120    	; 0xa88 <.L12>
     a10:	20 f0       	brcs	.+8      	; 0xa1a <.L13>
     a12:	0f 90       	pop	r0
     a14:	df 91       	pop	r29
     a16:	cf 91       	pop	r28
     a18:	08 95       	ret

00000a1a <.L13>:
     a1a:	40 e0       	ldi	r20, 0x00	; 0
     a1c:	80 e0       	ldi	r24, 0x00	; 0
     a1e:	0e 94 b5 06 	call	0xd6a	; 0xd6a <DIO_WritePin>
     a22:	40 e0       	ldi	r20, 0x00	; 0
     a24:	61 e0       	ldi	r22, 0x01	; 1
     a26:	80 e0       	ldi	r24, 0x00	; 0
     a28:	0e 94 b5 06 	call	0xd6a	; 0xd6a <DIO_WritePin>
     a2c:	69 81       	ldd	r22, Y+1	; 0x01
     a2e:	60 7f       	andi	r22, 0xF0	; 240
     a30:	81 e0       	ldi	r24, 0x01	; 1
     a32:	0e 94 f3 06 	call	0xde6	; 0xde6 <DIO_WriteGroup>
     a36:	41 e0       	ldi	r20, 0x01	; 1
     a38:	62 e0       	ldi	r22, 0x02	; 2
     a3a:	80 e0       	ldi	r24, 0x00	; 0
     a3c:	0e 94 b5 06 	call	0xd6a	; 0xd6a <DIO_WritePin>
     a40:	8f ec       	ldi	r24, 0xCF	; 207
     a42:	97 e0       	ldi	r25, 0x07	; 7

00000a44 <.L1^B3>:
     a44:	01 97       	sbiw	r24, 0x01	; 1
     a46:	f1 f7       	brne	.-4      	; 0xa44 <.L1^B3>
     a48:	00 c0       	rjmp	.+0      	; 0xa4a <L0^A>

00000a4a <L0^A>:
     a4a:	00 00       	nop
     a4c:	40 e0       	ldi	r20, 0x00	; 0
     a4e:	62 e0       	ldi	r22, 0x02	; 2
     a50:	80 e0       	ldi	r24, 0x00	; 0
     a52:	0e 94 b5 06 	call	0xd6a	; 0xd6a <DIO_WritePin>
     a56:	69 81       	ldd	r22, Y+1	; 0x01
     a58:	62 95       	swap	r22
     a5a:	60 7f       	andi	r22, 0xF0	; 240

00000a5c <.L11>:
     a5c:	81 e0       	ldi	r24, 0x01	; 1
     a5e:	0e 94 f3 06 	call	0xde6	; 0xde6 <DIO_WriteGroup>
     a62:	41 e0       	ldi	r20, 0x01	; 1
     a64:	62 e0       	ldi	r22, 0x02	; 2
     a66:	80 e0       	ldi	r24, 0x00	; 0
     a68:	0e 94 b5 06 	call	0xd6a	; 0xd6a <DIO_WritePin>
     a6c:	8f ec       	ldi	r24, 0xCF	; 207
     a6e:	97 e0       	ldi	r25, 0x07	; 7

00000a70 <.L1^B4>:
     a70:	01 97       	sbiw	r24, 0x01	; 1
     a72:	f1 f7       	brne	.-4      	; 0xa70 <.L1^B4>
     a74:	00 c0       	rjmp	.+0      	; 0xa76 <L0^A>

00000a76 <L0^A>:
     a76:	00 00       	nop
     a78:	40 e0       	ldi	r20, 0x00	; 0
     a7a:	62 e0       	ldi	r22, 0x02	; 2
     a7c:	80 e0       	ldi	r24, 0x00	; 0
     a7e:	0f 90       	pop	r0
     a80:	df 91       	pop	r29
     a82:	cf 91       	pop	r28
     a84:	0c 94 b5 06 	jmp	0xd6a	; 0xd6a <DIO_WritePin>

00000a88 <.L12>:
     a88:	40 e0       	ldi	r20, 0x00	; 0
     a8a:	60 e0       	ldi	r22, 0x00	; 0
     a8c:	80 e0       	ldi	r24, 0x00	; 0
     a8e:	0e 94 b5 06 	call	0xd6a	; 0xd6a <DIO_WritePin>
     a92:	40 e0       	ldi	r20, 0x00	; 0
     a94:	61 e0       	ldi	r22, 0x01	; 1
     a96:	80 e0       	ldi	r24, 0x00	; 0
     a98:	0e 94 b5 06 	call	0xd6a	; 0xd6a <DIO_WritePin>
     a9c:	69 81       	ldd	r22, Y+1	; 0x01
     a9e:	de cf       	rjmp	.-68     	; 0xa5c <.L11>

00000aa0 <LCD_Init>:
     aa0:	81 30       	cpi	r24, 0x01	; 1
     aa2:	09 f4       	brne	.+2      	; 0xaa6 <L0^A+0x2>

00000aa4 <L0^A>:
     aa4:	50 c0       	rjmp	.+160    	; 0xb46 <.L18>
     aa6:	08 f0       	brcs	.+2      	; 0xaaa <.L19>
     aa8:	08 95       	ret

00000aaa <.L19>:
     aaa:	41 e0       	ldi	r20, 0x01	; 1
     aac:	60 e0       	ldi	r22, 0x00	; 0
     aae:	0e 94 67 06 	call	0xcce	; 0xcce <DIO_InitPin>
     ab2:	41 e0       	ldi	r20, 0x01	; 1
     ab4:	61 e0       	ldi	r22, 0x01	; 1
     ab6:	80 e0       	ldi	r24, 0x00	; 0
     ab8:	0e 94 67 06 	call	0xcce	; 0xcce <DIO_InitPin>
     abc:	41 e0       	ldi	r20, 0x01	; 1
     abe:	62 e0       	ldi	r22, 0x02	; 2
     ac0:	80 e0       	ldi	r24, 0x00	; 0
     ac2:	0e 94 67 06 	call	0xcce	; 0xcce <DIO_InitPin>
     ac6:	6f ef       	ldi	r22, 0xFF	; 255
     ac8:	81 e0       	ldi	r24, 0x01	; 1
     aca:	0e 94 a5 06 	call	0xd4a	; 0xd4a <DIO_InitGroup>
     ace:	9f eb       	ldi	r25, 0xBF	; 191
     ad0:	2a ed       	ldi	r18, 0xDA	; 218
     ad2:	80 e0       	ldi	r24, 0x00	; 0

00000ad4 <.L1^B5>:
     ad4:	91 50       	subi	r25, 0x01	; 1
     ad6:	20 40       	sbci	r18, 0x00	; 0
     ad8:	80 40       	sbci	r24, 0x00	; 0
     ada:	e1 f7       	brne	.-8      	; 0xad4 <.L1^B5>
     adc:	00 c0       	rjmp	.+0      	; 0xade <L0^A>

00000ade <L0^A>:
     ade:	00 00       	nop
     ae0:	60 e0       	ldi	r22, 0x00	; 0
     ae2:	82 e0       	ldi	r24, 0x02	; 2
     ae4:	0e 94 00 05 	call	0xa00	; 0xa00 <LCD_WriteInstruction>
     ae8:	8f ec       	ldi	r24, 0xCF	; 207
     aea:	97 e0       	ldi	r25, 0x07	; 7

00000aec <.L1^B6>:
     aec:	01 97       	sbiw	r24, 0x01	; 1
     aee:	f1 f7       	brne	.-4      	; 0xaec <.L1^B6>
     af0:	00 c0       	rjmp	.+0      	; 0xaf2 <L0^A>

00000af2 <L0^A>:
     af2:	00 00       	nop
     af4:	60 e0       	ldi	r22, 0x00	; 0
     af6:	88 e2       	ldi	r24, 0x28	; 40
     af8:	0e 94 00 05 	call	0xa00	; 0xa00 <LCD_WriteInstruction>
     afc:	8f ec       	ldi	r24, 0xCF	; 207
     afe:	97 e0       	ldi	r25, 0x07	; 7

00000b00 <.L1^B7>:
     b00:	01 97       	sbiw	r24, 0x01	; 1
     b02:	f1 f7       	brne	.-4      	; 0xb00 <.L1^B7>
     b04:	00 c0       	rjmp	.+0      	; 0xb06 <L0^A>

00000b06 <L0^A>:
     b06:	00 00       	nop
     b08:	60 e0       	ldi	r22, 0x00	; 0
     b0a:	8c e0       	ldi	r24, 0x0C	; 12
     b0c:	0e 94 00 05 	call	0xa00	; 0xa00 <LCD_WriteInstruction>
     b10:	8f ec       	ldi	r24, 0xCF	; 207
     b12:	97 e0       	ldi	r25, 0x07	; 7

00000b14 <.L1^B8>:
     b14:	01 97       	sbiw	r24, 0x01	; 1
     b16:	f1 f7       	brne	.-4      	; 0xb14 <.L1^B8>
     b18:	00 c0       	rjmp	.+0      	; 0xb1a <L0^A>

00000b1a <L0^A>:
     b1a:	00 00       	nop
     b1c:	60 e0       	ldi	r22, 0x00	; 0
     b1e:	81 e0       	ldi	r24, 0x01	; 1
     b20:	0e 94 00 05 	call	0xa00	; 0xa00 <LCD_WriteInstruction>
     b24:	8f e9       	ldi	r24, 0x9F	; 159
     b26:	9f e0       	ldi	r25, 0x0F	; 15

00000b28 <.L1^B9>:
     b28:	01 97       	sbiw	r24, 0x01	; 1
     b2a:	f1 f7       	brne	.-4      	; 0xb28 <.L1^B9>
     b2c:	00 c0       	rjmp	.+0      	; 0xb2e <L0^A>

00000b2e <L0^A>:
     b2e:	00 00       	nop
     b30:	60 e0       	ldi	r22, 0x00	; 0

00000b32 <.L17>:
     b32:	86 e0       	ldi	r24, 0x06	; 6
     b34:	0e 94 00 05 	call	0xa00	; 0xa00 <LCD_WriteInstruction>
     b38:	8f ec       	ldi	r24, 0xCF	; 207
     b3a:	97 e0       	ldi	r25, 0x07	; 7

00000b3c <.L1^B10>:
     b3c:	01 97       	sbiw	r24, 0x01	; 1
     b3e:	f1 f7       	brne	.-4      	; 0xb3c <.L1^B10>
     b40:	00 c0       	rjmp	.+0      	; 0xb42 <L0^A>

00000b42 <L0^A>:
     b42:	00 00       	nop
     b44:	08 95       	ret

00000b46 <.L18>:
     b46:	41 e0       	ldi	r20, 0x01	; 1
     b48:	60 e0       	ldi	r22, 0x00	; 0
     b4a:	80 e0       	ldi	r24, 0x00	; 0
     b4c:	0e 94 67 06 	call	0xcce	; 0xcce <DIO_InitPin>
     b50:	41 e0       	ldi	r20, 0x01	; 1
     b52:	61 e0       	ldi	r22, 0x01	; 1
     b54:	80 e0       	ldi	r24, 0x00	; 0
     b56:	0e 94 67 06 	call	0xcce	; 0xcce <DIO_InitPin>
     b5a:	41 e0       	ldi	r20, 0x01	; 1
     b5c:	62 e0       	ldi	r22, 0x02	; 2
     b5e:	80 e0       	ldi	r24, 0x00	; 0
     b60:	0e 94 67 06 	call	0xcce	; 0xcce <DIO_InitPin>
     b64:	6f ef       	ldi	r22, 0xFF	; 255
     b66:	81 e0       	ldi	r24, 0x01	; 1
     b68:	0e 94 a5 06 	call	0xd4a	; 0xd4a <DIO_InitGroup>
     b6c:	2f eb       	ldi	r18, 0xBF	; 191
     b6e:	8a ed       	ldi	r24, 0xDA	; 218
     b70:	90 e0       	ldi	r25, 0x00	; 0

00000b72 <.L1^B11>:
     b72:	21 50       	subi	r18, 0x01	; 1
     b74:	80 40       	sbci	r24, 0x00	; 0
     b76:	90 40       	sbci	r25, 0x00	; 0
     b78:	e1 f7       	brne	.-8      	; 0xb72 <.L1^B11>
     b7a:	00 c0       	rjmp	.+0      	; 0xb7c <L0^A>

00000b7c <L0^A>:
     b7c:	00 00       	nop
     b7e:	61 e0       	ldi	r22, 0x01	; 1
     b80:	88 e3       	ldi	r24, 0x38	; 56
     b82:	0e 94 00 05 	call	0xa00	; 0xa00 <LCD_WriteInstruction>
     b86:	8f ec       	ldi	r24, 0xCF	; 207
     b88:	97 e0       	ldi	r25, 0x07	; 7

00000b8a <.L1^B12>:
     b8a:	01 97       	sbiw	r24, 0x01	; 1
     b8c:	f1 f7       	brne	.-4      	; 0xb8a <.L1^B12>
     b8e:	00 c0       	rjmp	.+0      	; 0xb90 <L0^A>

00000b90 <L0^A>:
     b90:	00 00       	nop
     b92:	61 e0       	ldi	r22, 0x01	; 1
     b94:	8e e0       	ldi	r24, 0x0E	; 14
     b96:	0e 94 00 05 	call	0xa00	; 0xa00 <LCD_WriteInstruction>
     b9a:	8f ec       	ldi	r24, 0xCF	; 207
     b9c:	97 e0       	ldi	r25, 0x07	; 7

00000b9e <.L1^B13>:
     b9e:	01 97       	sbiw	r24, 0x01	; 1
     ba0:	f1 f7       	brne	.-4      	; 0xb9e <.L1^B13>
     ba2:	00 c0       	rjmp	.+0      	; 0xba4 <L0^A>

00000ba4 <L0^A>:
     ba4:	00 00       	nop
     ba6:	61 e0       	ldi	r22, 0x01	; 1
     ba8:	81 e0       	ldi	r24, 0x01	; 1
     baa:	0e 94 00 05 	call	0xa00	; 0xa00 <LCD_WriteInstruction>
     bae:	8f e9       	ldi	r24, 0x9F	; 159
     bb0:	9f e0       	ldi	r25, 0x0F	; 15

00000bb2 <.L1^B14>:
     bb2:	01 97       	sbiw	r24, 0x01	; 1
     bb4:	f1 f7       	brne	.-4      	; 0xbb2 <.L1^B14>
     bb6:	00 c0       	rjmp	.+0      	; 0xbb8 <L0^A>

00000bb8 <L0^A>:
     bb8:	00 00       	nop
     bba:	61 e0       	ldi	r22, 0x01	; 1
     bbc:	ba cf       	rjmp	.-140    	; 0xb32 <.L17>

00000bbe <LCD_WriteString>:
     bbe:	0f 93       	push	r16
     bc0:	1f 93       	push	r17
     bc2:	cf 93       	push	r28
     bc4:	df 93       	push	r29
     bc6:	00 d0       	rcall	.+0      	; 0xbc8 <L0^A>

00000bc8 <L0^A>:
     bc8:	cd b7       	in	r28, 0x3d	; 61
     bca:	de b7       	in	r29, 0x3e	; 62
     bcc:	8c 01       	movw	r16, r24
     bce:	69 83       	std	Y+1, r22	; 0x01
     bd0:	00 97       	sbiw	r24, 0x00	; 0
     bd2:	91 f0       	breq	.+36     	; 0xbf8 <.L20>
     bd4:	fc 01       	movw	r30, r24
     bd6:	80 81       	ld	r24, Z
     bd8:	81 15       	cp	r24, r1
     bda:	71 f0       	breq	.+28     	; 0xbf8 <.L20>
     bdc:	1a 82       	std	Y+2, r1	; 0x02

00000bde <.L22>:
     bde:	69 81       	ldd	r22, Y+1	; 0x01
     be0:	0e 94 b0 04 	call	0x960	; 0x960 <LCD_WriteData>
     be4:	fa 81       	ldd	r31, Y+2	; 0x02
     be6:	ff 5f       	subi	r31, 0xFF	; 255
     be8:	fa 83       	std	Y+2, r31	; 0x02
     bea:	f8 01       	movw	r30, r16
     bec:	8a 81       	ldd	r24, Y+2	; 0x02
     bee:	e8 0f       	add	r30, r24
     bf0:	f1 1d       	adc	r31, r1
     bf2:	80 81       	ld	r24, Z
     bf4:	81 11       	cpse	r24, r1
     bf6:	f3 cf       	rjmp	.-26     	; 0xbde <.L22>

00000bf8 <.L20>:
     bf8:	0f 90       	pop	r0
     bfa:	0f 90       	pop	r0
     bfc:	df 91       	pop	r29
     bfe:	cf 91       	pop	r28
     c00:	1f 91       	pop	r17
     c02:	0f 91       	pop	r16
     c04:	08 95       	ret

00000c06 <LCD_GotoXY>:
     c06:	81 30       	cpi	r24, 0x01	; 1
     c08:	58 f0       	brcs	.+22     	; 0xc20 <.L31>
     c0a:	31 f4       	brne	.+12     	; 0xc18 <.L34>
     c0c:	80 e4       	ldi	r24, 0x40	; 64
     c0e:	86 0f       	add	r24, r22
     c10:	80 68       	ori	r24, 0x80	; 128
     c12:	60 e0       	ldi	r22, 0x00	; 0
     c14:	0c 94 00 05 	jmp	0xa00	; 0xa00 <LCD_WriteInstruction>

00000c18 <.L34>:
     c18:	80 e8       	ldi	r24, 0x80	; 128
     c1a:	60 e0       	ldi	r22, 0x00	; 0
     c1c:	0c 94 00 05 	jmp	0xa00	; 0xa00 <LCD_WriteInstruction>

00000c20 <.L31>:
     c20:	86 2f       	mov	r24, r22
     c22:	80 68       	ori	r24, 0x80	; 128
     c24:	60 e0       	ldi	r22, 0x00	; 0
     c26:	0c 94 00 05 	jmp	0xa00	; 0xa00 <LCD_WriteInstruction>

00000c2a <LCD_WriteNumber>:
     c2a:	ff 92       	push	r15
     c2c:	0f 93       	push	r16
     c2e:	1f 93       	push	r17
     c30:	cf 93       	push	r28
     c32:	df 93       	push	r29
     c34:	cd b7       	in	r28, 0x3d	; 61
     c36:	de b7       	in	r29, 0x3e	; 62
     c38:	2c 97       	sbiw	r28, 0x0c	; 12
     c3a:	0f b6       	in	r0, 0x3f	; 63
     c3c:	f8 94       	cli
     c3e:	de bf       	out	0x3e, r29	; 62
     c40:	0f be       	out	0x3f, r0	; 63
     c42:	cd bf       	out	0x3d, r28	; 61
     c44:	4c 87       	std	Y+12, r20	; 0x0c
     c46:	9f 93       	push	r25
     c48:	8f 93       	push	r24
     c4a:	7f 93       	push	r23
     c4c:	6f 93       	push	r22
     c4e:	80 e0       	ldi	r24, 0x00	; 0
     c50:	92 e0       	ldi	r25, 0x02	; 2
     c52:	9f 93       	push	r25
     c54:	8f 93       	push	r24
     c56:	8e 01       	movw	r16, r28
     c58:	0f 5f       	subi	r16, 0xFF	; 255
     c5a:	1f 4f       	sbci	r17, 0xFF	; 255
     c5c:	1f 93       	push	r17
     c5e:	0f 93       	push	r16
     c60:	0e 94 81 0a 	call	0x1502	; 0x1502 <sprintf>
     c64:	89 81       	ldd	r24, Y+1	; 0x01
     c66:	0f b6       	in	r0, 0x3f	; 63
     c68:	f8 94       	cli
     c6a:	de bf       	out	0x3e, r29	; 62
     c6c:	0f be       	out	0x3f, r0	; 63
     c6e:	cd bf       	out	0x3d, r28	; 61
     c70:	81 15       	cp	r24, r1
     c72:	59 f0       	breq	.+22     	; 0xc8a <.L35>
     c74:	f1 2c       	mov	r15, r1

00000c76 <.L37>:
     c76:	6c 85       	ldd	r22, Y+12	; 0x0c
     c78:	0e 94 b0 04 	call	0x960	; 0x960 <LCD_WriteData>
     c7c:	f3 94       	inc	r15
     c7e:	f8 01       	movw	r30, r16
     c80:	ef 0d       	add	r30, r15
     c82:	f1 1d       	adc	r31, r1
     c84:	80 81       	ld	r24, Z
     c86:	81 11       	cpse	r24, r1
     c88:	f6 cf       	rjmp	.-20     	; 0xc76 <.L37>

00000c8a <.L35>:
     c8a:	2c 96       	adiw	r28, 0x0c	; 12
     c8c:	0f b6       	in	r0, 0x3f	; 63
     c8e:	f8 94       	cli
     c90:	de bf       	out	0x3e, r29	; 62
     c92:	0f be       	out	0x3f, r0	; 63
     c94:	cd bf       	out	0x3d, r28	; 61
     c96:	df 91       	pop	r29
     c98:	cf 91       	pop	r28
     c9a:	1f 91       	pop	r17
     c9c:	0f 91       	pop	r16
     c9e:	ff 90       	pop	r15
     ca0:	08 95       	ret

00000ca2 <Led_Init>:
     ca2:	41 e0       	ldi	r20, 0x01	; 1
     ca4:	0c 94 67 06 	jmp	0xcce	; 0xcce <DIO_InitPin>

00000ca8 <Led_on>:
     ca8:	41 30       	cpi	r20, 0x01	; 1
     caa:	21 f0       	breq	.+8      	; 0xcb4 <.L6>
     cac:	42 30       	cpi	r20, 0x02	; 2
     cae:	09 f0       	breq	.+2      	; 0xcb2 <.L7>
     cb0:	08 95       	ret

00000cb2 <.L7>:
     cb2:	40 e0       	ldi	r20, 0x00	; 0

00000cb4 <.L6>:
     cb4:	0c 94 b5 06 	jmp	0xd6a	; 0xd6a <DIO_WritePin>

00000cb8 <Led_off>:
     cb8:	41 30       	cpi	r20, 0x01	; 1
     cba:	19 f0       	breq	.+6      	; 0xcc2 <.L11>
     cbc:	42 30       	cpi	r20, 0x02	; 2
     cbe:	21 f0       	breq	.+8      	; 0xcc8 <.L12>
     cc0:	08 95       	ret

00000cc2 <.L11>:
     cc2:	40 e0       	ldi	r20, 0x00	; 0
     cc4:	0c 94 b5 06 	jmp	0xd6a	; 0xd6a <DIO_WritePin>

00000cc8 <.L12>:
     cc8:	41 e0       	ldi	r20, 0x01	; 1
     cca:	0c 94 b5 06 	jmp	0xd6a	; 0xd6a <DIO_WritePin>

00000cce <DIO_InitPin>:
     cce:	84 30       	cpi	r24, 0x04	; 4
     cd0:	c0 f4       	brcc	.+48     	; 0xd02 <.L1>
     cd2:	68 30       	cpi	r22, 0x08	; 8
     cd4:	b0 f4       	brcc	.+44     	; 0xd02 <.L1>
     cd6:	41 30       	cpi	r20, 0x01	; 1
     cd8:	a9 f0       	breq	.+42     	; 0xd04 <.L11>
     cda:	98 f4       	brcc	.+38     	; 0xd02 <.L1>
     cdc:	21 e0       	ldi	r18, 0x01	; 1
     cde:	01 c0       	rjmp	.+2      	; 0xce2 <.L2^B1>

00000ce0 <.L1^B1>:
     ce0:	22 0f       	add	r18, r18

00000ce2 <.L2^B1>:
     ce2:	6a 95       	dec	r22
     ce4:	ea f7       	brpl	.-6      	; 0xce0 <.L1^B1>
     ce6:	20 95       	com	r18
     ce8:	82 30       	cpi	r24, 0x02	; 2
     cea:	39 f1       	breq	.+78     	; 0xd3a <.L7>
     cec:	83 30       	cpi	r24, 0x03	; 3
     cee:	31 f0       	breq	.+12     	; 0xcfc <.L8>
     cf0:	81 30       	cpi	r24, 0x01	; 1
     cf2:	39 f1       	breq	.+78     	; 0xd42 <.L9>
     cf4:	8a b3       	in	r24, 0x1a	; 26
     cf6:	82 23       	and	r24, r18
     cf8:	8a bb       	out	0x1a, r24	; 26
     cfa:	08 95       	ret

00000cfc <.L8>:
     cfc:	81 b3       	in	r24, 0x11	; 17
     cfe:	82 23       	and	r24, r18
     d00:	81 bb       	out	0x11, r24	; 17

00000d02 <.L1>:
     d02:	08 95       	ret

00000d04 <.L11>:
     d04:	21 e0       	ldi	r18, 0x01	; 1
     d06:	01 c0       	rjmp	.+2      	; 0xd0a <.L2^B2>

00000d08 <.L1^B2>:
     d08:	22 0f       	add	r18, r18

00000d0a <.L2^B2>:
     d0a:	6a 95       	dec	r22
     d0c:	ea f7       	brpl	.-6      	; 0xd08 <.L1^B2>
     d0e:	82 30       	cpi	r24, 0x02	; 2
     d10:	61 f0       	breq	.+24     	; 0xd2a <.L4>
     d12:	83 30       	cpi	r24, 0x03	; 3
     d14:	31 f0       	breq	.+12     	; 0xd22 <.L5>
     d16:	81 30       	cpi	r24, 0x01	; 1
     d18:	61 f0       	breq	.+24     	; 0xd32 <.L6>
     d1a:	8a b3       	in	r24, 0x1a	; 26
     d1c:	82 2b       	or	r24, r18
     d1e:	8a bb       	out	0x1a, r24	; 26
     d20:	08 95       	ret

00000d22 <.L5>:
     d22:	81 b3       	in	r24, 0x11	; 17
     d24:	82 2b       	or	r24, r18
     d26:	81 bb       	out	0x11, r24	; 17
     d28:	08 95       	ret

00000d2a <.L4>:
     d2a:	84 b3       	in	r24, 0x14	; 20
     d2c:	82 2b       	or	r24, r18
     d2e:	84 bb       	out	0x14, r24	; 20
     d30:	08 95       	ret

00000d32 <.L6>:
     d32:	87 b3       	in	r24, 0x17	; 23
     d34:	82 2b       	or	r24, r18
     d36:	87 bb       	out	0x17, r24	; 23
     d38:	08 95       	ret

00000d3a <.L7>:
     d3a:	84 b3       	in	r24, 0x14	; 20
     d3c:	82 23       	and	r24, r18
     d3e:	84 bb       	out	0x14, r24	; 20
     d40:	08 95       	ret

00000d42 <.L9>:
     d42:	87 b3       	in	r24, 0x17	; 23
     d44:	82 23       	and	r24, r18
     d46:	87 bb       	out	0x17, r24	; 23
     d48:	08 95       	ret

00000d4a <DIO_InitGroup>:
     d4a:	82 30       	cpi	r24, 0x02	; 2
     d4c:	49 f0       	breq	.+18     	; 0xd60 <.L13>
     d4e:	20 f4       	brcc	.+8      	; 0xd58 <.L14>
     d50:	81 15       	cp	r24, r1
     d52:	41 f0       	breq	.+16     	; 0xd64 <.L20>
     d54:	67 bb       	out	0x17, r22	; 23
     d56:	08 95       	ret

00000d58 <.L14>:
     d58:	83 30       	cpi	r24, 0x03	; 3
     d5a:	31 f4       	brne	.+12     	; 0xd68 <.L21>
     d5c:	61 bb       	out	0x11, r22	; 17
     d5e:	08 95       	ret

00000d60 <.L13>:
     d60:	64 bb       	out	0x14, r22	; 20
     d62:	08 95       	ret

00000d64 <.L20>:
     d64:	6a bb       	out	0x1a, r22	; 26
     d66:	08 95       	ret

00000d68 <.L21>:
     d68:	08 95       	ret

00000d6a <DIO_WritePin>:
     d6a:	84 30       	cpi	r24, 0x04	; 4
     d6c:	c0 f4       	brcc	.+48     	; 0xd9e <.L22>
     d6e:	68 30       	cpi	r22, 0x08	; 8
     d70:	b0 f4       	brcc	.+44     	; 0xd9e <.L22>
     d72:	41 30       	cpi	r20, 0x01	; 1
     d74:	a9 f0       	breq	.+42     	; 0xda0 <.L31>
     d76:	98 f4       	brcc	.+38     	; 0xd9e <.L22>
     d78:	21 e0       	ldi	r18, 0x01	; 1
     d7a:	01 c0       	rjmp	.+2      	; 0xd7e <.L2^B3>

00000d7c <.L1^B3>:
     d7c:	22 0f       	add	r18, r18

00000d7e <.L2^B3>:
     d7e:	6a 95       	dec	r22
     d80:	ea f7       	brpl	.-6      	; 0xd7c <.L1^B3>
     d82:	20 95       	com	r18
     d84:	82 30       	cpi	r24, 0x02	; 2
     d86:	39 f1       	breq	.+78     	; 0xdd6 <.L28>
     d88:	83 30       	cpi	r24, 0x03	; 3
     d8a:	31 f0       	breq	.+12     	; 0xd98 <.L29>
     d8c:	81 30       	cpi	r24, 0x01	; 1
     d8e:	39 f1       	breq	.+78     	; 0xdde <.L30>
     d90:	8b b3       	in	r24, 0x1b	; 27
     d92:	82 23       	and	r24, r18
     d94:	8b bb       	out	0x1b, r24	; 27
     d96:	08 95       	ret

00000d98 <.L29>:
     d98:	82 b3       	in	r24, 0x12	; 18
     d9a:	82 23       	and	r24, r18
     d9c:	82 bb       	out	0x12, r24	; 18

00000d9e <.L22>:
     d9e:	08 95       	ret

00000da0 <.L31>:
     da0:	21 e0       	ldi	r18, 0x01	; 1
     da2:	01 c0       	rjmp	.+2      	; 0xda6 <.L2^B4>

00000da4 <.L1^B4>:
     da4:	22 0f       	add	r18, r18

00000da6 <.L2^B4>:
     da6:	6a 95       	dec	r22
     da8:	ea f7       	brpl	.-6      	; 0xda4 <.L1^B4>
     daa:	82 30       	cpi	r24, 0x02	; 2
     dac:	61 f0       	breq	.+24     	; 0xdc6 <.L25>
     dae:	83 30       	cpi	r24, 0x03	; 3
     db0:	31 f0       	breq	.+12     	; 0xdbe <.L26>
     db2:	81 30       	cpi	r24, 0x01	; 1
     db4:	61 f0       	breq	.+24     	; 0xdce <.L27>
     db6:	8b b3       	in	r24, 0x1b	; 27
     db8:	82 2b       	or	r24, r18
     dba:	8b bb       	out	0x1b, r24	; 27
     dbc:	08 95       	ret

00000dbe <.L26>:
     dbe:	82 b3       	in	r24, 0x12	; 18
     dc0:	82 2b       	or	r24, r18
     dc2:	82 bb       	out	0x12, r24	; 18
     dc4:	08 95       	ret

00000dc6 <.L25>:
     dc6:	85 b3       	in	r24, 0x15	; 21
     dc8:	82 2b       	or	r24, r18
     dca:	85 bb       	out	0x15, r24	; 21
     dcc:	08 95       	ret

00000dce <.L27>:
     dce:	88 b3       	in	r24, 0x18	; 24
     dd0:	82 2b       	or	r24, r18
     dd2:	88 bb       	out	0x18, r24	; 24
     dd4:	08 95       	ret

00000dd6 <.L28>:
     dd6:	85 b3       	in	r24, 0x15	; 21
     dd8:	82 23       	and	r24, r18
     dda:	85 bb       	out	0x15, r24	; 21
     ddc:	08 95       	ret

00000dde <.L30>:
     dde:	88 b3       	in	r24, 0x18	; 24
     de0:	82 23       	and	r24, r18
     de2:	88 bb       	out	0x18, r24	; 24
     de4:	08 95       	ret

00000de6 <DIO_WriteGroup>:
     de6:	82 30       	cpi	r24, 0x02	; 2
     de8:	49 f0       	breq	.+18     	; 0xdfc <.L33>
     dea:	20 f4       	brcc	.+8      	; 0xdf4 <.L34>
     dec:	81 15       	cp	r24, r1
     dee:	41 f0       	breq	.+16     	; 0xe00 <.L40>
     df0:	68 bb       	out	0x18, r22	; 24
     df2:	08 95       	ret

00000df4 <.L34>:
     df4:	83 30       	cpi	r24, 0x03	; 3
     df6:	31 f4       	brne	.+12     	; 0xe04 <.L41>
     df8:	62 bb       	out	0x12, r22	; 18
     dfa:	08 95       	ret

00000dfc <.L33>:
     dfc:	65 bb       	out	0x15, r22	; 21
     dfe:	08 95       	ret

00000e00 <.L40>:
     e00:	6b bb       	out	0x1b, r22	; 27
     e02:	08 95       	ret

00000e04 <.L41>:
     e04:	08 95       	ret

00000e06 <DIO_ReadPin>:
     e06:	41 15       	cp	r20, r1
     e08:	51 05       	cpc	r21, r1
     e0a:	a1 f0       	breq	.+40     	; 0xe34 <.L42>
     e0c:	84 30       	cpi	r24, 0x04	; 4
     e0e:	90 f4       	brcc	.+36     	; 0xe34 <.L42>
     e10:	68 30       	cpi	r22, 0x08	; 8
     e12:	80 f4       	brcc	.+32     	; 0xe34 <.L42>
     e14:	82 30       	cpi	r24, 0x02	; 2
     e16:	99 f0       	breq	.+38     	; 0xe3e <.L44>
     e18:	83 30       	cpi	r24, 0x03	; 3
     e1a:	79 f0       	breq	.+30     	; 0xe3a <.L45>
     e1c:	81 30       	cpi	r24, 0x01	; 1
     e1e:	59 f4       	brne	.+22     	; 0xe36 <.L51>
     e20:	86 b3       	in	r24, 0x16	; 22

00000e22 <.L50>:
     e22:	90 e0       	ldi	r25, 0x00	; 0
     e24:	02 c0       	rjmp	.+4      	; 0xe2a <.L2^B5>

00000e26 <.L1^B5>:
     e26:	95 95       	asr	r25
     e28:	87 95       	ror	r24

00000e2a <.L2^B5>:
     e2a:	6a 95       	dec	r22
     e2c:	e2 f7       	brpl	.-8      	; 0xe26 <.L1^B5>
     e2e:	81 70       	andi	r24, 0x01	; 1
     e30:	fa 01       	movw	r30, r20
     e32:	80 83       	st	Z, r24

00000e34 <.L42>:
     e34:	08 95       	ret

00000e36 <.L51>:
     e36:	89 b3       	in	r24, 0x19	; 25
     e38:	f4 cf       	rjmp	.-24     	; 0xe22 <.L50>

00000e3a <.L45>:
     e3a:	80 b3       	in	r24, 0x10	; 16
     e3c:	f2 cf       	rjmp	.-28     	; 0xe22 <.L50>

00000e3e <.L44>:
     e3e:	83 b3       	in	r24, 0x13	; 19
     e40:	f0 cf       	rjmp	.-32     	; 0xe22 <.L50>

00000e42 <DIO_ReadGroup>:
     e42:	61 15       	cp	r22, r1
     e44:	71 05       	cpc	r23, r1
     e46:	71 f0       	breq	.+28     	; 0xe64 <.L52>
     e48:	82 30       	cpi	r24, 0x02	; 2
     e4a:	91 f0       	breq	.+36     	; 0xe70 <.L54>
     e4c:	30 f4       	brcc	.+12     	; 0xe5a <.L55>
     e4e:	81 15       	cp	r24, r1
     e50:	59 f0       	breq	.+22     	; 0xe68 <.L63>
     e52:	86 b3       	in	r24, 0x16	; 22
     e54:	fb 01       	movw	r30, r22
     e56:	80 83       	st	Z, r24
     e58:	08 95       	ret

00000e5a <.L55>:
     e5a:	83 30       	cpi	r24, 0x03	; 3
     e5c:	21 f4       	brne	.+8      	; 0xe66 <.L64>
     e5e:	80 b3       	in	r24, 0x10	; 16
     e60:	fb 01       	movw	r30, r22
     e62:	80 83       	st	Z, r24

00000e64 <.L52>:
     e64:	08 95       	ret

00000e66 <.L64>:
     e66:	08 95       	ret

00000e68 <.L63>:
     e68:	89 b3       	in	r24, 0x19	; 25
     e6a:	fb 01       	movw	r30, r22
     e6c:	80 83       	st	Z, r24
     e6e:	08 95       	ret

00000e70 <.L54>:
     e70:	83 b3       	in	r24, 0x13	; 19
     e72:	fb 01       	movw	r30, r22
     e74:	80 83       	st	Z, r24
     e76:	08 95       	ret

00000e78 <DIO_Toggle>:
     e78:	82 30       	cpi	r24, 0x02	; 2
     e7a:	b9 f0       	breq	.+46     	; 0xeaa <.L66>
     e7c:	58 f4       	brcc	.+22     	; 0xe94 <.L67>
     e7e:	81 15       	cp	r24, r1
     e80:	e9 f0       	breq	.+58     	; 0xebc <.L73>
     e82:	88 b3       	in	r24, 0x18	; 24
     e84:	21 e0       	ldi	r18, 0x01	; 1
     e86:	01 c0       	rjmp	.+2      	; 0xe8a <.L2^B6>

00000e88 <.L1^B6>:
     e88:	22 0f       	add	r18, r18

00000e8a <.L2^B6>:
     e8a:	6a 95       	dec	r22
     e8c:	ea f7       	brpl	.-6      	; 0xe88 <.L1^B6>
     e8e:	82 27       	eor	r24, r18
     e90:	88 bb       	out	0x18, r24	; 24
     e92:	08 95       	ret

00000e94 <.L67>:
     e94:	83 30       	cpi	r24, 0x03	; 3
     e96:	d9 f4       	brne	.+54     	; 0xece <.L74>
     e98:	82 b3       	in	r24, 0x12	; 18
     e9a:	21 e0       	ldi	r18, 0x01	; 1
     e9c:	01 c0       	rjmp	.+2      	; 0xea0 <.L2^B7>

00000e9e <.L1^B7>:
     e9e:	22 0f       	add	r18, r18

00000ea0 <.L2^B7>:
     ea0:	6a 95       	dec	r22
     ea2:	ea f7       	brpl	.-6      	; 0xe9e <.L1^B7>
     ea4:	82 27       	eor	r24, r18
     ea6:	82 bb       	out	0x12, r24	; 18
     ea8:	08 95       	ret

00000eaa <.L66>:
     eaa:	85 b3       	in	r24, 0x15	; 21
     eac:	21 e0       	ldi	r18, 0x01	; 1
     eae:	01 c0       	rjmp	.+2      	; 0xeb2 <.L2^B8>

00000eb0 <.L1^B8>:
     eb0:	22 0f       	add	r18, r18

00000eb2 <.L2^B8>:
     eb2:	6a 95       	dec	r22
     eb4:	ea f7       	brpl	.-6      	; 0xeb0 <.L1^B8>
     eb6:	82 27       	eor	r24, r18
     eb8:	85 bb       	out	0x15, r24	; 21
     eba:	08 95       	ret

00000ebc <.L73>:
     ebc:	8b b3       	in	r24, 0x1b	; 27
     ebe:	21 e0       	ldi	r18, 0x01	; 1
     ec0:	01 c0       	rjmp	.+2      	; 0xec4 <.L2^B9>

00000ec2 <.L1^B9>:
     ec2:	22 0f       	add	r18, r18

00000ec4 <.L2^B9>:
     ec4:	6a 95       	dec	r22
     ec6:	ea f7       	brpl	.-6      	; 0xec2 <.L1^B9>
     ec8:	82 27       	eor	r24, r18
     eca:	8b bb       	out	0x1b, r24	; 27
     ecc:	08 95       	ret

00000ece <.L74>:
     ece:	08 95       	ret

00000ed0 <EXTI_Init>:
     ed0:	86 30       	cpi	r24, 0x06	; 6
     ed2:	b1 f0       	breq	.+44     	; 0xf00 <.L13>
     ed4:	87 30       	cpi	r24, 0x07	; 7
     ed6:	19 f0       	breq	.+6      	; 0xede <.L14>
     ed8:	85 30       	cpi	r24, 0x05	; 5
     eda:	09 f1       	breq	.+66     	; 0xf1e <.L15>

00000edc <.L1>:
     edc:	08 95       	ret

00000ede <.L14>:
     ede:	64 30       	cpi	r22, 0x04	; 4
     ee0:	69 f1       	breq	.+90     	; 0xf3c <.L16>
     ee2:	65 30       	cpi	r22, 0x05	; 5
     ee4:	09 f4       	brne	.+2      	; 0xee8 <L0^A+0x2>

00000ee6 <L0^A>:
     ee6:	43 c0       	rjmp	.+134    	; 0xf6e <.L17>
     ee8:	66 30       	cpi	r22, 0x06	; 6
     eea:	09 f4       	brne	.+2      	; 0xeee <L0^A+0x2>

00000eec <L0^A>:
     eec:	47 c0       	rjmp	.+142    	; 0xf7c <.L18>
     eee:	67 30       	cpi	r22, 0x07	; 7
     ef0:	a9 f7       	brne	.-22     	; 0xedc <.L1>
     ef2:	85 b7       	in	r24, 0x35	; 53
     ef4:	84 60       	ori	r24, 0x04	; 4
     ef6:	85 bf       	out	0x35, r24	; 53
     ef8:	85 b7       	in	r24, 0x35	; 53
     efa:	88 60       	ori	r24, 0x08	; 8
     efc:	85 bf       	out	0x35, r24	; 53
     efe:	08 95       	ret

00000f00 <.L13>:
     f00:	64 30       	cpi	r22, 0x04	; 4
     f02:	19 f1       	breq	.+70     	; 0xf4a <.L19>
     f04:	65 30       	cpi	r22, 0x05	; 5
     f06:	99 f0       	breq	.+38     	; 0xf2e <.L20>
     f08:	66 30       	cpi	r22, 0x06	; 6
     f0a:	31 f1       	breq	.+76     	; 0xf58 <.L21>
     f0c:	67 30       	cpi	r22, 0x07	; 7
     f0e:	31 f7       	brne	.-52     	; 0xedc <.L1>
     f10:	85 b7       	in	r24, 0x35	; 53
     f12:	81 60       	ori	r24, 0x01	; 1
     f14:	85 bf       	out	0x35, r24	; 53
     f16:	85 b7       	in	r24, 0x35	; 53
     f18:	82 60       	ori	r24, 0x02	; 2
     f1a:	85 bf       	out	0x35, r24	; 53
     f1c:	08 95       	ret

00000f1e <.L15>:
     f1e:	66 30       	cpi	r22, 0x06	; 6
     f20:	11 f1       	breq	.+68     	; 0xf66 <.L22>
     f22:	67 30       	cpi	r22, 0x07	; 7
     f24:	d9 f6       	brne	.-74     	; 0xedc <.L1>
     f26:	84 b7       	in	r24, 0x34	; 52
     f28:	80 64       	ori	r24, 0x40	; 64
     f2a:	84 bf       	out	0x34, r24	; 52
     f2c:	08 95       	ret

00000f2e <.L20>:
     f2e:	85 b7       	in	r24, 0x35	; 53
     f30:	81 60       	ori	r24, 0x01	; 1
     f32:	85 bf       	out	0x35, r24	; 53
     f34:	85 b7       	in	r24, 0x35	; 53
     f36:	8d 7f       	andi	r24, 0xFD	; 253
     f38:	85 bf       	out	0x35, r24	; 53
     f3a:	08 95       	ret

00000f3c <.L16>:
     f3c:	85 b7       	in	r24, 0x35	; 53
     f3e:	8b 7f       	andi	r24, 0xFB	; 251
     f40:	85 bf       	out	0x35, r24	; 53
     f42:	85 b7       	in	r24, 0x35	; 53
     f44:	87 7f       	andi	r24, 0xF7	; 247
     f46:	85 bf       	out	0x35, r24	; 53
     f48:	08 95       	ret

00000f4a <.L19>:
     f4a:	85 b7       	in	r24, 0x35	; 53
     f4c:	8e 7f       	andi	r24, 0xFE	; 254
     f4e:	85 bf       	out	0x35, r24	; 53
     f50:	85 b7       	in	r24, 0x35	; 53
     f52:	8d 7f       	andi	r24, 0xFD	; 253
     f54:	85 bf       	out	0x35, r24	; 53
     f56:	08 95       	ret

00000f58 <.L21>:
     f58:	85 b7       	in	r24, 0x35	; 53
     f5a:	8e 7f       	andi	r24, 0xFE	; 254
     f5c:	85 bf       	out	0x35, r24	; 53
     f5e:	85 b7       	in	r24, 0x35	; 53
     f60:	82 60       	ori	r24, 0x02	; 2
     f62:	85 bf       	out	0x35, r24	; 53
     f64:	08 95       	ret

00000f66 <.L22>:
     f66:	84 b7       	in	r24, 0x34	; 52
     f68:	8f 7b       	andi	r24, 0xBF	; 191
     f6a:	84 bf       	out	0x34, r24	; 52
     f6c:	08 95       	ret

00000f6e <.L17>:
     f6e:	85 b7       	in	r24, 0x35	; 53
     f70:	84 60       	ori	r24, 0x04	; 4
     f72:	85 bf       	out	0x35, r24	; 53
     f74:	85 b7       	in	r24, 0x35	; 53
     f76:	87 7f       	andi	r24, 0xF7	; 247
     f78:	85 bf       	out	0x35, r24	; 53
     f7a:	08 95       	ret

00000f7c <.L18>:
     f7c:	85 b7       	in	r24, 0x35	; 53
     f7e:	8b 7f       	andi	r24, 0xFB	; 251
     f80:	85 bf       	out	0x35, r24	; 53
     f82:	85 b7       	in	r24, 0x35	; 53
     f84:	88 60       	ori	r24, 0x08	; 8
     f86:	85 bf       	out	0x35, r24	; 53
     f88:	08 95       	ret

00000f8a <EXTI_Enable>:
     f8a:	86 30       	cpi	r24, 0x06	; 6
     f8c:	49 f0       	breq	.+18     	; 0xfa0 <.L27>
     f8e:	87 30       	cpi	r24, 0x07	; 7
     f90:	19 f0       	breq	.+6      	; 0xf98 <.L28>
     f92:	85 30       	cpi	r24, 0x05	; 5
     f94:	49 f0       	breq	.+18     	; 0xfa8 <.L29>
     f96:	08 95       	ret

00000f98 <.L28>:
     f98:	8b b7       	in	r24, 0x3b	; 59
     f9a:	80 68       	ori	r24, 0x80	; 128
     f9c:	8b bf       	out	0x3b, r24	; 59
     f9e:	08 95       	ret

00000fa0 <.L27>:
     fa0:	8b b7       	in	r24, 0x3b	; 59
     fa2:	80 64       	ori	r24, 0x40	; 64
     fa4:	8b bf       	out	0x3b, r24	; 59
     fa6:	08 95       	ret

00000fa8 <.L29>:
     fa8:	8b b7       	in	r24, 0x3b	; 59
     faa:	80 62       	ori	r24, 0x20	; 32
     fac:	8b bf       	out	0x3b, r24	; 59
     fae:	08 95       	ret

00000fb0 <EXTI_Disable>:
     fb0:	86 30       	cpi	r24, 0x06	; 6
     fb2:	49 f0       	breq	.+18     	; 0xfc6 <.L34>
     fb4:	87 30       	cpi	r24, 0x07	; 7
     fb6:	19 f0       	breq	.+6      	; 0xfbe <.L35>
     fb8:	85 30       	cpi	r24, 0x05	; 5
     fba:	49 f0       	breq	.+18     	; 0xfce <.L36>
     fbc:	08 95       	ret

00000fbe <.L35>:
     fbe:	8b b7       	in	r24, 0x3b	; 59
     fc0:	8f 77       	andi	r24, 0x7F	; 127
     fc2:	8b bf       	out	0x3b, r24	; 59
     fc4:	08 95       	ret

00000fc6 <.L34>:
     fc6:	8b b7       	in	r24, 0x3b	; 59
     fc8:	8f 7b       	andi	r24, 0xBF	; 191
     fca:	8b bf       	out	0x3b, r24	; 59
     fcc:	08 95       	ret

00000fce <.L36>:
     fce:	8b b7       	in	r24, 0x3b	; 59
     fd0:	8f 7d       	andi	r24, 0xDF	; 223
     fd2:	8b bf       	out	0x3b, r24	; 59
     fd4:	08 95       	ret

00000fd6 <EXTI_CallBack>:
     fd6:	83 30       	cpi	r24, 0x03	; 3
     fd8:	58 f4       	brcc	.+22     	; 0xff0 <.L37>
     fda:	61 15       	cp	r22, r1
     fdc:	71 05       	cpc	r23, r1
     fde:	41 f0       	breq	.+16     	; 0xff0 <.L37>
     fe0:	e8 2f       	mov	r30, r24
     fe2:	f0 e0       	ldi	r31, 0x00	; 0
     fe4:	ee 0f       	add	r30, r30
     fe6:	ff 1f       	adc	r31, r31
     fe8:	e6 5f       	subi	r30, 0xF6	; 246
     fea:	fd 4f       	sbci	r31, 0xFD	; 253
     fec:	60 83       	st	Z, r22
     fee:	71 83       	std	Z+1, r23	; 0x01

00000ff0 <.L37>:
     ff0:	08 95       	ret

00000ff2 <__vector_1>:
     ff2:	1f 92       	push	r1
     ff4:	0f 92       	push	r0
     ff6:	0f b6       	in	r0, 0x3f	; 63
     ff8:	0f 92       	push	r0
     ffa:	11 24       	eor	r1, r1
     ffc:	2f 93       	push	r18
     ffe:	3f 93       	push	r19
    1000:	4f 93       	push	r20
    1002:	5f 93       	push	r21
    1004:	6f 93       	push	r22
    1006:	7f 93       	push	r23
    1008:	8f 93       	push	r24
    100a:	9f 93       	push	r25
    100c:	af 93       	push	r26
    100e:	bf 93       	push	r27
    1010:	ef 93       	push	r30
    1012:	ff 93       	push	r31
    1014:	e0 91 0a 02 	lds	r30, 0x020A	; 0x80020a <Ptr>
    1018:	f0 91 0b 02 	lds	r31, 0x020B	; 0x80020b <Ptr+0x1>
    101c:	30 97       	sbiw	r30, 0x00	; 0
    101e:	09 f0       	breq	.+2      	; 0x1022 <.L42>
    1020:	09 95       	icall

00001022 <.L42>:
    1022:	ff 91       	pop	r31
    1024:	ef 91       	pop	r30
    1026:	bf 91       	pop	r27
    1028:	af 91       	pop	r26
    102a:	9f 91       	pop	r25
    102c:	8f 91       	pop	r24
    102e:	7f 91       	pop	r23
    1030:	6f 91       	pop	r22
    1032:	5f 91       	pop	r21
    1034:	4f 91       	pop	r20
    1036:	3f 91       	pop	r19
    1038:	2f 91       	pop	r18
    103a:	0f 90       	pop	r0
    103c:	0f be       	out	0x3f, r0	; 63
    103e:	0f 90       	pop	r0
    1040:	1f 90       	pop	r1
    1042:	18 95       	reti

00001044 <__vector_2>:
    1044:	1f 92       	push	r1
    1046:	0f 92       	push	r0
    1048:	0f b6       	in	r0, 0x3f	; 63
    104a:	0f 92       	push	r0
    104c:	11 24       	eor	r1, r1
    104e:	2f 93       	push	r18
    1050:	3f 93       	push	r19
    1052:	4f 93       	push	r20
    1054:	5f 93       	push	r21
    1056:	6f 93       	push	r22
    1058:	7f 93       	push	r23
    105a:	8f 93       	push	r24
    105c:	9f 93       	push	r25
    105e:	af 93       	push	r26
    1060:	bf 93       	push	r27
    1062:	ef 93       	push	r30
    1064:	ff 93       	push	r31
    1066:	e0 91 0c 02 	lds	r30, 0x020C	; 0x80020c <Ptr+0x2>
    106a:	f0 91 0d 02 	lds	r31, 0x020D	; 0x80020d <Ptr+0x3>
    106e:	30 97       	sbiw	r30, 0x00	; 0
    1070:	09 f0       	breq	.+2      	; 0x1074 <.L47>
    1072:	09 95       	icall

00001074 <.L47>:
    1074:	ff 91       	pop	r31
    1076:	ef 91       	pop	r30
    1078:	bf 91       	pop	r27
    107a:	af 91       	pop	r26
    107c:	9f 91       	pop	r25
    107e:	8f 91       	pop	r24
    1080:	7f 91       	pop	r23
    1082:	6f 91       	pop	r22
    1084:	5f 91       	pop	r21
    1086:	4f 91       	pop	r20
    1088:	3f 91       	pop	r19
    108a:	2f 91       	pop	r18
    108c:	0f 90       	pop	r0
    108e:	0f be       	out	0x3f, r0	; 63
    1090:	0f 90       	pop	r0
    1092:	1f 90       	pop	r1
    1094:	18 95       	reti

00001096 <__vector_3>:
    1096:	1f 92       	push	r1
    1098:	0f 92       	push	r0
    109a:	0f b6       	in	r0, 0x3f	; 63
    109c:	0f 92       	push	r0
    109e:	11 24       	eor	r1, r1
    10a0:	2f 93       	push	r18
    10a2:	3f 93       	push	r19
    10a4:	4f 93       	push	r20
    10a6:	5f 93       	push	r21
    10a8:	6f 93       	push	r22
    10aa:	7f 93       	push	r23
    10ac:	8f 93       	push	r24
    10ae:	9f 93       	push	r25
    10b0:	af 93       	push	r26
    10b2:	bf 93       	push	r27
    10b4:	ef 93       	push	r30
    10b6:	ff 93       	push	r31
    10b8:	e0 91 0e 02 	lds	r30, 0x020E	; 0x80020e <Ptr+0x4>
    10bc:	f0 91 0f 02 	lds	r31, 0x020F	; 0x80020f <Ptr+0x5>
    10c0:	30 97       	sbiw	r30, 0x00	; 0
    10c2:	09 f0       	breq	.+2      	; 0x10c6 <.L52>
    10c4:	09 95       	icall

000010c6 <.L52>:
    10c6:	ff 91       	pop	r31
    10c8:	ef 91       	pop	r30
    10ca:	bf 91       	pop	r27
    10cc:	af 91       	pop	r26
    10ce:	9f 91       	pop	r25
    10d0:	8f 91       	pop	r24
    10d2:	7f 91       	pop	r23
    10d4:	6f 91       	pop	r22
    10d6:	5f 91       	pop	r21
    10d8:	4f 91       	pop	r20
    10da:	3f 91       	pop	r19
    10dc:	2f 91       	pop	r18
    10de:	0f 90       	pop	r0
    10e0:	0f be       	out	0x3f, r0	; 63
    10e2:	0f 90       	pop	r0
    10e4:	1f 90       	pop	r1
    10e6:	18 95       	reti

000010e8 <GIE_Enable>:
    10e8:	8f b7       	in	r24, 0x3f	; 63
    10ea:	80 68       	ori	r24, 0x80	; 128
    10ec:	8f bf       	out	0x3f, r24	; 63
    10ee:	08 95       	ret

000010f0 <GIE_Disable>:
    10f0:	8f b7       	in	r24, 0x3f	; 63
    10f2:	8f 77       	andi	r24, 0x7F	; 127
    10f4:	8f bf       	out	0x3f, r24	; 63
    10f6:	08 95       	ret

000010f8 <UART_Init>:
    10f8:	ef 92       	push	r14
    10fa:	ff 92       	push	r15
    10fc:	0f 93       	push	r16
    10fe:	1f 93       	push	r17
    1100:	cf 93       	push	r28
    1102:	df 93       	push	r29
    1104:	cd b7       	in	r28, 0x3d	; 61
    1106:	de b7       	in	r29, 0x3e	; 62
    1108:	2b 97       	sbiw	r28, 0x0b	; 11
    110a:	0f b6       	in	r0, 0x3f	; 63
    110c:	f8 94       	cli
    110e:	de bf       	out	0x3e, r29	; 62
    1110:	0f be       	out	0x3f, r0	; 63
    1112:	cd bf       	out	0x3d, r28	; 61
    1114:	ae 2d       	mov	r26, r14
    1116:	e9 82       	std	Y+1, r14	; 0x01
    1118:	ff 2d       	mov	r31, r15
    111a:	fa 82       	std	Y+2, r15	; 0x02
    111c:	e0 2f       	mov	r30, r16
    111e:	0b 83       	std	Y+3, r16	; 0x03
    1120:	91 2f       	mov	r25, r17
    1122:	1c 83       	std	Y+4, r17	; 0x04
    1124:	2d 83       	std	Y+5, r18	; 0x05
    1126:	3e 83       	std	Y+6, r19	; 0x06
    1128:	4f 83       	std	Y+7, r20	; 0x07
    112a:	58 87       	std	Y+8, r21	; 0x08
    112c:	06 2f       	mov	r16, r22
    112e:	69 87       	std	Y+9, r22	; 0x09
    1130:	67 2f       	mov	r22, r23
    1132:	7a 87       	std	Y+10, r23	; 0x0a
    1134:	18 2f       	mov	r17, r24
    1136:	8b 87       	std	Y+11, r24	; 0x0b
    1138:	2d 81       	ldd	r18, Y+5	; 0x05
    113a:	3e 81       	ldd	r19, Y+6	; 0x06
    113c:	4f 81       	ldd	r20, Y+7	; 0x07
    113e:	58 85       	ldd	r21, Y+8	; 0x08
    1140:	e0 92 10 02 	sts	0x0210, r14	; 0x800210 <GlobaleUart_Config>
    1144:	f0 92 11 02 	sts	0x0211, r15	; 0x800211 <GlobaleUart_Config+0x1>
    1148:	e0 93 12 02 	sts	0x0212, r30	; 0x800212 <GlobaleUart_Config+0x2>
    114c:	90 93 13 02 	sts	0x0213, r25	; 0x800213 <GlobaleUart_Config+0x3>
    1150:	20 93 14 02 	sts	0x0214, r18	; 0x800214 <GlobaleUart_Config+0x4>
    1154:	30 93 15 02 	sts	0x0215, r19	; 0x800215 <GlobaleUart_Config+0x5>
    1158:	40 93 16 02 	sts	0x0216, r20	; 0x800216 <GlobaleUart_Config+0x6>
    115c:	50 93 17 02 	sts	0x0217, r21	; 0x800217 <GlobaleUart_Config+0x7>
    1160:	00 93 18 02 	sts	0x0218, r16	; 0x800218 <GlobaleUart_Config+0x8>
    1164:	70 93 19 02 	sts	0x0219, r23	; 0x800219 <GlobaleUart_Config+0x9>
    1168:	80 93 1a 02 	sts	0x021A, r24	; 0x80021a <GlobaleUart_Config+0xa>
    116c:	80 ec       	ldi	r24, 0xC0	; 192
    116e:	a1 30       	cpi	r26, 0x01	; 1
    1170:	09 f0       	breq	.+2      	; 0x1174 <.L2>
    1172:	80 e8       	ldi	r24, 0x80	; 128

00001174 <.L2>:
    1174:	e1 30       	cpi	r30, 0x01	; 1
    1176:	09 f4       	brne	.+2      	; 0x117a <L0^A+0x2>

00001178 <L0^A>:
    1178:	74 c0       	rjmp	.+232    	; 0x1262 <.L35>
    117a:	e2 30       	cpi	r30, 0x02	; 2
    117c:	09 f4       	brne	.+2      	; 0x1180 <.L4>

0000117e <L0^A>:
    117e:	5a c0       	rjmp	.+180    	; 0x1234 <.L36>

00001180 <.L4>:
    1180:	f1 30       	cpi	r31, 0x01	; 1
    1182:	09 f4       	brne	.+2      	; 0x1186 <.L5>

00001184 <L0^A>:
    1184:	5b c0       	rjmp	.+182    	; 0x123c <.L37>

00001186 <.L5>:
    1186:	91 30       	cpi	r25, 0x01	; 1
    1188:	58 f0       	brcs	.+22     	; 0x11a0 <.L6>
    118a:	09 f4       	brne	.+2      	; 0x118e <L0^A+0x2>

0000118c <L0^A>:
    118c:	6f c0       	rjmp	.+222    	; 0x126c <.L38>
    118e:	92 30       	cpi	r25, 0x02	; 2
    1190:	09 f4       	brne	.+2      	; 0x1194 <L0^A+0x2>

00001192 <L0^A>:
    1192:	75 c0       	rjmp	.+234    	; 0x127e <.L39>
    1194:	93 30       	cpi	r25, 0x03	; 3
    1196:	09 f4       	brne	.+2      	; 0x119a <L0^A+0x2>

00001198 <L0^A>:
    1198:	6b c0       	rjmp	.+214    	; 0x1270 <.L29>
    119a:	97 30       	cpi	r25, 0x07	; 7
    119c:	09 f4       	brne	.+2      	; 0x11a0 <.L6>

0000119e <L0^A>:
    119e:	68 c0       	rjmp	.+208    	; 0x1270 <.L29>

000011a0 <.L6>:
    11a0:	80 bd       	out	0x20, r24	; 32
    11a2:	61 30       	cpi	r22, 0x01	; 1
    11a4:	e8 f5       	brcc	.+122    	; 0x1220 <.L10>
    11a6:	59 98       	cbi	0x0b, 1	; 11
    11a8:	22 0f       	add	r18, r18
    11aa:	33 1f       	adc	r19, r19
    11ac:	44 1f       	adc	r20, r20
    11ae:	55 1f       	adc	r21, r21
    11b0:	22 0f       	add	r18, r18
    11b2:	33 1f       	adc	r19, r19
    11b4:	44 1f       	adc	r20, r20
    11b6:	55 1f       	adc	r21, r21
    11b8:	22 0f       	add	r18, r18
    11ba:	33 1f       	adc	r19, r19
    11bc:	44 1f       	adc	r20, r20
    11be:	55 1f       	adc	r21, r21
    11c0:	22 0f       	add	r18, r18
    11c2:	33 1f       	adc	r19, r19
    11c4:	44 1f       	adc	r20, r20
    11c6:	55 1f       	adc	r21, r21

000011c8 <.L30>:
    11c8:	60 e0       	ldi	r22, 0x00	; 0
    11ca:	72 e1       	ldi	r23, 0x12	; 18
    11cc:	8a e7       	ldi	r24, 0x7A	; 122
    11ce:	90 e0       	ldi	r25, 0x00	; 0
    11d0:	0e 94 59 0a 	call	0x14b2	; 0x14b2 <__udivmodsi4>
    11d4:	21 50       	subi	r18, 0x01	; 1
    11d6:	31 09       	sbc	r19, r1
    11d8:	92 2f       	mov	r25, r18
    11da:	83 2f       	mov	r24, r19

000011dc <.L11>:
    11dc:	99 b9       	out	0x09, r25	; 9
    11de:	80 bd       	out	0x20, r24	; 32
    11e0:	57 98       	cbi	0x0a, 7	; 10
    11e2:	56 98       	cbi	0x0a, 6	; 10
    11e4:	55 98       	cbi	0x0a, 5	; 10
    11e6:	11 50       	subi	r17, 0x01	; 1
    11e8:	17 30       	cpi	r17, 0x07	; 7
    11ea:	48 f4       	brcc	.+18     	; 0x11fe <.L12>
    11ec:	e1 2f       	mov	r30, r17
    11ee:	f0 e0       	ldi	r31, 0x00	; 0
    11f0:	e5 58       	subi	r30, 0x85	; 133
    11f2:	f2 4f       	sbci	r31, 0xF2	; 242
    11f4:	0c 94 7b 0a 	jmp	0x14f6	; 0x14f6 <__tablejump2__>

000011f8 <.L13>:
    11f8:	56 9a       	sbi	0x0a, 6	; 10

000011fa <.L33>:
    11fa:	57 9a       	sbi	0x0a, 7	; 10

000011fc <.L32>:
    11fc:	55 9a       	sbi	0x0a, 5	; 10

000011fe <.L12>:
    11fe:	01 30       	cpi	r16, 0x01	; 1
    1200:	98 f4       	brcc	.+38     	; 0x1228 <.L21>
    1202:	54 9a       	sbi	0x0a, 4	; 10
    1204:	53 98       	cbi	0x0a, 3	; 10

00001206 <.L1>:
    1206:	2b 96       	adiw	r28, 0x0b	; 11
    1208:	0f b6       	in	r0, 0x3f	; 63
    120a:	f8 94       	cli
    120c:	de bf       	out	0x3e, r29	; 62
    120e:	0f be       	out	0x3f, r0	; 63
    1210:	cd bf       	out	0x3d, r28	; 61
    1212:	df 91       	pop	r29
    1214:	cf 91       	pop	r28
    1216:	1f 91       	pop	r17
    1218:	0f 91       	pop	r16
    121a:	ff 90       	pop	r15
    121c:	ef 90       	pop	r14
    121e:	08 95       	ret

00001220 <.L10>:
    1220:	79 f0       	breq	.+30     	; 0x1240 <.L40>
    1222:	80 e0       	ldi	r24, 0x00	; 0
    1224:	90 e0       	ldi	r25, 0x00	; 0
    1226:	da cf       	rjmp	.-76     	; 0x11dc <.L11>

00001228 <.L21>:
    1228:	f1 f0       	breq	.+60     	; 0x1266 <.L41>
    122a:	02 30       	cpi	r16, 0x02	; 2
    122c:	61 f7       	brne	.-40     	; 0x1206 <.L1>
    122e:	54 9a       	sbi	0x0a, 4	; 10
    1230:	53 9a       	sbi	0x0a, 3	; 10
    1232:	e9 cf       	rjmp	.-46     	; 0x1206 <.L1>

00001234 <.L36>:
    1234:	80 63       	ori	r24, 0x30	; 48
    1236:	f1 30       	cpi	r31, 0x01	; 1
    1238:	09 f0       	breq	.+2      	; 0x123c <.L37>

0000123a <L0^A>:
    123a:	a5 cf       	rjmp	.-182    	; 0x1186 <.L5>

0000123c <.L37>:
    123c:	88 60       	ori	r24, 0x08	; 8
    123e:	a3 cf       	rjmp	.-186    	; 0x1186 <.L5>

00001240 <.L40>:
    1240:	59 9a       	sbi	0x0b, 1	; 11
    1242:	22 0f       	add	r18, r18
    1244:	33 1f       	adc	r19, r19
    1246:	44 1f       	adc	r20, r20
    1248:	55 1f       	adc	r21, r21
    124a:	22 0f       	add	r18, r18
    124c:	33 1f       	adc	r19, r19
    124e:	44 1f       	adc	r20, r20
    1250:	55 1f       	adc	r21, r21
    1252:	22 0f       	add	r18, r18
    1254:	33 1f       	adc	r19, r19
    1256:	44 1f       	adc	r20, r20
    1258:	55 1f       	adc	r21, r21
    125a:	b6 cf       	rjmp	.-148    	; 0x11c8 <.L30>

0000125c <.L17>:
    125c:	57 9a       	sbi	0x0a, 7	; 10

0000125e <.L31>:
    125e:	56 9a       	sbi	0x0a, 6	; 10
    1260:	ce cf       	rjmp	.-100    	; 0x11fe <.L12>

00001262 <.L35>:
    1262:	80 62       	ori	r24, 0x20	; 32
    1264:	8d cf       	rjmp	.-230    	; 0x1180 <.L4>

00001266 <.L41>:
    1266:	53 9a       	sbi	0x0a, 3	; 10
    1268:	54 98       	cbi	0x0a, 4	; 10
    126a:	cd cf       	rjmp	.-102    	; 0x1206 <.L1>

0000126c <.L38>:
    126c:	82 60       	ori	r24, 0x02	; 2
    126e:	98 cf       	rjmp	.-208    	; 0x11a0 <.L6>

00001270 <.L29>:
    1270:	86 60       	ori	r24, 0x06	; 6
    1272:	96 cf       	rjmp	.-212    	; 0x11a0 <.L6>

00001274 <.L20>:
    1274:	57 9a       	sbi	0x0a, 7	; 10
    1276:	c3 cf       	rjmp	.-122    	; 0x11fe <.L12>

00001278 <.L15>:
    1278:	56 9a       	sbi	0x0a, 6	; 10
    127a:	55 9a       	sbi	0x0a, 5	; 10
    127c:	c0 cf       	rjmp	.-128    	; 0x11fe <.L12>

0000127e <.L39>:
    127e:	84 60       	ori	r24, 0x04	; 4
    1280:	8f cf       	rjmp	.-226    	; 0x11a0 <.L6>

00001282 <UART_SendBytePolling>:
    1282:	9c 01       	movw	r18, r24

00001284 <.L43>:
    1284:	5d 9b       	sbis	0x0b, 5	; 11
    1286:	fe cf       	rjmp	.-4      	; 0x1284 <.L43>
    1288:	80 91 13 02 	lds	r24, 0x0213	; 0x800213 <GlobaleUart_Config+0x3>
    128c:	89 30       	cpi	r24, 0x09	; 9
    128e:	11 f0       	breq	.+4      	; 0x1294 <.L52>

00001290 <.L45>:
    1290:	2c b9       	out	0x0c, r18	; 12
    1292:	08 95       	ret

00001294 <.L52>:
    1294:	50 98       	cbi	0x0a, 0	; 10
    1296:	30 ff       	sbrs	r19, 0
    1298:	fb cf       	rjmp	.-10     	; 0x1290 <.L45>
    129a:	50 9a       	sbi	0x0a, 0	; 10
    129c:	2c b9       	out	0x0c, r18	; 12
    129e:	08 95       	ret

000012a0 <UART_ReceiveBytePolling>:
    12a0:	5f 9b       	sbis	0x0b, 7	; 11
    12a2:	fe cf       	rjmp	.-4      	; 0x12a0 <UART_ReceiveBytePolling>
    12a4:	80 91 13 02 	lds	r24, 0x0213	; 0x800213 <GlobaleUart_Config+0x3>
    12a8:	89 30       	cpi	r24, 0x09	; 9
    12aa:	09 f4       	brne	.+2      	; 0x12ae <.L55>
    12ac:	8a b1       	in	r24, 0x0a	; 10

000012ae <.L55>:
    12ae:	8c b1       	in	r24, 0x0c	; 12
    12b0:	8c b1       	in	r24, 0x0c	; 12
    12b2:	90 e0       	ldi	r25, 0x00	; 0
    12b4:	08 95       	ret

000012b6 <UART_SendStringPolling>:
    12b6:	dc 01       	movw	r26, r24
    12b8:	9c 91       	ld	r25, X
    12ba:	91 15       	cp	r25, r1
    12bc:	81 f0       	breq	.+32     	; 0x12de <.L58>
    12be:	20 e0       	ldi	r18, 0x00	; 0
    12c0:	80 91 13 02 	lds	r24, 0x0213	; 0x800213 <GlobaleUart_Config+0x3>

000012c4 <.L60>:
    12c4:	5d 9b       	sbis	0x0b, 5	; 11
    12c6:	fe cf       	rjmp	.-4      	; 0x12c4 <.L60>
    12c8:	89 30       	cpi	r24, 0x09	; 9
    12ca:	09 f4       	brne	.+2      	; 0x12ce <.L61>
    12cc:	50 98       	cbi	0x0a, 0	; 10

000012ce <.L61>:
    12ce:	9c b9       	out	0x0c, r25	; 12
    12d0:	2f 5f       	subi	r18, 0xFF	; 255
    12d2:	fd 01       	movw	r30, r26
    12d4:	e2 0f       	add	r30, r18
    12d6:	f1 1d       	adc	r31, r1
    12d8:	90 81       	ld	r25, Z
    12da:	91 11       	cpse	r25, r1
    12dc:	f3 cf       	rjmp	.-26     	; 0x12c4 <.L60>

000012de <.L58>:
    12de:	08 95       	ret

000012e0 <UART_ReceiveStringPolling>:
    12e0:	dc 01       	movw	r26, r24
    12e2:	89 2b       	or	r24, r25
    12e4:	d9 f0       	breq	.+54     	; 0x131c <.L69>

000012e6 <.L71>:
    12e6:	5f 9b       	sbis	0x0b, 7	; 11
    12e8:	fe cf       	rjmp	.-4      	; 0x12e6 <.L71>
    12ea:	80 91 13 02 	lds	r24, 0x0213	; 0x800213 <GlobaleUart_Config+0x3>
    12ee:	89 30       	cpi	r24, 0x09	; 9
    12f0:	b1 f0       	breq	.+44     	; 0x131e <.L86>
    12f2:	9c b1       	in	r25, 0x0c	; 12
    12f4:	9c b1       	in	r25, 0x0c	; 12
    12f6:	9c 93       	st	X, r25
    12f8:	69 17       	cp	r22, r25
    12fa:	b9 f0       	breq	.+46     	; 0x132a <.L77>

000012fc <.L87>:
    12fc:	90 e0       	ldi	r25, 0x00	; 0

000012fe <.L76>:
    12fe:	9f 5f       	subi	r25, 0xFF	; 255

00001300 <.L74>:
    1300:	5f 9b       	sbis	0x0b, 7	; 11
    1302:	fe cf       	rjmp	.-4      	; 0x1300 <.L74>
    1304:	89 30       	cpi	r24, 0x09	; 9
    1306:	09 f4       	brne	.+2      	; 0x130a <.L75>
    1308:	2a b1       	in	r18, 0x0a	; 10

0000130a <.L75>:
    130a:	2c b1       	in	r18, 0x0c	; 12
    130c:	2c b1       	in	r18, 0x0c	; 12
    130e:	fd 01       	movw	r30, r26
    1310:	e9 0f       	add	r30, r25
    1312:	f1 1d       	adc	r31, r1
    1314:	20 83       	st	Z, r18
    1316:	62 13       	cpse	r22, r18
    1318:	f2 cf       	rjmp	.-28     	; 0x12fe <.L76>
    131a:	10 82       	st	Z, r1

0000131c <.L69>:
    131c:	08 95       	ret

0000131e <.L86>:
    131e:	9a b1       	in	r25, 0x0a	; 10
    1320:	9c b1       	in	r25, 0x0c	; 12
    1322:	9c b1       	in	r25, 0x0c	; 12
    1324:	9c 93       	st	X, r25
    1326:	69 13       	cpse	r22, r25
    1328:	e9 cf       	rjmp	.-46     	; 0x12fc <.L87>

0000132a <.L77>:
    132a:	fd 01       	movw	r30, r26
    132c:	10 82       	st	Z, r1
    132e:	08 95       	ret

00001330 <UART_SendBufferPolling>:
    1330:	61 15       	cp	r22, r1
    1332:	71 05       	cpc	r23, r1
    1334:	79 f0       	breq	.+30     	; 0x1354 <.L88>
    1336:	fc 01       	movw	r30, r24
    1338:	68 0f       	add	r22, r24
    133a:	79 1f       	adc	r23, r25
    133c:	90 91 13 02 	lds	r25, 0x0213	; 0x800213 <GlobaleUart_Config+0x3>

00001340 <.L92>:
    1340:	81 91       	ld	r24, Z+

00001342 <.L90>:
    1342:	5d 9b       	sbis	0x0b, 5	; 11
    1344:	fe cf       	rjmp	.-4      	; 0x1342 <.L90>
    1346:	99 30       	cpi	r25, 0x09	; 9
    1348:	09 f4       	brne	.+2      	; 0x134c <.L91>
    134a:	50 98       	cbi	0x0a, 0	; 10

0000134c <.L91>:
    134c:	8c b9       	out	0x0c, r24	; 12
    134e:	e6 17       	cp	r30, r22
    1350:	f7 07       	cpc	r31, r23
    1352:	b1 f7       	brne	.-20     	; 0x1340 <.L92>

00001354 <.L88>:
    1354:	08 95       	ret

00001356 <UART_EnableRX>:
    1356:	54 9a       	sbi	0x0a, 4	; 10
    1358:	08 95       	ret

0000135a <UART_EnableTX>:
    135a:	53 9a       	sbi	0x0a, 3	; 10
    135c:	08 95       	ret

0000135e <UART_DisableRX>:
    135e:	54 98       	cbi	0x0a, 4	; 10
    1360:	08 95       	ret

00001362 <UART_DisableTX>:
    1362:	53 98       	cbi	0x0a, 3	; 10
    1364:	08 95       	ret

00001366 <UART_SendByteInterrupt>:
    1366:	08 95       	ret

00001368 <UART_EnableRXInterrupt>:
    1368:	57 9a       	sbi	0x0a, 7	; 10
    136a:	08 95       	ret

0000136c <UART_EnableTXInterrupt>:
    136c:	56 9a       	sbi	0x0a, 6	; 10
    136e:	08 95       	ret

00001370 <UART_EnableREInterrupt>:
    1370:	55 9a       	sbi	0x0a, 5	; 10
    1372:	08 95       	ret

00001374 <UART_DisableRXInterrupt>:
    1374:	57 98       	cbi	0x0a, 7	; 10
    1376:	08 95       	ret

00001378 <UART_DisableTXInterrupt>:
    1378:	56 98       	cbi	0x0a, 6	; 10
    137a:	08 95       	ret

0000137c <UART_DisableREInterrupt>:
    137c:	55 98       	cbi	0x0a, 5	; 10
    137e:	08 95       	ret

00001380 <UART_SetRXCallback>:
    1380:	00 97       	sbiw	r24, 0x00	; 0
    1382:	21 f0       	breq	.+8      	; 0x138c <.L110>
    1384:	80 93 1f 02 	sts	0x021F, r24	; 0x80021f <PF_UartRX>
    1388:	90 93 20 02 	sts	0x0220, r25	; 0x800220 <PF_UartRX+0x1>

0000138c <.L110>:
    138c:	08 95       	ret

0000138e <UART_SetTXCallback>:
    138e:	00 97       	sbiw	r24, 0x00	; 0
    1390:	21 f0       	breq	.+8      	; 0x139a <.L115>
    1392:	80 93 1d 02 	sts	0x021D, r24	; 0x80021d <PF_UartTX>
    1396:	90 93 1e 02 	sts	0x021E, r25	; 0x80021e <PF_UartTX+0x1>

0000139a <.L115>:
    139a:	08 95       	ret

0000139c <UART_SetRECallback>:
    139c:	00 97       	sbiw	r24, 0x00	; 0
    139e:	21 f0       	breq	.+8      	; 0x13a8 <.L120>
    13a0:	80 93 1b 02 	sts	0x021B, r24	; 0x80021b <PF_UartRE>
    13a4:	90 93 1c 02 	sts	0x021C, r25	; 0x80021c <PF_UartRE+0x1>

000013a8 <.L120>:
    13a8:	08 95       	ret

000013aa <__vector_13>:
    13aa:	1f 92       	push	r1
    13ac:	0f 92       	push	r0
    13ae:	0f b6       	in	r0, 0x3f	; 63
    13b0:	0f 92       	push	r0
    13b2:	11 24       	eor	r1, r1
    13b4:	2f 93       	push	r18
    13b6:	3f 93       	push	r19
    13b8:	4f 93       	push	r20
    13ba:	5f 93       	push	r21
    13bc:	6f 93       	push	r22
    13be:	7f 93       	push	r23
    13c0:	8f 93       	push	r24
    13c2:	9f 93       	push	r25
    13c4:	af 93       	push	r26
    13c6:	bf 93       	push	r27
    13c8:	ef 93       	push	r30
    13ca:	ff 93       	push	r31
    13cc:	e0 91 1f 02 	lds	r30, 0x021F	; 0x80021f <PF_UartRX>
    13d0:	f0 91 20 02 	lds	r31, 0x0220	; 0x800220 <PF_UartRX+0x1>
    13d4:	30 97       	sbiw	r30, 0x00	; 0
    13d6:	19 f0       	breq	.+6      	; 0x13de <.L125>
    13d8:	80 e0       	ldi	r24, 0x00	; 0
    13da:	90 e0       	ldi	r25, 0x00	; 0
    13dc:	09 95       	icall

000013de <.L125>:
    13de:	ff 91       	pop	r31
    13e0:	ef 91       	pop	r30
    13e2:	bf 91       	pop	r27
    13e4:	af 91       	pop	r26
    13e6:	9f 91       	pop	r25
    13e8:	8f 91       	pop	r24
    13ea:	7f 91       	pop	r23
    13ec:	6f 91       	pop	r22
    13ee:	5f 91       	pop	r21
    13f0:	4f 91       	pop	r20
    13f2:	3f 91       	pop	r19
    13f4:	2f 91       	pop	r18
    13f6:	0f 90       	pop	r0
    13f8:	0f be       	out	0x3f, r0	; 63
    13fa:	0f 90       	pop	r0
    13fc:	1f 90       	pop	r1
    13fe:	18 95       	reti

00001400 <__vector_15>:
    1400:	1f 92       	push	r1
    1402:	0f 92       	push	r0
    1404:	0f b6       	in	r0, 0x3f	; 63
    1406:	0f 92       	push	r0
    1408:	11 24       	eor	r1, r1
    140a:	2f 93       	push	r18
    140c:	3f 93       	push	r19
    140e:	4f 93       	push	r20
    1410:	5f 93       	push	r21
    1412:	6f 93       	push	r22
    1414:	7f 93       	push	r23
    1416:	8f 93       	push	r24
    1418:	9f 93       	push	r25
    141a:	af 93       	push	r26
    141c:	bf 93       	push	r27
    141e:	ef 93       	push	r30
    1420:	ff 93       	push	r31
    1422:	e0 91 1d 02 	lds	r30, 0x021D	; 0x80021d <PF_UartTX>
    1426:	f0 91 1e 02 	lds	r31, 0x021E	; 0x80021e <PF_UartTX+0x1>
    142a:	30 97       	sbiw	r30, 0x00	; 0
    142c:	09 f0       	breq	.+2      	; 0x1430 <.L130>
    142e:	09 95       	icall

00001430 <.L130>:
    1430:	ff 91       	pop	r31
    1432:	ef 91       	pop	r30
    1434:	bf 91       	pop	r27
    1436:	af 91       	pop	r26
    1438:	9f 91       	pop	r25
    143a:	8f 91       	pop	r24
    143c:	7f 91       	pop	r23
    143e:	6f 91       	pop	r22
    1440:	5f 91       	pop	r21
    1442:	4f 91       	pop	r20
    1444:	3f 91       	pop	r19
    1446:	2f 91       	pop	r18
    1448:	0f 90       	pop	r0
    144a:	0f be       	out	0x3f, r0	; 63
    144c:	0f 90       	pop	r0
    144e:	1f 90       	pop	r1
    1450:	18 95       	reti

00001452 <__vector_14>:
    1452:	1f 92       	push	r1
    1454:	0f 92       	push	r0
    1456:	0f b6       	in	r0, 0x3f	; 63
    1458:	0f 92       	push	r0
    145a:	11 24       	eor	r1, r1
    145c:	2f 93       	push	r18
    145e:	3f 93       	push	r19
    1460:	4f 93       	push	r20
    1462:	5f 93       	push	r21
    1464:	6f 93       	push	r22
    1466:	7f 93       	push	r23
    1468:	8f 93       	push	r24
    146a:	9f 93       	push	r25
    146c:	af 93       	push	r26
    146e:	bf 93       	push	r27
    1470:	ef 93       	push	r30
    1472:	ff 93       	push	r31
    1474:	e0 91 1b 02 	lds	r30, 0x021B	; 0x80021b <PF_UartRE>
    1478:	f0 91 1c 02 	lds	r31, 0x021C	; 0x80021c <PF_UartRE+0x1>
    147c:	30 97       	sbiw	r30, 0x00	; 0
    147e:	09 f0       	breq	.+2      	; 0x1482 <.L135>
    1480:	09 95       	icall

00001482 <.L135>:
    1482:	ff 91       	pop	r31
    1484:	ef 91       	pop	r30
    1486:	bf 91       	pop	r27
    1488:	af 91       	pop	r26
    148a:	9f 91       	pop	r25
    148c:	8f 91       	pop	r24
    148e:	7f 91       	pop	r23
    1490:	6f 91       	pop	r22
    1492:	5f 91       	pop	r21
    1494:	4f 91       	pop	r20
    1496:	3f 91       	pop	r19
    1498:	2f 91       	pop	r18
    149a:	0f 90       	pop	r0
    149c:	0f be       	out	0x3f, r0	; 63
    149e:	0f 90       	pop	r0
    14a0:	1f 90       	pop	r1
    14a2:	18 95       	reti

000014a4 <main>:
    14a4:	0e 94 b1 02 	call	0x562	; 0x562 <App_Init>

000014a8 <.L2>:
    14a8:	0e 94 4d 03 	call	0x69a	; 0x69a <ParkingManager_Run>
    14ac:	0e 94 95 02 	call	0x52a	; 0x52a <Idle_Run>
    14b0:	fb cf       	rjmp	.-10     	; 0x14a8 <.L2>

000014b2 <__udivmodsi4>:
    14b2:	a1 e2       	ldi	r26, 0x21	; 33

000014b4 <.Loc.1>:
    14b4:	1a 2e       	mov	r1, r26

000014b6 <.Loc.2>:
    14b6:	aa 1b       	sub	r26, r26

000014b8 <.Loc.3>:
    14b8:	bb 1b       	sub	r27, r27

000014ba <.Loc.4>:
    14ba:	fd 01       	movw	r30, r26

000014bc <.Loc.5>:
    14bc:	0d c0       	rjmp	.+26     	; 0x14d8 <__udivmodsi4_ep>

000014be <__udivmodsi4_loop>:
    14be:	aa 1f       	adc	r26, r26

000014c0 <.Loc.7>:
    14c0:	bb 1f       	adc	r27, r27

000014c2 <.Loc.8>:
    14c2:	ee 1f       	adc	r30, r30

000014c4 <.Loc.9>:
    14c4:	ff 1f       	adc	r31, r31

000014c6 <.Loc.10>:
    14c6:	a2 17       	cp	r26, r18

000014c8 <.Loc.11>:
    14c8:	b3 07       	cpc	r27, r19

000014ca <.Loc.12>:
    14ca:	e4 07       	cpc	r30, r20

000014cc <.Loc.13>:
    14cc:	f5 07       	cpc	r31, r21

000014ce <.Loc.14>:
    14ce:	20 f0       	brcs	.+8      	; 0x14d8 <__udivmodsi4_ep>

000014d0 <.Loc.15>:
    14d0:	a2 1b       	sub	r26, r18

000014d2 <.Loc.16>:
    14d2:	b3 0b       	sbc	r27, r19

000014d4 <.Loc.17>:
    14d4:	e4 0b       	sbc	r30, r20

000014d6 <.Loc.18>:
    14d6:	f5 0b       	sbc	r31, r21

000014d8 <__udivmodsi4_ep>:
    14d8:	66 1f       	adc	r22, r22

000014da <.Loc.20>:
    14da:	77 1f       	adc	r23, r23

000014dc <.Loc.21>:
    14dc:	88 1f       	adc	r24, r24

000014de <.Loc.22>:
    14de:	99 1f       	adc	r25, r25

000014e0 <.Loc.23>:
    14e0:	1a 94       	dec	r1

000014e2 <.Loc.24>:
    14e2:	69 f7       	brne	.-38     	; 0x14be <__udivmodsi4_loop>

000014e4 <.Loc.25>:
    14e4:	60 95       	com	r22

000014e6 <.Loc.26>:
    14e6:	70 95       	com	r23

000014e8 <.Loc.27>:
    14e8:	80 95       	com	r24

000014ea <.Loc.28>:
    14ea:	90 95       	com	r25

000014ec <.Loc.29>:
    14ec:	9b 01       	movw	r18, r22

000014ee <.Loc.30>:
    14ee:	ac 01       	movw	r20, r24

000014f0 <.Loc.31>:
    14f0:	bd 01       	movw	r22, r26

000014f2 <.Loc.32>:
    14f2:	cf 01       	movw	r24, r30

000014f4 <.Loc.33>:
    14f4:	08 95       	ret

000014f6 <__tablejump2__>:
    14f6:	ee 0f       	add	r30, r30

000014f8 <.Loc.1>:
    14f8:	ff 1f       	adc	r31, r31

000014fa <.Loc.2>:
    14fa:	05 90       	lpm	r0, Z+

000014fc <.Loc.3>:
    14fc:	f4 91       	lpm	r31, Z

000014fe <.Loc.4>:
    14fe:	e0 2d       	mov	r30, r0

00001500 <.Loc.5>:
    1500:	09 94       	ijmp

00001502 <sprintf>:
    1502:	ae e0       	ldi	r26, 0x0E	; 14
    1504:	b0 e0       	ldi	r27, 0x00	; 0
    1506:	e7 e8       	ldi	r30, 0x87	; 135
    1508:	fa e0       	ldi	r31, 0x0A	; 10
    150a:	0c 94 52 0d 	jmp	0x1aa4	; 0x1aa4 <.Loc.16>

0000150e <.L1^B1>:
    150e:	86 e0       	ldi	r24, 0x06	; 6
    1510:	8c 83       	std	Y+4, r24	; 0x04
    1512:	2b 89       	ldd	r18, Y+19	; 0x13
    1514:	3c 89       	ldd	r19, Y+20	; 0x14
    1516:	29 83       	std	Y+1, r18	; 0x01
    1518:	3a 83       	std	Y+2, r19	; 0x02
    151a:	8f ef       	ldi	r24, 0xFF	; 255
    151c:	9f e7       	ldi	r25, 0x7F	; 127
    151e:	8d 83       	std	Y+5, r24	; 0x05
    1520:	9e 83       	std	Y+6, r25	; 0x06
    1522:	ae 01       	movw	r20, r28
    1524:	49 5e       	subi	r20, 0xE9	; 233
    1526:	5f 4f       	sbci	r21, 0xFF	; 255
    1528:	6d 89       	ldd	r22, Y+21	; 0x15
    152a:	7e 89       	ldd	r23, Y+22	; 0x16
    152c:	ce 01       	movw	r24, r28
    152e:	01 96       	adiw	r24, 0x01	; 1
    1530:	0e 94 a5 0a 	call	0x154a	; 0x154a <vfprintf>
    1534:	ef 81       	ldd	r30, Y+7	; 0x07
    1536:	f8 85       	ldd	r31, Y+8	; 0x08
    1538:	2b 89       	ldd	r18, Y+19	; 0x13
    153a:	3c 89       	ldd	r19, Y+20	; 0x14
    153c:	e2 0f       	add	r30, r18
    153e:	f3 1f       	adc	r31, r19
    1540:	10 82       	st	Z, r1
    1542:	2e 96       	adiw	r28, 0x0e	; 14
    1544:	e2 e0       	ldi	r30, 0x02	; 2
    1546:	0c 94 6e 0d 	jmp	0x1adc	; 0x1adc <.Loc.16>

0000154a <vfprintf>:
    154a:	ab e0       	ldi	r26, 0x0B	; 11
    154c:	b0 e0       	ldi	r27, 0x00	; 0
    154e:	eb ea       	ldi	r30, 0xAB	; 171
    1550:	fa e0       	ldi	r31, 0x0A	; 10
    1552:	0c 94 45 0d 	jmp	0x1a8a	; 0x1a8a <.Loc.3>

00001556 <.L1^B1>:
    1556:	6c 01       	movw	r12, r24
    1558:	7b 01       	movw	r14, r22
    155a:	8a 01       	movw	r16, r20
    155c:	fc 01       	movw	r30, r24
    155e:	16 82       	std	Z+6, r1	; 0x06
    1560:	17 82       	std	Z+7, r1	; 0x07
    1562:	83 81       	ldd	r24, Z+3	; 0x03
    1564:	81 ff       	sbrs	r24, 1
    1566:	df c1       	rjmp	.+958    	; 0x1926 <.L80>
    1568:	3a e0       	ldi	r19, 0x0A	; 10
    156a:	53 2e       	mov	r5, r19

0000156c <.L3>:
    156c:	f6 01       	movw	r30, r12
    156e:	23 81       	ldd	r18, Z+3	; 0x03
    1570:	f7 01       	movw	r30, r14
    1572:	23 fd       	sbrc	r18, 3
    1574:	85 91       	lpm	r24, Z+
    1576:	23 ff       	sbrs	r18, 3
    1578:	81 91       	ld	r24, Z+
    157a:	7f 01       	movw	r14, r30
    157c:	81 15       	cp	r24, r1
    157e:	09 f4       	brne	.+2      	; 0x1582 <L0^A+0x2>

00001580 <L0^A>:
    1580:	37 c1       	rjmp	.+622    	; 0x17f0 <.L4>
    1582:	85 32       	cpi	r24, 0x25	; 37
    1584:	39 f4       	brne	.+14     	; 0x1594 <.L5>
    1586:	23 fd       	sbrc	r18, 3
    1588:	95 91       	lpm	r25, Z+
    158a:	23 ff       	sbrs	r18, 3
    158c:	91 91       	ld	r25, Z+
    158e:	7f 01       	movw	r14, r30
    1590:	95 32       	cpi	r25, 0x25	; 37
    1592:	29 f4       	brne	.+10     	; 0x159e <.L81>

00001594 <.L5>:
    1594:	b6 01       	movw	r22, r12
    1596:	90 e0       	ldi	r25, 0x00	; 0
    1598:	0e 94 ac 0c 	call	0x1958	; 0x1958 <fputc>
    159c:	e7 cf       	rjmp	.-50     	; 0x156c <.L3>

0000159e <.L81>:
    159e:	30 e0       	ldi	r19, 0x00	; 0
    15a0:	91 2c       	mov	r9, r1
    15a2:	61 2c       	mov	r6, r1
    15a4:	71 2c       	mov	r7, r1

000015a6 <.L6>:
    15a6:	f0 e2       	ldi	r31, 0x20	; 32
    15a8:	7f 16       	cp	r7, r31
    15aa:	40 f5       	brcc	.+80     	; 0x15fc <.L8>
    15ac:	9b 32       	cpi	r25, 0x2B	; 43
    15ae:	d9 f0       	breq	.+54     	; 0x15e6 <.L9>
    15b0:	58 f4       	brcc	.+22     	; 0x15c8 <.L10>
    15b2:	90 32       	cpi	r25, 0x20	; 32
    15b4:	d1 f0       	breq	.+52     	; 0x15ea <.L11>
    15b6:	93 32       	cpi	r25, 0x23	; 35
    15b8:	f1 f0       	breq	.+60     	; 0x15f6 <.L12>

000015ba <.L13>:
    15ba:	9e 32       	cpi	r25, 0x2E	; 46
    15bc:	91 f5       	brne	.+100    	; 0x1622 <.L19>
    15be:	76 fc       	sbrc	r7, 6
    15c0:	17 c1       	rjmp	.+558    	; 0x17f0 <.L4>
    15c2:	68 94       	set
    15c4:	76 f8       	bld	r7, 6
    15c6:	06 c0       	rjmp	.+12     	; 0x15d4 <.L16>

000015c8 <.L10>:
    15c8:	9d 32       	cpi	r25, 0x2D	; 45
    15ca:	91 f0       	breq	.+36     	; 0x15f0 <.L14>
    15cc:	90 33       	cpi	r25, 0x30	; 48
    15ce:	c1 f4       	brne	.+48     	; 0x1600 <.L15>
    15d0:	68 94       	set
    15d2:	70 f8       	bld	r7, 0

000015d4 <.L16>:
    15d4:	f7 01       	movw	r30, r14
    15d6:	23 fd       	sbrc	r18, 3
    15d8:	95 91       	lpm	r25, Z+
    15da:	23 ff       	sbrs	r18, 3
    15dc:	91 91       	ld	r25, Z+
    15de:	7f 01       	movw	r14, r30
    15e0:	91 11       	cpse	r25, r1
    15e2:	e1 cf       	rjmp	.-62     	; 0x15a6 <.L6>
    15e4:	28 c0       	rjmp	.+80     	; 0x1636 <.L17>

000015e6 <.L9>:
    15e6:	68 94       	set
    15e8:	71 f8       	bld	r7, 1

000015ea <.L11>:
    15ea:	68 94       	set
    15ec:	72 f8       	bld	r7, 2
    15ee:	f2 cf       	rjmp	.-28     	; 0x15d4 <.L16>

000015f0 <.L14>:
    15f0:	68 94       	set
    15f2:	73 f8       	bld	r7, 3
    15f4:	ef cf       	rjmp	.-34     	; 0x15d4 <.L16>

000015f6 <.L12>:
    15f6:	68 94       	set
    15f8:	74 f8       	bld	r7, 4
    15fa:	ec cf       	rjmp	.-40     	; 0x15d4 <.L16>

000015fc <.L8>:
    15fc:	77 fc       	sbrc	r7, 7
    15fe:	1b c0       	rjmp	.+54     	; 0x1636 <.L17>

00001600 <.L15>:
    1600:	80 ed       	ldi	r24, 0xD0	; 208
    1602:	89 0f       	add	r24, r25
    1604:	8a 30       	cpi	r24, 0x0A	; 10
    1606:	c8 f6       	brcc	.-78     	; 0x15ba <.L13>
    1608:	76 fe       	sbrs	r7, 6
    160a:	05 c0       	rjmp	.+10     	; 0x1616 <.L18>
    160c:	95 9c       	mul	r9, r5
    160e:	80 0d       	add	r24, r0
    1610:	11 24       	eor	r1, r1
    1612:	98 2e       	mov	r9, r24
    1614:	df cf       	rjmp	.-66     	; 0x15d4 <.L16>

00001616 <.L18>:
    1616:	65 9c       	mul	r6, r5
    1618:	80 0d       	add	r24, r0
    161a:	11 24       	eor	r1, r1
    161c:	68 2e       	mov	r6, r24
    161e:	7f 2a       	or	r7, r31
    1620:	d9 cf       	rjmp	.-78     	; 0x15d4 <.L16>

00001622 <.L19>:
    1622:	9c 36       	cpi	r25, 0x6C	; 108
    1624:	19 f4       	brne	.+6      	; 0x162c <.L20>
    1626:	68 94       	set
    1628:	77 f8       	bld	r7, 7
    162a:	d4 cf       	rjmp	.-88     	; 0x15d4 <.L16>

0000162c <.L20>:
    162c:	9c 34       	cpi	r25, 0x4C	; 76
    162e:	09 f4       	brne	.+2      	; 0x1632 <L0^A+0x2>

00001630 <L0^A>:
    1630:	45 c0       	rjmp	.+138    	; 0x16bc <.L82>
    1632:	98 36       	cpi	r25, 0x68	; 104
    1634:	79 f2       	breq	.-98     	; 0x15d4 <.L16>

00001636 <.L17>:
    1636:	89 2f       	mov	r24, r25
    1638:	8f 7d       	andi	r24, 0xDF	; 223
    163a:	85 54       	subi	r24, 0x45	; 69
    163c:	83 30       	cpi	r24, 0x03	; 3
    163e:	08 f4       	brcc	.+2      	; 0x1642 <L0^A+0x2>

00001640 <L0^A>:
    1640:	3f c0       	rjmp	.+126    	; 0x16c0 <.L21>
    1642:	93 36       	cpi	r25, 0x63	; 99
    1644:	09 f4       	brne	.+2      	; 0x1648 <L0^A+0x2>

00001646 <L0^A>:
    1646:	61 c0       	rjmp	.+194    	; 0x170a <.L22>
    1648:	93 37       	cpi	r25, 0x73	; 115
    164a:	09 f4       	brne	.+2      	; 0x164e <L0^A+0x2>

0000164c <L0^A>:
    164c:	6b c0       	rjmp	.+214    	; 0x1724 <.L23>
    164e:	93 35       	cpi	r25, 0x53	; 83
    1650:	09 f4       	brne	.+2      	; 0x1654 <L0^A+0x2>

00001652 <L0^A>:
    1652:	77 c0       	rjmp	.+238    	; 0x1742 <.L24>
    1654:	94 36       	cpi	r25, 0x64	; 100
    1656:	19 f0       	breq	.+6      	; 0x165e <.L39>
    1658:	99 36       	cpi	r25, 0x69	; 105
    165a:	09 f0       	breq	.+2      	; 0x165e <.L39>

0000165c <L0^A>:
    165c:	a4 c0       	rjmp	.+328    	; 0x17a6 <.L40>

0000165e <.L39>:
    165e:	f8 01       	movw	r30, r16
    1660:	77 fe       	sbrs	r7, 7
    1662:	9a c0       	rjmp	.+308    	; 0x1798 <.L41>
    1664:	61 91       	ld	r22, Z+
    1666:	71 91       	ld	r23, Z+
    1668:	81 91       	ld	r24, Z+
    166a:	91 91       	ld	r25, Z+

0000166c <.L126>:
    166c:	8f 01       	movw	r16, r30
    166e:	27 2d       	mov	r18, r7
    1670:	2f 76       	andi	r18, 0x6F	; 111
    1672:	82 2e       	mov	r8, r18
    1674:	97 ff       	sbrs	r25, 7
    1676:	04 c0       	rjmp	.+8      	; 0x1680 <.L43>
    1678:	0e 94 3a 0d 	call	0x1a74	; 0x1a74 <__negsi2>
    167c:	68 94       	set
    167e:	87 f8       	bld	r8, 7

00001680 <.L43>:
    1680:	2a e0       	ldi	r18, 0x0A	; 10
    1682:	30 e0       	ldi	r19, 0x00	; 0
    1684:	5e 01       	movw	r10, r28
    1686:	4f ef       	ldi	r20, 0xFF	; 255
    1688:	a4 1a       	sub	r10, r20
    168a:	b4 0a       	sbc	r11, r20
    168c:	a5 01       	movw	r20, r10
    168e:	0e 94 dc 0c 	call	0x19b8	; 0x19b8 <__ultoa_invert>
    1692:	78 2e       	mov	r7, r24
    1694:	7a 18       	sub	r7, r10

00001696 <.L44>:
    1696:	86 fe       	sbrs	r8, 6
    1698:	cf c0       	rjmp	.+414    	; 0x1838 <.L54>
    169a:	88 2d       	mov	r24, r8
    169c:	8e 7f       	andi	r24, 0xFE	; 254
    169e:	79 14       	cp	r7, r9
    16a0:	08 f0       	brcs	.+2      	; 0x16a4 <L0^A+0x2>

000016a2 <L0^A>:
    16a2:	c9 c0       	rjmp	.+402    	; 0x1836 <.L88>
    16a4:	84 fe       	sbrs	r8, 4
    16a6:	1d c1       	rjmp	.+570    	; 0x18e2 <.L89>
    16a8:	82 fc       	sbrc	r8, 2
    16aa:	11 c1       	rjmp	.+546    	; 0x18ce <.L90>
    16ac:	2e ee       	ldi	r18, 0xEE	; 238
    16ae:	82 22       	and	r8, r18
    16b0:	b9 2c       	mov	r11, r9

000016b2 <.L55>:
    16b2:	88 2d       	mov	r24, r8
    16b4:	86 78       	andi	r24, 0x86	; 134
    16b6:	09 f4       	brne	.+2      	; 0x16ba <L0^A+0x2>

000016b8 <L0^A>:
    16b8:	cb c0       	rjmp	.+406    	; 0x1850 <.L58>
    16ba:	0e c1       	rjmp	.+540    	; 0x18d8 <.L128>

000016bc <.L82>:
    16bc:	31 e0       	ldi	r19, 0x01	; 1
    16be:	8a cf       	rjmp	.-236    	; 0x15d4 <.L16>

000016c0 <.L21>:
    16c0:	31 15       	cp	r19, r1
    16c2:	01 f1       	breq	.+64     	; 0x1704 <.L26>
    16c4:	08 5f       	subi	r16, 0xF8	; 248
    16c6:	1f 4f       	sbci	r17, 0xFF	; 255

000016c8 <.L27>:
    16c8:	8f e3       	ldi	r24, 0x3F	; 63
    16ca:	89 83       	std	Y+1, r24	; 0x01
    16cc:	21 e0       	ldi	r18, 0x01	; 1
    16ce:	82 2e       	mov	r8, r18
    16d0:	91 2c       	mov	r9, r1
    16d2:	5e 01       	movw	r10, r28
    16d4:	2f ef       	ldi	r18, 0xFF	; 255
    16d6:	a2 1a       	sub	r10, r18
    16d8:	b2 0a       	sbc	r11, r18

000016da <.L28>:
    16da:	e8 94       	clt
    16dc:	77 f8       	bld	r7, 7

000016de <.L30>:
    16de:	73 fc       	sbrc	r7, 3
    16e0:	03 c0       	rjmp	.+6      	; 0x16e8 <.L36>

000016e2 <.L32>:
    16e2:	86 14       	cp	r8, r6
    16e4:	91 04       	cpc	r9, r1
    16e6:	f0 f1       	brcs	.+124    	; 0x1764 <.L34>

000016e8 <.L36>:
    16e8:	81 14       	cp	r8, r1
    16ea:	91 04       	cpc	r9, r1
    16ec:	09 f0       	breq	.+2      	; 0x16f0 <.L77>

000016ee <L0^A>:
    16ee:	41 c0       	rjmp	.+130    	; 0x1772 <.L37>

000016f0 <.L77>:
    16f0:	61 14       	cp	r6, r1
    16f2:	09 f4       	brne	.+2      	; 0x16f6 <L0^A+0x2>

000016f4 <L0^A>:
    16f4:	3b cf       	rjmp	.-394    	; 0x156c <.L3>
    16f6:	b6 01       	movw	r22, r12
    16f8:	80 e2       	ldi	r24, 0x20	; 32
    16fa:	90 e0       	ldi	r25, 0x00	; 0
    16fc:	0e 94 ac 0c 	call	0x1958	; 0x1958 <fputc>
    1700:	6a 94       	dec	r6
    1702:	f6 cf       	rjmp	.-20     	; 0x16f0 <.L77>

00001704 <.L26>:
    1704:	0c 5f       	subi	r16, 0xFC	; 252
    1706:	1f 4f       	sbci	r17, 0xFF	; 255
    1708:	df cf       	rjmp	.-66     	; 0x16c8 <.L27>

0000170a <.L22>:
    170a:	f8 01       	movw	r30, r16
    170c:	80 81       	ld	r24, Z
    170e:	89 83       	std	Y+1, r24	; 0x01
    1710:	0e 5f       	subi	r16, 0xFE	; 254
    1712:	1f 4f       	sbci	r17, 0xFF	; 255
    1714:	91 e0       	ldi	r25, 0x01	; 1
    1716:	89 2e       	mov	r8, r25
    1718:	91 2c       	mov	r9, r1
    171a:	5e 01       	movw	r10, r28
    171c:	ff ef       	ldi	r31, 0xFF	; 255
    171e:	af 1a       	sub	r10, r31
    1720:	bf 0a       	sbc	r11, r31
    1722:	db cf       	rjmp	.-74     	; 0x16da <.L28>

00001724 <.L23>:
    1724:	f8 01       	movw	r30, r16
    1726:	a1 90       	ld	r10, Z+
    1728:	b1 90       	ld	r11, Z+
    172a:	8f 01       	movw	r16, r30
    172c:	69 2d       	mov	r22, r9
    172e:	70 e0       	ldi	r23, 0x00	; 0
    1730:	76 fc       	sbrc	r7, 6
    1732:	02 c0       	rjmp	.+4      	; 0x1738 <.L29>
    1734:	6f ef       	ldi	r22, 0xFF	; 255
    1736:	7f ef       	ldi	r23, 0xFF	; 255

00001738 <.L29>:
    1738:	c5 01       	movw	r24, r10
    173a:	0e 94 a1 0c 	call	0x1942	; 0x1942 <strnlen>
    173e:	4c 01       	movw	r8, r24
    1740:	cc cf       	rjmp	.-104    	; 0x16da <.L28>

00001742 <.L24>:
    1742:	f8 01       	movw	r30, r16
    1744:	a1 90       	ld	r10, Z+
    1746:	b1 90       	ld	r11, Z+
    1748:	8f 01       	movw	r16, r30
    174a:	69 2d       	mov	r22, r9
    174c:	70 e0       	ldi	r23, 0x00	; 0
    174e:	76 fc       	sbrc	r7, 6
    1750:	02 c0       	rjmp	.+4      	; 0x1756 <.L31>
    1752:	6f ef       	ldi	r22, 0xFF	; 255
    1754:	7f ef       	ldi	r23, 0xFF	; 255

00001756 <.L31>:
    1756:	c5 01       	movw	r24, r10
    1758:	0e 94 96 0c 	call	0x192c	; 0x192c <strnlen_P>
    175c:	4c 01       	movw	r8, r24
    175e:	68 94       	set
    1760:	77 f8       	bld	r7, 7
    1762:	bd cf       	rjmp	.-134    	; 0x16de <.L30>

00001764 <.L34>:
    1764:	b6 01       	movw	r22, r12
    1766:	80 e2       	ldi	r24, 0x20	; 32
    1768:	90 e0       	ldi	r25, 0x00	; 0
    176a:	0e 94 ac 0c 	call	0x1958	; 0x1958 <fputc>
    176e:	6a 94       	dec	r6
    1770:	b8 cf       	rjmp	.-144    	; 0x16e2 <.L32>

00001772 <.L37>:
    1772:	f5 01       	movw	r30, r10
    1774:	77 fc       	sbrc	r7, 7
    1776:	85 91       	lpm	r24, Z+
    1778:	77 fe       	sbrs	r7, 7
    177a:	81 91       	ld	r24, Z+
    177c:	5f 01       	movw	r10, r30
    177e:	b6 01       	movw	r22, r12
    1780:	90 e0       	ldi	r25, 0x00	; 0
    1782:	0e 94 ac 0c 	call	0x1958	; 0x1958 <fputc>
    1786:	81 e0       	ldi	r24, 0x01	; 1
    1788:	61 10       	cpse	r6, r1
    178a:	01 c0       	rjmp	.+2      	; 0x178e <.L35>
    178c:	80 e0       	ldi	r24, 0x00	; 0

0000178e <.L35>:
    178e:	68 1a       	sub	r6, r24
    1790:	f1 e0       	ldi	r31, 0x01	; 1
    1792:	8f 1a       	sub	r8, r31
    1794:	91 08       	sbc	r9, r1
    1796:	a8 cf       	rjmp	.-176    	; 0x16e8 <.L36>

00001798 <.L41>:
    1798:	61 91       	ld	r22, Z+
    179a:	71 91       	ld	r23, Z+
    179c:	87 2f       	mov	r24, r23
    179e:	88 0f       	add	r24, r24
    17a0:	88 0b       	sbc	r24, r24
    17a2:	98 2f       	mov	r25, r24
    17a4:	63 cf       	rjmp	.-314    	; 0x166c <.L126>

000017a6 <.L40>:
    17a6:	95 37       	cpi	r25, 0x75	; 117
    17a8:	c9 f4       	brne	.+50     	; 0x17dc <.L45>
    17aa:	87 2c       	mov	r8, r7
    17ac:	e8 94       	clt
    17ae:	84 f8       	bld	r8, 4
    17b0:	2a e0       	ldi	r18, 0x0A	; 10
    17b2:	30 e0       	ldi	r19, 0x00	; 0

000017b4 <.L46>:
    17b4:	f8 01       	movw	r30, r16
    17b6:	87 fe       	sbrs	r8, 7
    17b8:	39 c0       	rjmp	.+114    	; 0x182c <.L52>
    17ba:	61 91       	ld	r22, Z+
    17bc:	71 91       	ld	r23, Z+
    17be:	81 91       	ld	r24, Z+
    17c0:	91 91       	ld	r25, Z+

000017c2 <.L127>:
    17c2:	8f 01       	movw	r16, r30
    17c4:	5e 01       	movw	r10, r28
    17c6:	ff ef       	ldi	r31, 0xFF	; 255
    17c8:	af 1a       	sub	r10, r31
    17ca:	bf 0a       	sbc	r11, r31
    17cc:	a5 01       	movw	r20, r10
    17ce:	0e 94 dc 0c 	call	0x19b8	; 0x19b8 <__ultoa_invert>
    17d2:	78 2e       	mov	r7, r24
    17d4:	7a 18       	sub	r7, r10
    17d6:	e8 94       	clt
    17d8:	87 f8       	bld	r8, 7
    17da:	5d cf       	rjmp	.-326    	; 0x1696 <.L44>

000017dc <.L45>:
    17dc:	87 2d       	mov	r24, r7
    17de:	89 7f       	andi	r24, 0xF9	; 249
    17e0:	88 2e       	mov	r8, r24
    17e2:	90 37       	cpi	r25, 0x70	; 112
    17e4:	99 f0       	breq	.+38     	; 0x180c <.L47>
    17e6:	58 f4       	brcc	.+22     	; 0x17fe <.L48>
    17e8:	98 35       	cpi	r25, 0x58	; 88
    17ea:	a9 f0       	breq	.+42     	; 0x1816 <.L49>
    17ec:	9f 36       	cpi	r25, 0x6F	; 111
    17ee:	d9 f0       	breq	.+54     	; 0x1826 <.L85>

000017f0 <.L4>:
    17f0:	f6 01       	movw	r30, r12
    17f2:	86 81       	ldd	r24, Z+6	; 0x06
    17f4:	97 81       	ldd	r25, Z+7	; 0x07

000017f6 <.L1>:
    17f6:	2b 96       	adiw	r28, 0x0b	; 11
    17f8:	ef e0       	ldi	r30, 0x0F	; 15
    17fa:	0c 94 61 0d 	jmp	0x1ac2	; 0x1ac2 <.Loc.3>

000017fe <.L48>:
    17fe:	98 37       	cpi	r25, 0x78	; 120
    1800:	b9 f7       	brne	.-18     	; 0x17f0 <.L4>
    1802:	74 fc       	sbrc	r7, 4
    1804:	05 c0       	rjmp	.+10     	; 0x1810 <.L51>

00001806 <.L86>:
    1806:	20 e1       	ldi	r18, 0x10	; 16
    1808:	30 e0       	ldi	r19, 0x00	; 0
    180a:	d4 cf       	rjmp	.-88     	; 0x17b4 <.L46>

0000180c <.L47>:
    180c:	68 94       	set
    180e:	84 f8       	bld	r8, 4

00001810 <.L51>:
    1810:	68 94       	set
    1812:	82 f8       	bld	r8, 2
    1814:	f8 cf       	rjmp	.-16     	; 0x1806 <.L86>

00001816 <.L49>:
    1816:	74 fe       	sbrs	r7, 4
    1818:	03 c0       	rjmp	.+6      	; 0x1820 <.L87>
    181a:	e7 2d       	mov	r30, r7
    181c:	e6 60       	ori	r30, 0x06	; 6
    181e:	8e 2e       	mov	r8, r30

00001820 <.L87>:
    1820:	20 e1       	ldi	r18, 0x10	; 16
    1822:	32 e0       	ldi	r19, 0x02	; 2
    1824:	c7 cf       	rjmp	.-114    	; 0x17b4 <.L46>

00001826 <.L85>:
    1826:	28 e0       	ldi	r18, 0x08	; 8
    1828:	30 e0       	ldi	r19, 0x00	; 0
    182a:	c4 cf       	rjmp	.-120    	; 0x17b4 <.L46>

0000182c <.L52>:
    182c:	61 91       	ld	r22, Z+
    182e:	71 91       	ld	r23, Z+
    1830:	80 e0       	ldi	r24, 0x00	; 0
    1832:	90 e0       	ldi	r25, 0x00	; 0
    1834:	c6 cf       	rjmp	.-116    	; 0x17c2 <.L127>

00001836 <.L88>:
    1836:	88 2e       	mov	r8, r24

00001838 <.L54>:
    1838:	b7 2c       	mov	r11, r7
    183a:	84 fe       	sbrs	r8, 4
    183c:	3a cf       	rjmp	.-396    	; 0x16b2 <.L55>

0000183e <.L56>:
    183e:	fe 01       	movw	r30, r28
    1840:	e7 0d       	add	r30, r7
    1842:	f1 1d       	adc	r31, r1
    1844:	80 81       	ld	r24, Z
    1846:	80 33       	cpi	r24, 0x30	; 48
    1848:	09 f0       	breq	.+2      	; 0x184c <L0^A+0x2>

0000184a <L0^A>:
    184a:	44 c0       	rjmp	.+136    	; 0x18d4 <.L57>
    184c:	49 ee       	ldi	r20, 0xE9	; 233
    184e:	84 22       	and	r8, r20

00001850 <.L58>:
    1850:	83 fc       	sbrc	r8, 3
    1852:	0e c0       	rjmp	.+28     	; 0x1870 <.L60>
    1854:	80 fe       	sbrs	r8, 0
    1856:	51 c0       	rjmp	.+162    	; 0x18fa <.L92>
    1858:	97 2c       	mov	r9, r7
    185a:	b6 14       	cp	r11, r6
    185c:	18 f4       	brcc	.+6      	; 0x1864 <.L79>
    185e:	96 0c       	add	r9, r6
    1860:	9b 18       	sub	r9, r11
    1862:	b6 2c       	mov	r11, r6

00001864 <.L79>:
    1864:	86 2d       	mov	r24, r6
    1866:	8b 19       	sub	r24, r11
    1868:	6b 14       	cp	r6, r11
    186a:	08 f4       	brcc	.+2      	; 0x186e <.L65>
    186c:	80 e0       	ldi	r24, 0x00	; 0

0000186e <.L65>:
    186e:	b8 0e       	add	r11, r24

00001870 <.L60>:
    1870:	b6 14       	cp	r11, r6
    1872:	08 f0       	brcs	.+2      	; 0x1876 <L0^A+0x2>

00001874 <L0^A>:
    1874:	44 c0       	rjmp	.+136    	; 0x18fe <.L94>
    1876:	6b 18       	sub	r6, r11

00001878 <.L67>:
    1878:	84 fe       	sbrs	r8, 4
    187a:	43 c0       	rjmp	.+134    	; 0x1902 <.L68>
    187c:	b6 01       	movw	r22, r12
    187e:	80 e3       	ldi	r24, 0x30	; 48
    1880:	90 e0       	ldi	r25, 0x00	; 0
    1882:	0e 94 ac 0c 	call	0x1958	; 0x1958 <fputc>
    1886:	82 fe       	sbrs	r8, 2
    1888:	09 c0       	rjmp	.+18     	; 0x189c <.L74>
    188a:	88 e5       	ldi	r24, 0x58	; 88
    188c:	90 e0       	ldi	r25, 0x00	; 0
    188e:	81 fc       	sbrc	r8, 1
    1890:	02 c0       	rjmp	.+4      	; 0x1896 <.L70>
    1892:	88 e7       	ldi	r24, 0x78	; 120
    1894:	90 e0       	ldi	r25, 0x00	; 0

00001896 <.L70>:
    1896:	b6 01       	movw	r22, r12

00001898 <.L129>:
    1898:	0e 94 ac 0c 	call	0x1958	; 0x1958 <fputc>

0000189c <.L74>:
    189c:	79 14       	cp	r7, r9
    189e:	e0 f1       	brcs	.+120    	; 0x1918 <.L75>
    18a0:	5e 01       	movw	r10, r28
    18a2:	8f ef       	ldi	r24, 0xFF	; 255
    18a4:	a8 1a       	sub	r10, r24
    18a6:	b8 0a       	sbc	r11, r24
    18a8:	7a 94       	dec	r7
    18aa:	82 e0       	ldi	r24, 0x02	; 2
    18ac:	88 2e       	mov	r8, r24
    18ae:	91 2c       	mov	r9, r1
    18b0:	8c 0e       	add	r8, r28
    18b2:	9d 1e       	adc	r9, r29
    18b4:	87 0c       	add	r8, r7
    18b6:	91 1c       	adc	r9, r1

000018b8 <.L76>:
    18b8:	f4 01       	movw	r30, r8
    18ba:	82 91       	ld	r24, -Z
    18bc:	4f 01       	movw	r8, r30
    18be:	b6 01       	movw	r22, r12
    18c0:	90 e0       	ldi	r25, 0x00	; 0
    18c2:	0e 94 ac 0c 	call	0x1958	; 0x1958 <fputc>
    18c6:	8a 14       	cp	r8, r10
    18c8:	9b 04       	cpc	r9, r11
    18ca:	b1 f7       	brne	.-20     	; 0x18b8 <.L76>
    18cc:	11 cf       	rjmp	.-478    	; 0x16f0 <.L77>

000018ce <.L90>:
    18ce:	b9 2c       	mov	r11, r9
    18d0:	88 2e       	mov	r8, r24
    18d2:	b5 cf       	rjmp	.-150    	; 0x183e <.L56>

000018d4 <.L57>:
    18d4:	82 fc       	sbrc	r8, 2
    18d6:	02 c0       	rjmp	.+4      	; 0x18dc <.L59>

000018d8 <.L128>:
    18d8:	b3 94       	inc	r11
    18da:	ba cf       	rjmp	.-140    	; 0x1850 <.L58>

000018dc <.L59>:
    18dc:	b3 94       	inc	r11
    18de:	b3 94       	inc	r11
    18e0:	b7 cf       	rjmp	.-146    	; 0x1850 <.L58>

000018e2 <.L89>:
    18e2:	b9 2c       	mov	r11, r9
    18e4:	88 2e       	mov	r8, r24
    18e6:	e5 ce       	rjmp	.-566    	; 0x16b2 <.L55>

000018e8 <.L63>:
    18e8:	b6 01       	movw	r22, r12
    18ea:	80 e2       	ldi	r24, 0x20	; 32
    18ec:	90 e0       	ldi	r25, 0x00	; 0
    18ee:	0e 94 ac 0c 	call	0x1958	; 0x1958 <fputc>
    18f2:	a3 94       	inc	r10

000018f4 <.L61>:
    18f4:	a6 14       	cp	r10, r6
    18f6:	c0 f3       	brcs	.-16     	; 0x18e8 <.L63>
    18f8:	b5 cf       	rjmp	.-150    	; 0x1864 <.L79>

000018fa <.L92>:
    18fa:	ab 2c       	mov	r10, r11
    18fc:	fb cf       	rjmp	.-10     	; 0x18f4 <.L61>

000018fe <.L94>:
    18fe:	61 2c       	mov	r6, r1
    1900:	bb cf       	rjmp	.-138    	; 0x1878 <.L67>

00001902 <.L68>:
    1902:	88 2d       	mov	r24, r8
    1904:	86 78       	andi	r24, 0x86	; 134
    1906:	51 f2       	breq	.-108    	; 0x189c <.L74>
    1908:	80 e2       	ldi	r24, 0x20	; 32
    190a:	81 fc       	sbrc	r8, 1
    190c:	8b e2       	ldi	r24, 0x2B	; 43
    190e:	87 fc       	sbrc	r8, 7
    1910:	8d e2       	ldi	r24, 0x2D	; 45
    1912:	b6 01       	movw	r22, r12
    1914:	90 e0       	ldi	r25, 0x00	; 0
    1916:	c0 cf       	rjmp	.-128    	; 0x1898 <.L129>

00001918 <.L75>:
    1918:	b6 01       	movw	r22, r12
    191a:	80 e3       	ldi	r24, 0x30	; 48
    191c:	90 e0       	ldi	r25, 0x00	; 0
    191e:	0e 94 ac 0c 	call	0x1958	; 0x1958 <fputc>
    1922:	9a 94       	dec	r9
    1924:	bb cf       	rjmp	.-138    	; 0x189c <.L74>

00001926 <.L80>:
    1926:	8f ef       	ldi	r24, 0xFF	; 255
    1928:	9f ef       	ldi	r25, 0xFF	; 255
    192a:	65 cf       	rjmp	.-310    	; 0x17f6 <.L1>

0000192c <strnlen_P>:
    192c:	fc 01       	movw	r30, r24

0000192e <.L_strnlen_P_loop>:
    192e:	05 90       	lpm	r0, Z+
    1930:	61 50       	subi	r22, 0x01	; 1
    1932:	70 40       	sbci	r23, 0x00	; 0
    1934:	01 10       	cpse	r0, r1
    1936:	d8 f7       	brcc	.-10     	; 0x192e <.L_strnlen_P_loop>
    1938:	80 95       	com	r24
    193a:	90 95       	com	r25
    193c:	8e 0f       	add	r24, r30
    193e:	9f 1f       	adc	r25, r31
    1940:	08 95       	ret

00001942 <strnlen>:
    1942:	fc 01       	movw	r30, r24

00001944 <.L_strnlen_loop>:
    1944:	61 50       	subi	r22, 0x01	; 1
    1946:	70 40       	sbci	r23, 0x00	; 0
    1948:	01 90       	ld	r0, Z+
    194a:	01 10       	cpse	r0, r1
    194c:	d8 f7       	brcc	.-10     	; 0x1944 <.L_strnlen_loop>
    194e:	80 95       	com	r24
    1950:	90 95       	com	r25
    1952:	8e 0f       	add	r24, r30
    1954:	9f 1f       	adc	r25, r31
    1956:	08 95       	ret

00001958 <fputc>:
    1958:	0f 93       	push	r16
    195a:	1f 93       	push	r17
    195c:	cf 93       	push	r28
    195e:	df 93       	push	r29
    1960:	18 2f       	mov	r17, r24
    1962:	09 2f       	mov	r16, r25
    1964:	eb 01       	movw	r28, r22
    1966:	8b 81       	ldd	r24, Y+3	; 0x03
    1968:	81 fd       	sbrc	r24, 1
    196a:	09 c0       	rjmp	.+18     	; 0x197e <.L2>

0000196c <.L7>:
    196c:	0f ef       	ldi	r16, 0xFF	; 255
    196e:	1f ef       	ldi	r17, 0xFF	; 255

00001970 <.L3>:
    1970:	81 2f       	mov	r24, r17
    1972:	90 2f       	mov	r25, r16
    1974:	df 91       	pop	r29
    1976:	cf 91       	pop	r28
    1978:	1f 91       	pop	r17
    197a:	0f 91       	pop	r16
    197c:	08 95       	ret

0000197e <.L2>:
    197e:	82 ff       	sbrs	r24, 2
    1980:	14 c0       	rjmp	.+40     	; 0x19aa <.L4>
    1982:	2e 81       	ldd	r18, Y+6	; 0x06
    1984:	3f 81       	ldd	r19, Y+7	; 0x07
    1986:	8c 81       	ldd	r24, Y+4	; 0x04
    1988:	9d 81       	ldd	r25, Y+5	; 0x05
    198a:	28 17       	cp	r18, r24
    198c:	39 07       	cpc	r19, r25
    198e:	3c f4       	brge	.+14     	; 0x199e <.L8>
    1990:	e8 81       	ld	r30, Y
    1992:	f9 81       	ldd	r31, Y+1	; 0x01
    1994:	cf 01       	movw	r24, r30
    1996:	01 96       	adiw	r24, 0x01	; 1
    1998:	88 83       	st	Y, r24
    199a:	99 83       	std	Y+1, r25	; 0x01
    199c:	10 83       	st	Z, r17

0000199e <.L8>:
    199e:	8e 81       	ldd	r24, Y+6	; 0x06
    19a0:	9f 81       	ldd	r25, Y+7	; 0x07
    19a2:	01 96       	adiw	r24, 0x01	; 1
    19a4:	8e 83       	std	Y+6, r24	; 0x06
    19a6:	9f 83       	std	Y+7, r25	; 0x07
    19a8:	e3 cf       	rjmp	.-58     	; 0x1970 <.L3>

000019aa <.L4>:
    19aa:	e8 85       	ldd	r30, Y+8	; 0x08
    19ac:	f9 85       	ldd	r31, Y+9	; 0x09
    19ae:	81 2f       	mov	r24, r17
    19b0:	09 95       	icall
    19b2:	89 2b       	or	r24, r25
    19b4:	a1 f3       	breq	.-24     	; 0x199e <.L8>
    19b6:	da cf       	rjmp	.-76     	; 0x196c <.L7>

000019b8 <__ultoa_invert>:
    19b8:	fa 01       	movw	r30, r20
    19ba:	aa 27       	eor	r26, r26
    19bc:	28 30       	cpi	r18, 0x08	; 8
    19be:	51 f1       	breq	.+84     	; 0x1a14 <.L_oct>
    19c0:	20 31       	cpi	r18, 0x10	; 16
    19c2:	81 f1       	breq	.+96     	; 0x1a24 <.L_hex>
    19c4:	e8 94       	clt

000019c6 <.L_dec_loop>:
    19c6:	6f 93       	push	r22
    19c8:	6e 7f       	andi	r22, 0xFE	; 254
    19ca:	6e 5f       	subi	r22, 0xFE	; 254
    19cc:	7f 4f       	sbci	r23, 0xFF	; 255
    19ce:	8f 4f       	sbci	r24, 0xFF	; 255
    19d0:	9f 4f       	sbci	r25, 0xFF	; 255
    19d2:	af 4f       	sbci	r26, 0xFF	; 255
    19d4:	b1 e0       	ldi	r27, 0x01	; 1
    19d6:	3e d0       	rcall	.+124    	; 0x1a54 <.L_div_add>
    19d8:	b4 e0       	ldi	r27, 0x04	; 4
    19da:	3c d0       	rcall	.+120    	; 0x1a54 <.L_div_add>
    19dc:	67 0f       	add	r22, r23
    19de:	78 1f       	adc	r23, r24
    19e0:	89 1f       	adc	r24, r25
    19e2:	9a 1f       	adc	r25, r26
    19e4:	a1 1d       	adc	r26, r1
    19e6:	68 0f       	add	r22, r24
    19e8:	79 1f       	adc	r23, r25
    19ea:	8a 1f       	adc	r24, r26
    19ec:	91 1d       	adc	r25, r1
    19ee:	a1 1d       	adc	r26, r1
    19f0:	6a 0f       	add	r22, r26
    19f2:	71 1d       	adc	r23, r1
    19f4:	81 1d       	adc	r24, r1
    19f6:	91 1d       	adc	r25, r1
    19f8:	a1 1d       	adc	r26, r1
    19fa:	20 d0       	rcall	.+64     	; 0x1a3c <.L_lsr_4>
    19fc:	09 f4       	brne	.+2      	; 0x1a00 <.L1^B1>
    19fe:	68 94       	set

00001a00 <.L1^B1>:
    1a00:	3f 91       	pop	r19
    1a02:	2a e0       	ldi	r18, 0x0A	; 10
    1a04:	26 9f       	mul	r18, r22
    1a06:	11 24       	eor	r1, r1
    1a08:	30 19       	sub	r19, r0
    1a0a:	30 5d       	subi	r19, 0xD0	; 208
    1a0c:	31 93       	st	Z+, r19
    1a0e:	de f6       	brtc	.-74     	; 0x19c6 <.L_dec_loop>

00001a10 <.L_eos>:
    1a10:	cf 01       	movw	r24, r30
    1a12:	08 95       	ret

00001a14 <.L_oct>:
    1a14:	46 2f       	mov	r20, r22
    1a16:	47 70       	andi	r20, 0x07	; 7
    1a18:	40 5d       	subi	r20, 0xD0	; 208
    1a1a:	41 93       	st	Z+, r20
    1a1c:	b3 e0       	ldi	r27, 0x03	; 3
    1a1e:	0f d0       	rcall	.+30     	; 0x1a3e <.L_lsr>
    1a20:	c9 f7       	brne	.-14     	; 0x1a14 <.L_oct>
    1a22:	f6 cf       	rjmp	.-20     	; 0x1a10 <.L_eos>

00001a24 <.L_hex>:
    1a24:	46 2f       	mov	r20, r22
    1a26:	4f 70       	andi	r20, 0x0F	; 15
    1a28:	40 5d       	subi	r20, 0xD0	; 208
    1a2a:	4a 33       	cpi	r20, 0x3A	; 58
    1a2c:	18 f0       	brcs	.+6      	; 0x1a34 <.L3^B1>
    1a2e:	49 5d       	subi	r20, 0xD9	; 217
    1a30:	31 fd       	sbrc	r19, 1
    1a32:	40 52       	subi	r20, 0x20	; 32

00001a34 <.L3^B1>:
    1a34:	41 93       	st	Z+, r20
    1a36:	02 d0       	rcall	.+4      	; 0x1a3c <.L_lsr_4>
    1a38:	a9 f7       	brne	.-22     	; 0x1a24 <.L_hex>
    1a3a:	ea cf       	rjmp	.-44     	; 0x1a10 <.L_eos>

00001a3c <.L_lsr_4>:
    1a3c:	b4 e0       	ldi	r27, 0x04	; 4

00001a3e <.L_lsr>:
    1a3e:	a6 95       	lsr	r26
    1a40:	97 95       	ror	r25
    1a42:	87 95       	ror	r24
    1a44:	77 95       	ror	r23
    1a46:	67 95       	ror	r22
    1a48:	ba 95       	dec	r27
    1a4a:	c9 f7       	brne	.-14     	; 0x1a3e <.L_lsr>
    1a4c:	00 97       	sbiw	r24, 0x00	; 0
    1a4e:	61 05       	cpc	r22, r1
    1a50:	71 05       	cpc	r23, r1
    1a52:	08 95       	ret

00001a54 <.L_div_add>:
    1a54:	9b 01       	movw	r18, r22
    1a56:	ac 01       	movw	r20, r24
    1a58:	0a 2e       	mov	r0, r26

00001a5a <.L7^B1>:
    1a5a:	06 94       	lsr	r0
    1a5c:	57 95       	ror	r21
    1a5e:	47 95       	ror	r20
    1a60:	37 95       	ror	r19
    1a62:	27 95       	ror	r18
    1a64:	ba 95       	dec	r27
    1a66:	c9 f7       	brne	.-14     	; 0x1a5a <.L7^B1>
    1a68:	62 0f       	add	r22, r18
    1a6a:	73 1f       	adc	r23, r19
    1a6c:	84 1f       	adc	r24, r20
    1a6e:	95 1f       	adc	r25, r21
    1a70:	a0 1d       	adc	r26, r0
    1a72:	08 95       	ret

00001a74 <__negsi2>:
    1a74:	90 95       	com	r25
    1a76:	80 95       	com	r24
    1a78:	70 95       	com	r23
    1a7a:	61 95       	neg	r22
    1a7c:	7f 4f       	sbci	r23, 0xFF	; 255
    1a7e:	8f 4f       	sbci	r24, 0xFF	; 255
    1a80:	9f 4f       	sbci	r25, 0xFF	; 255

00001a82 <.Loc.1>:
    1a82:	08 95       	ret

00001a84 <__prologue_saves__>:
    1a84:	2f 92       	push	r2

00001a86 <.Loc.1>:
    1a86:	3f 92       	push	r3

00001a88 <.Loc.2>:
    1a88:	4f 92       	push	r4

00001a8a <.Loc.3>:
    1a8a:	5f 92       	push	r5

00001a8c <.Loc.4>:
    1a8c:	6f 92       	push	r6

00001a8e <.Loc.5>:
    1a8e:	7f 92       	push	r7

00001a90 <.Loc.6>:
    1a90:	8f 92       	push	r8

00001a92 <.Loc.7>:
    1a92:	9f 92       	push	r9

00001a94 <.Loc.8>:
    1a94:	af 92       	push	r10

00001a96 <.Loc.9>:
    1a96:	bf 92       	push	r11

00001a98 <.Loc.10>:
    1a98:	cf 92       	push	r12

00001a9a <.Loc.11>:
    1a9a:	df 92       	push	r13

00001a9c <.Loc.12>:
    1a9c:	ef 92       	push	r14

00001a9e <.Loc.13>:
    1a9e:	ff 92       	push	r15

00001aa0 <.Loc.14>:
    1aa0:	0f 93       	push	r16

00001aa2 <.Loc.15>:
    1aa2:	1f 93       	push	r17

00001aa4 <.Loc.16>:
    1aa4:	cf 93       	push	r28

00001aa6 <.Loc.17>:
    1aa6:	df 93       	push	r29

00001aa8 <.Loc.18>:
    1aa8:	cd b7       	in	r28, 0x3d	; 61

00001aaa <.Loc.19>:
    1aaa:	de b7       	in	r29, 0x3e	; 62

00001aac <.Loc.20>:
    1aac:	ca 1b       	sub	r28, r26

00001aae <.Loc.21>:
    1aae:	db 0b       	sbc	r29, r27

00001ab0 <.Loc.22>:
    1ab0:	0f b6       	in	r0, 0x3f	; 63

00001ab2 <.Loc.23>:
    1ab2:	f8 94       	cli

00001ab4 <.Loc.24>:
    1ab4:	de bf       	out	0x3e, r29	; 62

00001ab6 <.Loc.25>:
    1ab6:	0f be       	out	0x3f, r0	; 63

00001ab8 <.Loc.26>:
    1ab8:	cd bf       	out	0x3d, r28	; 61

00001aba <.Loc.27>:
    1aba:	09 94       	ijmp

00001abc <__epilogue_restores__>:
    1abc:	2a 88       	ldd	r2, Y+18	; 0x12

00001abe <.Loc.1>:
    1abe:	39 88       	ldd	r3, Y+17	; 0x11

00001ac0 <.Loc.2>:
    1ac0:	48 88       	ldd	r4, Y+16	; 0x10

00001ac2 <.Loc.3>:
    1ac2:	5f 84       	ldd	r5, Y+15	; 0x0f

00001ac4 <.Loc.4>:
    1ac4:	6e 84       	ldd	r6, Y+14	; 0x0e

00001ac6 <.Loc.5>:
    1ac6:	7d 84       	ldd	r7, Y+13	; 0x0d

00001ac8 <.Loc.6>:
    1ac8:	8c 84       	ldd	r8, Y+12	; 0x0c

00001aca <.Loc.7>:
    1aca:	9b 84       	ldd	r9, Y+11	; 0x0b

00001acc <.Loc.8>:
    1acc:	aa 84       	ldd	r10, Y+10	; 0x0a

00001ace <.Loc.9>:
    1ace:	b9 84       	ldd	r11, Y+9	; 0x09

00001ad0 <.Loc.10>:
    1ad0:	c8 84       	ldd	r12, Y+8	; 0x08

00001ad2 <.Loc.11>:
    1ad2:	df 80       	ldd	r13, Y+7	; 0x07

00001ad4 <.Loc.12>:
    1ad4:	ee 80       	ldd	r14, Y+6	; 0x06

00001ad6 <.Loc.13>:
    1ad6:	fd 80       	ldd	r15, Y+5	; 0x05

00001ad8 <.Loc.14>:
    1ad8:	0c 81       	ldd	r16, Y+4	; 0x04

00001ada <.Loc.15>:
    1ada:	1b 81       	ldd	r17, Y+3	; 0x03

00001adc <.Loc.16>:
    1adc:	aa 81       	ldd	r26, Y+2	; 0x02

00001ade <.Loc.17>:
    1ade:	b9 81       	ldd	r27, Y+1	; 0x01

00001ae0 <.Loc.18>:
    1ae0:	ce 0f       	add	r28, r30

00001ae2 <.Loc.19>:
    1ae2:	d1 1d       	adc	r29, r1

00001ae4 <.Loc.20>:
    1ae4:	0f b6       	in	r0, 0x3f	; 63

00001ae6 <.Loc.21>:
    1ae6:	f8 94       	cli

00001ae8 <.Loc.22>:
    1ae8:	de bf       	out	0x3e, r29	; 62

00001aea <.Loc.23>:
    1aea:	0f be       	out	0x3f, r0	; 63

00001aec <.Loc.24>:
    1aec:	cd bf       	out	0x3d, r28	; 61

00001aee <.Loc.25>:
    1aee:	ed 01       	movw	r28, r26

00001af0 <.Loc.26>:
    1af0:	08 95       	ret

00001af2 <_exit>:
    1af2:	f8 94       	cli

00001af4 <__stop_program>:
    1af4:	ff cf       	rjmp	.-2      	; 0x1af4 <__stop_program>

00001af6 <L0^A>:
    1af6:	3a 09       	sbc	r19, r10
    1af8:	2f 09       	sbc	r18, r15
    1afa:	fe 08       	sbc	r15, r14
    1afc:	2e 09       	sbc	r18, r14
    1afe:	fd 08       	sbc	r15, r13
    1b00:	3c 09       	sbc	r19, r12
    1b02:	fc 08       	sbc	r15, r12
