
C:\Project_Atmega32\release\PRO_1.elf:     file format elf32-avr

Sections:
Idx Name          Size      VMA       LMA       File off  Algn
  0 .text         00001c3a  00000000  00000000  00000094  2**1
                  CONTENTS, ALLOC, LOAD, READONLY, CODE
  1 .data         000001f0  00800060  00001c3a  00001cce  2**0
                  CONTENTS, ALLOC, LOAD, DATA
  2 .bss          0000009d  00800250  00800250  00001ebe  2**0
                  ALLOC
  3 .comment      0000005c  00000000  00000000  00001ebe  2**0
                  CONTENTS, READONLY
  4 .note.gnu.avr.deviceinfo 0000003c  00000000  00000000  00001f1c  2**2
                  CONTENTS, READONLY, OCTETS
  5 .debug_info   000004e6  00000000  00000000  00001f58  2**0
                  CONTENTS, READONLY, DEBUGGING, OCTETS
  6 .debug_abbrev 000004a3  00000000  00000000  0000243e  2**0
                  CONTENTS, READONLY, DEBUGGING, OCTETS
  7 .debug_line   0000001d  00000000  00000000  000028e1  2**0
                  CONTENTS, READONLY, DEBUGGING, OCTETS
  8 .debug_str    00000196  00000000  00000000  000028fe  2**0
                  CONTENTS, READONLY, DEBUGGING, OCTETS

Disassembly of section .text:

00000000 <__vectors>:
       0:	0c 94 2a 00 	jmp	0x54	; 0x54 <__ctors_end>
       4:	0c 94 78 08 	jmp	0x10f0	; 0x10f0 <__vector_1>
       8:	0c 94 a1 08 	jmp	0x1142	; 0x1142 <__vector_2>
       c:	0c 94 ca 08 	jmp	0x1194	; 0x1194 <__vector_3>
      10:	0c 94 47 00 	jmp	0x8e	; 0x8e <__bad_interrupt>
      14:	0c 94 47 00 	jmp	0x8e	; 0x8e <__bad_interrupt>
      18:	0c 94 47 00 	jmp	0x8e	; 0x8e <__bad_interrupt>
      1c:	0c 94 47 00 	jmp	0x8e	; 0x8e <__bad_interrupt>
      20:	0c 94 47 00 	jmp	0x8e	; 0x8e <__bad_interrupt>
      24:	0c 94 47 00 	jmp	0x8e	; 0x8e <__bad_interrupt>
      28:	0c 94 47 00 	jmp	0x8e	; 0x8e <__bad_interrupt>
      2c:	0c 94 47 00 	jmp	0x8e	; 0x8e <__bad_interrupt>
      30:	0c 94 47 00 	jmp	0x8e	; 0x8e <__bad_interrupt>
      34:	0c 94 6c 0a 	jmp	0x14d8	; 0x14d8 <__vector_13>
      38:	0c 94 c4 0a 	jmp	0x1588	; 0x1588 <__vector_14>
      3c:	0c 94 9b 0a 	jmp	0x1536	; 0x1536 <__vector_15>
      40:	0c 94 47 00 	jmp	0x8e	; 0x8e <__bad_interrupt>
      44:	0c 94 47 00 	jmp	0x8e	; 0x8e <__bad_interrupt>
      48:	0c 94 47 00 	jmp	0x8e	; 0x8e <__bad_interrupt>
      4c:	0c 94 47 00 	jmp	0x8e	; 0x8e <__bad_interrupt>
      50:	0c 94 47 00 	jmp	0x8e	; 0x8e <__bad_interrupt>

00000054 <__ctors_end>:
      54:	11 24       	eor	r1, r1
      56:	1f be       	out	0x3f, r1	; 63
      58:	cf e5       	ldi	r28, 0x5F	; 95
      5a:	d8 e0       	ldi	r29, 0x08	; 8
      5c:	de bf       	out	0x3e, r29	; 62
      5e:	cd bf       	out	0x3d, r28	; 61

00000060 <__do_copy_data>:
      60:	12 e0       	ldi	r17, 0x02	; 2

00000062 <.Loc.1>:
      62:	a0 e6       	ldi	r26, 0x60	; 96

00000064 <.Loc.2>:
      64:	b0 e0       	ldi	r27, 0x00	; 0

00000066 <.Loc.3>:
      66:	ea e3       	ldi	r30, 0x3A	; 58

00000068 <.Loc.4>:
      68:	fc e1       	ldi	r31, 0x1C	; 28

0000006a <.Loc.5>:
      6a:	02 c0       	rjmp	.+4      	; 0x70 <.L__do_copy_data_start>

0000006c <.L__do_copy_data_loop>:
      6c:	05 90       	lpm	r0, Z+

0000006e <.Loc.7>:
      6e:	0d 92       	st	X+, r0

00000070 <.L__do_copy_data_start>:
      70:	a0 35       	cpi	r26, 0x50	; 80

00000072 <.Loc.9>:
      72:	b1 07       	cpc	r27, r17

00000074 <.Loc.10>:
      74:	d9 f7       	brne	.-10     	; 0x6c <.L__do_copy_data_loop>

00000076 <__do_clear_bss>:
      76:	22 e0       	ldi	r18, 0x02	; 2

00000078 <.Loc.1>:
      78:	a0 e5       	ldi	r26, 0x50	; 80

0000007a <.Loc.2>:
      7a:	b2 e0       	ldi	r27, 0x02	; 2

0000007c <.Loc.3>:
      7c:	01 c0       	rjmp	.+2      	; 0x80 <.Loc.5>

0000007e <.Loc.4>:
      7e:	1d 92       	st	X+, r1

00000080 <.Loc.5>:
      80:	ad 3e       	cpi	r26, 0xED	; 237

00000082 <.Loc.6>:
      82:	b2 07       	cpc	r27, r18

00000084 <.Loc.7>:
      84:	e1 f7       	brne	.-8      	; 0x7e <.Loc.4>

00000086 <L0^A>:
      86:	0e 94 ed 0a 	call	0x15da	; 0x15da <main>
      8a:	0c 94 14 0e 	jmp	0x1c28	; 0x1c28 <_exit>

0000008e <__bad_interrupt>:
      8e:	0c 94 00 00 	jmp	0	; 0x0 <__vectors>

00000092 <Admin_Init>:
      92:	10 92 50 02 	sts	0x0250, r1	; 0x800250 <AdminLoggedIn>
      96:	08 95       	ret

00000098 <Admin_IsLoggedIn>:
      98:	80 91 50 02 	lds	r24, 0x0250	; 0x800250 <AdminLoggedIn>
      9c:	08 95       	ret

0000009e <Admin_Logout>:
      9e:	10 92 50 02 	sts	0x0250, r1	; 0x800250 <AdminLoggedIn>
      a2:	08 95       	ret

000000a4 <Admin_Login>:
      a4:	ef 92       	push	r14
      a6:	ff 92       	push	r15
      a8:	0f 93       	push	r16
      aa:	1f 93       	push	r17
      ac:	cf 93       	push	r28
      ae:	df 93       	push	r29
      b0:	00 d0       	rcall	.+0      	; 0xb2 <L0^A>

000000b2 <L0^A>:
      b2:	00 d0       	rcall	.+0      	; 0xb4 <L0^A>

000000b4 <L0^A>:
      b4:	cd b7       	in	r28, 0x3d	; 61
      b6:	de b7       	in	r29, 0x3e	; 62
      b8:	60 e0       	ldi	r22, 0x00	; 0
      ba:	80 e0       	ldi	r24, 0x00	; 0
      bc:	0e 94 82 06 	call	0xd04	; 0xd04 <LCD_GotoXY>
      c0:	60 e0       	ldi	r22, 0x00	; 0
      c2:	8c e8       	ldi	r24, 0x8C	; 140
      c4:	90 e0       	ldi	r25, 0x00	; 0
      c6:	0e 94 5e 06 	call	0xcbc	; 0xcbc <LCD_WriteString>
      ca:	61 e0       	ldi	r22, 0x01	; 1
      cc:	80 e0       	ldi	r24, 0x00	; 0
      ce:	0e 94 82 06 	call	0xd04	; 0xd04 <LCD_GotoXY>
      d2:	8e 01       	movw	r16, r28
      d4:	0f 5f       	subi	r16, 0xFF	; 255
      d6:	1f 4f       	sbci	r17, 0xFF	; 255
      d8:	7e 01       	movw	r14, r28
      da:	25 e0       	ldi	r18, 0x05	; 5
      dc:	e2 0e       	add	r14, r18
      de:	f1 1c       	adc	r15, r1

000000e0 <.L6>:
      e0:	0e 94 9a 04 	call	0x934	; 0x934 <KeyPad_Getpressedkey>
      e4:	90 ed       	ldi	r25, 0xD0	; 208
      e6:	98 0f       	add	r25, r24
      e8:	9a 30       	cpi	r25, 0x0A	; 10
      ea:	d0 f7       	brcc	.-12     	; 0xe0 <.L6>
      ec:	f8 01       	movw	r30, r16
      ee:	81 93       	st	Z+, r24
      f0:	8f 01       	movw	r16, r30
      f2:	60 e0       	ldi	r22, 0x00	; 0
      f4:	8a e2       	ldi	r24, 0x2A	; 42
      f6:	0e 94 2f 05 	call	0xa5e	; 0xa5e <LCD_WriteData>
      fa:	ff ef       	ldi	r31, 0xFF	; 255
      fc:	21 ee       	ldi	r18, 0xE1	; 225
      fe:	84 e0       	ldi	r24, 0x04	; 4

00000100 <.L1^B1>:
     100:	f1 50       	subi	r31, 0x01	; 1
     102:	20 40       	sbci	r18, 0x00	; 0
     104:	80 40       	sbci	r24, 0x00	; 0
     106:	e1 f7       	brne	.-8      	; 0x100 <.L1^B1>
     108:	00 c0       	rjmp	.+0      	; 0x10a <L0^A>

0000010a <L0^A>:
	...

0000010c <.L7>:
     10c:	0e 94 9a 04 	call	0x934	; 0x934 <KeyPad_Getpressedkey>
     110:	8f 3f       	cpi	r24, 0xFF	; 255
     112:	e1 f7       	brne	.-8      	; 0x10c <.L7>
     114:	0e 15       	cp	r16, r14
     116:	1f 05       	cpc	r17, r15
     118:	19 f7       	brne	.-58     	; 0xe0 <.L6>
     11a:	8a 81       	ldd	r24, Y+2	; 0x02
     11c:	82 33       	cpi	r24, 0x32	; 50
     11e:	71 f1       	breq	.+92     	; 0x17c <.L14>

00000120 <.L9>:
     120:	10 92 50 02 	sts	0x0250, r1	; 0x800250 <AdminLoggedIn>
     124:	60 e0       	ldi	r22, 0x00	; 0
     126:	80 e0       	ldi	r24, 0x00	; 0
     128:	0e 94 82 06 	call	0xd04	; 0xd04 <LCD_GotoXY>
     12c:	60 e0       	ldi	r22, 0x00	; 0
     12e:	8f ea       	ldi	r24, 0xAF	; 175
     130:	90 e0       	ldi	r25, 0x00	; 0
     132:	0e 94 5e 06 	call	0xcbc	; 0xcbc <LCD_WriteString>
     136:	41 e0       	ldi	r20, 0x01	; 1
     138:	64 e0       	ldi	r22, 0x04	; 4
     13a:	80 e0       	ldi	r24, 0x00	; 0
     13c:	0e 94 d3 06 	call	0xda6	; 0xda6 <Led_on>
     140:	9f ef       	ldi	r25, 0xFF	; 255
     142:	ee e9       	ldi	r30, 0x9E	; 158
     144:	f4 e2       	ldi	r31, 0x24	; 36

00000146 <.L1^B2>:
     146:	91 50       	subi	r25, 0x01	; 1
     148:	e0 40       	sbci	r30, 0x00	; 0
     14a:	f0 40       	sbci	r31, 0x00	; 0
     14c:	e1 f7       	brne	.-8      	; 0x146 <.L1^B2>
     14e:	00 c0       	rjmp	.+0      	; 0x150 <L0^A>

00000150 <L0^A>:
     150:	00 00       	nop
     152:	60 e0       	ldi	r22, 0x00	; 0
     154:	81 e0       	ldi	r24, 0x01	; 1
     156:	0e 94 7f 05 	call	0xafe	; 0xafe <LCD_WriteInstruction>
     15a:	60 e0       	ldi	r22, 0x00	; 0
     15c:	8e eb       	ldi	r24, 0xBE	; 190
     15e:	90 e0       	ldi	r25, 0x00	; 0
     160:	0e 94 5e 06 	call	0xcbc	; 0xcbc <LCD_WriteString>
     164:	80 e0       	ldi	r24, 0x00	; 0

00000166 <.L5>:
     166:	0f 90       	pop	r0
     168:	0f 90       	pop	r0
     16a:	0f 90       	pop	r0
     16c:	0f 90       	pop	r0
     16e:	df 91       	pop	r29
     170:	cf 91       	pop	r28
     172:	1f 91       	pop	r17
     174:	0f 91       	pop	r16
     176:	ff 90       	pop	r15
     178:	ef 90       	pop	r14
     17a:	08 95       	ret

0000017c <.L14>:
     17c:	8b 81       	ldd	r24, Y+3	; 0x03
     17e:	83 33       	cpi	r24, 0x33	; 51
     180:	79 f6       	brne	.-98     	; 0x120 <.L9>
     182:	8c 81       	ldd	r24, Y+4	; 0x04
     184:	84 33       	cpi	r24, 0x34	; 52
     186:	61 f6       	brne	.-104    	; 0x120 <.L9>
     188:	89 81       	ldd	r24, Y+1	; 0x01
     18a:	81 33       	cpi	r24, 0x31	; 49
     18c:	49 f6       	brne	.-110    	; 0x120 <.L9>
     18e:	81 e0       	ldi	r24, 0x01	; 1
     190:	80 93 50 02 	sts	0x0250, r24	; 0x800250 <AdminLoggedIn>
     194:	60 e0       	ldi	r22, 0x00	; 0
     196:	80 e0       	ldi	r24, 0x00	; 0
     198:	0e 94 82 06 	call	0xd04	; 0xd04 <LCD_GotoXY>
     19c:	60 e0       	ldi	r22, 0x00	; 0
     19e:	86 e9       	ldi	r24, 0x96	; 150
     1a0:	90 e0       	ldi	r25, 0x00	; 0
     1a2:	0e 94 5e 06 	call	0xcbc	; 0xcbc <LCD_WriteString>
     1a6:	82 ea       	ldi	r24, 0xA2	; 162
     1a8:	90 e0       	ldi	r25, 0x00	; 0
     1aa:	0e 94 da 09 	call	0x13b4	; 0x13b4 <UART_SendStringPolling>
     1ae:	41 e0       	ldi	r20, 0x01	; 1
     1b0:	63 e0       	ldi	r22, 0x03	; 3
     1b2:	80 e0       	ldi	r24, 0x00	; 0
     1b4:	0e 94 d3 06 	call	0xda6	; 0xda6 <Led_on>
     1b8:	81 e0       	ldi	r24, 0x01	; 1
     1ba:	d5 cf       	rjmp	.-86     	; 0x166 <.L5>

000001bc <Admin_Process>:
     1bc:	80 91 50 02 	lds	r24, 0x0250	; 0x800250 <AdminLoggedIn>
     1c0:	81 11       	cpse	r24, r1
     1c2:	08 95       	ret
     1c4:	0c 94 52 00 	jmp	0xa4	; 0xa4 <Admin_Login>

000001c8 <Entry_Init>:
     1c8:	10 92 51 02 	sts	0x0251, r1	; 0x800251 <EntryFlag>
     1cc:	08 95       	ret

000001ce <Entry_Process>:
     1ce:	0f 93       	push	r16
     1d0:	1f 93       	push	r17
     1d2:	cf 93       	push	r28
     1d4:	df 93       	push	r29
     1d6:	00 d0       	rcall	.+0      	; 0x1d8 <L0^A>

000001d8 <L0^A>:
     1d8:	00 d0       	rcall	.+0      	; 0x1da <L0^A>

000001da <L0^A>:
     1da:	00 d0       	rcall	.+0      	; 0x1dc <L0^A>

000001dc <L0^A>:
     1dc:	cd b7       	in	r28, 0x3d	; 61
     1de:	de b7       	in	r29, 0x3e	; 62
     1e0:	0e 94 bc 02 	call	0x578	; 0x578 <Full_IsActive>
     1e4:	81 11       	cpse	r24, r1
     1e6:	c2 c0       	rjmp	.+388    	; 0x36c <.L18>
     1e8:	60 e0       	ldi	r22, 0x00	; 0
     1ea:	81 e0       	ldi	r24, 0x01	; 1
     1ec:	0e 94 7f 05 	call	0xafe	; 0xafe <LCD_WriteInstruction>
     1f0:	60 e0       	ldi	r22, 0x00	; 0
     1f2:	84 ec       	ldi	r24, 0xC4	; 196
     1f4:	90 e0       	ldi	r25, 0x00	; 0
     1f6:	0e 94 5e 06 	call	0xcbc	; 0xcbc <LCD_WriteString>
     1fa:	0e 94 f7 03 	call	0x7ee	; 0x7ee <SpotCounter_GetAvailable>
     1fe:	68 2f       	mov	r22, r24
     200:	70 e0       	ldi	r23, 0x00	; 0
     202:	80 e0       	ldi	r24, 0x00	; 0
     204:	90 e0       	ldi	r25, 0x00	; 0
     206:	40 e0       	ldi	r20, 0x00	; 0
     208:	0e 94 94 06 	call	0xd28	; 0xd28 <LCD_WriteNumber>
     20c:	61 e0       	ldi	r22, 0x01	; 1
     20e:	80 e0       	ldi	r24, 0x00	; 0
     210:	0e 94 82 06 	call	0xd04	; 0xd04 <LCD_GotoXY>
     214:	60 e0       	ldi	r22, 0x00	; 0
     216:	81 e0       	ldi	r24, 0x01	; 1
     218:	0e 94 7f 05 	call	0xafe	; 0xafe <LCD_WriteInstruction>
     21c:	60 e0       	ldi	r22, 0x00	; 0
     21e:	80 ed       	ldi	r24, 0xD0	; 208
     220:	90 e0       	ldi	r25, 0x00	; 0
     222:	0e 94 5e 06 	call	0xcbc	; 0xcbc <LCD_WriteString>

00000226 <.L6>:
     226:	0e 94 9a 04 	call	0x934	; 0x934 <KeyPad_Getpressedkey>
     22a:	85 34       	cpi	r24, 0x45	; 69
     22c:	e1 f7       	brne	.-8      	; 0x226 <.L6>
     22e:	60 e0       	ldi	r22, 0x00	; 0
     230:	81 e0       	ldi	r24, 0x01	; 1
     232:	0e 94 7f 05 	call	0xafe	; 0xafe <LCD_WriteInstruction>
     236:	60 e0       	ldi	r22, 0x00	; 0
     238:	88 ed       	ldi	r24, 0xD8	; 216
     23a:	90 e0       	ldi	r25, 0x00	; 0
     23c:	0e 94 5e 06 	call	0xcbc	; 0xcbc <LCD_WriteString>
     240:	60 e0       	ldi	r22, 0x00	; 0
     242:	81 e0       	ldi	r24, 0x01	; 1
     244:	0e 94 82 06 	call	0xd04	; 0xd04 <LCD_GotoXY>
     248:	8e 01       	movw	r16, r28
     24a:	0f 5f       	subi	r16, 0xFF	; 255
     24c:	1f 4f       	sbci	r17, 0xFF	; 255
     24e:	ce 01       	movw	r24, r28
     250:	05 96       	adiw	r24, 0x05	; 5
     252:	8d 83       	std	Y+5, r24	; 0x05
     254:	9e 83       	std	Y+6, r25	; 0x06

00000256 <.L7>:
     256:	0e 94 9a 04 	call	0x934	; 0x934 <KeyPad_Getpressedkey>
     25a:	90 ed       	ldi	r25, 0xD0	; 208
     25c:	98 0f       	add	r25, r24
     25e:	9a 30       	cpi	r25, 0x0A	; 10
     260:	d0 f7       	brcc	.-12     	; 0x256 <.L7>
     262:	f8 01       	movw	r30, r16
     264:	81 93       	st	Z+, r24
     266:	8f 01       	movw	r16, r30
     268:	60 e0       	ldi	r22, 0x00	; 0
     26a:	8a e2       	ldi	r24, 0x2A	; 42
     26c:	0e 94 2f 05 	call	0xa5e	; 0xa5e <LCD_WriteData>
     270:	8d 81       	ldd	r24, Y+5	; 0x05
     272:	9e 81       	ldd	r25, Y+6	; 0x06
     274:	08 17       	cp	r16, r24
     276:	19 07       	cpc	r17, r25
     278:	71 f7       	brne	.-36     	; 0x256 <.L7>
     27a:	89 81       	ldd	r24, Y+1	; 0x01
     27c:	81 33       	cpi	r24, 0x31	; 49
     27e:	21 f4       	brne	.+8      	; 0x288 <.L9>
     280:	8a 81       	ldd	r24, Y+2	; 0x02
     282:	82 33       	cpi	r24, 0x32	; 50
     284:	09 f4       	brne	.+2      	; 0x288 <.L9>

00000286 <L0^A>:
     286:	77 c0       	rjmp	.+238    	; 0x376 <.L19>

00000288 <.L9>:
     288:	41 e0       	ldi	r20, 0x01	; 1
     28a:	63 e0       	ldi	r22, 0x03	; 3
     28c:	80 e0       	ldi	r24, 0x00	; 0
     28e:	0e 94 db 06 	call	0xdb6	; 0xdb6 <Led_off>
     292:	41 e0       	ldi	r20, 0x01	; 1
     294:	64 e0       	ldi	r22, 0x04	; 4
     296:	80 e0       	ldi	r24, 0x00	; 0
     298:	0e 94 d3 06 	call	0xda6	; 0xda6 <Led_on>
     29c:	60 e0       	ldi	r22, 0x00	; 0
     29e:	81 e0       	ldi	r24, 0x01	; 1
     2a0:	0e 94 7f 05 	call	0xafe	; 0xafe <LCD_WriteInstruction>
     2a4:	60 e0       	ldi	r22, 0x00	; 0
     2a6:	8f ea       	ldi	r24, 0xAF	; 175
     2a8:	90 e0       	ldi	r25, 0x00	; 0
     2aa:	0e 94 5e 06 	call	0xcbc	; 0xcbc <LCD_WriteString>
     2ae:	2f ef       	ldi	r18, 0xFF	; 255
     2b0:	8e e9       	ldi	r24, 0x9E	; 158
     2b2:	94 e2       	ldi	r25, 0x24	; 36

000002b4 <.L1^B1>:
     2b4:	21 50       	subi	r18, 0x01	; 1
     2b6:	80 40       	sbci	r24, 0x00	; 0
     2b8:	90 40       	sbci	r25, 0x00	; 0
     2ba:	e1 f7       	brne	.-8      	; 0x2b4 <.L1^B1>
     2bc:	00 c0       	rjmp	.+0      	; 0x2be <L0^A>

000002be <L0^A>:
     2be:	00 00       	nop
     2c0:	60 e0       	ldi	r22, 0x00	; 0
     2c2:	81 e0       	ldi	r24, 0x01	; 1
     2c4:	0e 94 7f 05 	call	0xafe	; 0xafe <LCD_WriteInstruction>
     2c8:	60 e0       	ldi	r22, 0x00	; 0
     2ca:	88 e0       	ldi	r24, 0x08	; 8
     2cc:	91 e0       	ldi	r25, 0x01	; 1
     2ce:	0e 94 5e 06 	call	0xcbc	; 0xcbc <LCD_WriteString>
     2d2:	85 e1       	ldi	r24, 0x15	; 21
     2d4:	91 e0       	ldi	r25, 0x01	; 1
     2d6:	0e 94 da 09 	call	0x13b4	; 0x13b4 <UART_SendStringPolling>
     2da:	ef ef       	ldi	r30, 0xFF	; 255
     2dc:	f9 e6       	ldi	r31, 0x69	; 105
     2de:	28 e1       	ldi	r18, 0x18	; 24

000002e0 <.L1^B2>:
     2e0:	e1 50       	subi	r30, 0x01	; 1
     2e2:	f0 40       	sbci	r31, 0x00	; 0
     2e4:	20 40       	sbci	r18, 0x00	; 0
     2e6:	e1 f7       	brne	.-8      	; 0x2e0 <.L1^B2>
     2e8:	00 c0       	rjmp	.+0      	; 0x2ea <L0^A>

000002ea <L0^A>:
     2ea:	00 00       	nop
     2ec:	60 e0       	ldi	r22, 0x00	; 0
     2ee:	81 e0       	ldi	r24, 0x01	; 1
     2f0:	0e 94 7f 05 	call	0xafe	; 0xafe <LCD_WriteInstruction>
     2f4:	60 e0       	ldi	r22, 0x00	; 0
     2f6:	85 e2       	ldi	r24, 0x25	; 37
     2f8:	91 e0       	ldi	r25, 0x01	; 1
     2fa:	0e 94 5e 06 	call	0xcbc	; 0xcbc <LCD_WriteString>
     2fe:	8f ef       	ldi	r24, 0xFF	; 255
     300:	9e e9       	ldi	r25, 0x9E	; 158
     302:	e4 e2       	ldi	r30, 0x24	; 36

00000304 <.L1^B3>:
     304:	81 50       	subi	r24, 0x01	; 1
     306:	90 40       	sbci	r25, 0x00	; 0
     308:	e0 40       	sbci	r30, 0x00	; 0
     30a:	e1 f7       	brne	.-8      	; 0x304 <.L1^B3>
     30c:	00 c0       	rjmp	.+0      	; 0x30e <L0^A>

0000030e <L0^A>:
     30e:	00 00       	nop
     310:	41 e0       	ldi	r20, 0x01	; 1
     312:	64 e0       	ldi	r22, 0x04	; 4
     314:	80 e0       	ldi	r24, 0x00	; 0
     316:	0e 94 d3 06 	call	0xda6	; 0xda6 <Led_on>
     31a:	41 e0       	ldi	r20, 0x01	; 1
     31c:	63 e0       	ldi	r22, 0x03	; 3
     31e:	80 e0       	ldi	r24, 0x00	; 0
     320:	0e 94 db 06 	call	0xdb6	; 0xdb6 <Led_off>
     324:	ff ef       	ldi	r31, 0xFF	; 255
     326:	2e e9       	ldi	r18, 0x9E	; 158
     328:	84 e2       	ldi	r24, 0x24	; 36

0000032a <.L1^B4>:
     32a:	f1 50       	subi	r31, 0x01	; 1
     32c:	20 40       	sbci	r18, 0x00	; 0
     32e:	80 40       	sbci	r24, 0x00	; 0
     330:	e1 f7       	brne	.-8      	; 0x32a <.L1^B4>
     332:	00 c0       	rjmp	.+0      	; 0x334 <L0^A>

00000334 <L0^A>:
     334:	00 00       	nop
     336:	41 e0       	ldi	r20, 0x01	; 1
     338:	64 e0       	ldi	r22, 0x04	; 4
     33a:	80 e0       	ldi	r24, 0x00	; 0
     33c:	0e 94 db 06 	call	0xdb6	; 0xdb6 <Led_off>
     340:	41 e0       	ldi	r20, 0x01	; 1
     342:	63 e0       	ldi	r22, 0x03	; 3
     344:	80 e0       	ldi	r24, 0x00	; 0
     346:	0e 94 db 06 	call	0xdb6	; 0xdb6 <Led_off>
     34a:	60 e0       	ldi	r22, 0x00	; 0
     34c:	81 e0       	ldi	r24, 0x01	; 1
     34e:	0e 94 7f 05 	call	0xafe	; 0xafe <LCD_WriteInstruction>
     352:	10 92 51 02 	sts	0x0251, r1	; 0x800251 <EntryFlag>

00000356 <.L3>:
     356:	0f 90       	pop	r0
     358:	0f 90       	pop	r0
     35a:	0f 90       	pop	r0
     35c:	0f 90       	pop	r0
     35e:	0f 90       	pop	r0
     360:	0f 90       	pop	r0
     362:	df 91       	pop	r29
     364:	cf 91       	pop	r28
     366:	1f 91       	pop	r17
     368:	0f 91       	pop	r16
     36a:	08 95       	ret

0000036c <.L18>:
     36c:	0e 94 8e 02 	call	0x51c	; 0x51c <Full_Activate>
     370:	10 92 51 02 	sts	0x0251, r1	; 0x800251 <EntryFlag>
     374:	f0 cf       	rjmp	.-32     	; 0x356 <.L3>

00000376 <.L19>:
     376:	8b 81       	ldd	r24, Y+3	; 0x03
     378:	83 33       	cpi	r24, 0x33	; 51
     37a:	09 f0       	breq	.+2      	; 0x37e <L0^A+0x2>

0000037c <L0^A>:
     37c:	85 cf       	rjmp	.-246    	; 0x288 <.L9>
     37e:	8c 81       	ldd	r24, Y+4	; 0x04
     380:	84 33       	cpi	r24, 0x34	; 52
     382:	09 f0       	breq	.+2      	; 0x386 <L0^A+0x2>

00000384 <L0^A>:
     384:	81 cf       	rjmp	.-254    	; 0x288 <.L9>
     386:	60 e0       	ldi	r22, 0x00	; 0
     388:	81 e0       	ldi	r24, 0x01	; 1
     38a:	0e 94 7f 05 	call	0xafe	; 0xafe <LCD_WriteInstruction>
     38e:	60 e0       	ldi	r22, 0x00	; 0
     390:	87 ee       	ldi	r24, 0xE7	; 231
     392:	90 e0       	ldi	r25, 0x00	; 0
     394:	0e 94 5e 06 	call	0xcbc	; 0xcbc <LCD_WriteString>
     398:	0e 94 ca 02 	call	0x594	; 0x594 <GateController_OpenEntry>
     39c:	86 ef       	ldi	r24, 0xF6	; 246
     39e:	90 e0       	ldi	r25, 0x00	; 0
     3a0:	0e 94 da 09 	call	0x13b4	; 0x13b4 <UART_SendStringPolling>
     3a4:	0e 94 e2 03 	call	0x7c4	; 0x7c4 <SpotCounter_Increment>
     3a8:	9f ef       	ldi	r25, 0xFF	; 255
     3aa:	e3 ed       	ldi	r30, 0xD3	; 211
     3ac:	f0 e3       	ldi	r31, 0x30	; 48

000003ae <.L1^B5>:
     3ae:	91 50       	subi	r25, 0x01	; 1
     3b0:	e0 40       	sbci	r30, 0x00	; 0
     3b2:	f0 40       	sbci	r31, 0x00	; 0
     3b4:	e1 f7       	brne	.-8      	; 0x3ae <.L1^B5>
     3b6:	00 c0       	rjmp	.+0      	; 0x3b8 <L0^A>

000003b8 <L0^A>:
     3b8:	00 00       	nop
     3ba:	0e 94 d4 02 	call	0x5a8	; 0x5a8 <GateController_CloseEntry>
     3be:	0e 94 fd 03 	call	0x7fa	; 0x7fa <SpotCounter_Full>
     3c2:	81 15       	cp	r24, r1
     3c4:	29 f0       	breq	.+10     	; 0x3d0 <.L20>
     3c6:	0e 94 8e 02 	call	0x51c	; 0x51c <Full_Activate>

000003ca <.L13>:
     3ca:	10 92 51 02 	sts	0x0251, r1	; 0x800251 <EntryFlag>
     3ce:	c3 cf       	rjmp	.-122    	; 0x356 <.L3>

000003d0 <.L20>:
     3d0:	0e 94 a5 02 	call	0x54a	; 0x54a <Full_Deactivate>
     3d4:	fa cf       	rjmp	.-12     	; 0x3ca <.L13>

000003d6 <Entry_ISR>:
     3d6:	81 e0       	ldi	r24, 0x01	; 1
     3d8:	80 93 51 02 	sts	0x0251, r24	; 0x800251 <EntryFlag>
     3dc:	08 95       	ret

000003de <Entry_IsDetected>:
     3de:	80 91 51 02 	lds	r24, 0x0251	; 0x800251 <EntryFlag>
     3e2:	08 95       	ret

000003e4 <Error_Run>:
     3e4:	60 e0       	ldi	r22, 0x00	; 0
     3e6:	81 e0       	ldi	r24, 0x01	; 1
     3e8:	0e 94 7f 05 	call	0xafe	; 0xafe <LCD_WriteInstruction>
     3ec:	60 e0       	ldi	r22, 0x00	; 0
     3ee:	88 e3       	ldi	r24, 0x38	; 56
     3f0:	91 e0       	ldi	r25, 0x01	; 1
     3f2:	0c 94 5e 06 	jmp	0xcbc	; 0xcbc <LCD_WriteString>

000003f6 <Exit_ISR>:
     3f6:	81 e0       	ldi	r24, 0x01	; 1
     3f8:	80 93 52 02 	sts	0x0252, r24	; 0x800252 <ExitFlag>
     3fc:	08 95       	ret

000003fe <Exit_Init>:
     3fe:	10 92 52 02 	sts	0x0252, r1	; 0x800252 <ExitFlag>
     402:	08 95       	ret

00000404 <Exit_Process>:
     404:	0e 94 f7 03 	call	0x7ee	; 0x7ee <SpotCounter_GetAvailable>
     408:	82 30       	cpi	r24, 0x02	; 2
     40a:	81 f1       	breq	.+96     	; 0x46c <.L10>
     40c:	0e 94 dd 02 	call	0x5ba	; 0x5ba <GateController_OpenExit>
     410:	60 e0       	ldi	r22, 0x00	; 0
     412:	81 e0       	ldi	r24, 0x01	; 1
     414:	0e 94 7f 05 	call	0xafe	; 0xafe <LCD_WriteInstruction>
     418:	60 e0       	ldi	r22, 0x00	; 0
     41a:	80 e0       	ldi	r24, 0x00	; 0
     41c:	0e 94 82 06 	call	0xd04	; 0xd04 <LCD_GotoXY>
     420:	60 e0       	ldi	r22, 0x00	; 0
     422:	87 e7       	ldi	r24, 0x77	; 119
     424:	91 e0       	ldi	r25, 0x01	; 1
     426:	0e 94 5e 06 	call	0xcbc	; 0xcbc <LCD_WriteString>
     42a:	0e 94 ec 03 	call	0x7d8	; 0x7d8 <SpotCounter_Decrement>
     42e:	86 e8       	ldi	r24, 0x86	; 134
     430:	91 e0       	ldi	r25, 0x01	; 1
     432:	0e 94 da 09 	call	0x13b4	; 0x13b4 <UART_SendStringPolling>
     436:	2f ef       	ldi	r18, 0xFF	; 255
     438:	83 ed       	ldi	r24, 0xD3	; 211
     43a:	90 e3       	ldi	r25, 0x30	; 48

0000043c <.L1^B1>:
     43c:	21 50       	subi	r18, 0x01	; 1
     43e:	80 40       	sbci	r24, 0x00	; 0
     440:	90 40       	sbci	r25, 0x00	; 0
     442:	e1 f7       	brne	.-8      	; 0x43c <.L1^B1>
     444:	00 c0       	rjmp	.+0      	; 0x446 <L0^A>

00000446 <L0^A>:
     446:	00 00       	nop
     448:	0e 94 e7 02 	call	0x5ce	; 0x5ce <GateController_CloseExit>
     44c:	0e 94 fd 03 	call	0x7fa	; 0x7fa <SpotCounter_Full>
     450:	81 11       	cpse	r24, r1
     452:	06 c0       	rjmp	.+12     	; 0x460 <.L11>
     454:	0e 94 a5 02 	call	0x54a	; 0x54a <Full_Deactivate>
     458:	60 e0       	ldi	r22, 0x00	; 0
     45a:	81 e0       	ldi	r24, 0x01	; 1
     45c:	0c 94 7f 05 	jmp	0xafe	; 0xafe <LCD_WriteInstruction>

00000460 <.L11>:
     460:	0e 94 8e 02 	call	0x51c	; 0x51c <Full_Activate>
     464:	60 e0       	ldi	r22, 0x00	; 0
     466:	81 e0       	ldi	r24, 0x01	; 1
     468:	0c 94 7f 05 	jmp	0xafe	; 0xafe <LCD_WriteInstruction>

0000046c <.L10>:
     46c:	60 e0       	ldi	r22, 0x00	; 0
     46e:	81 e0       	ldi	r24, 0x01	; 1
     470:	0e 94 7f 05 	call	0xafe	; 0xafe <LCD_WriteInstruction>
     474:	60 e0       	ldi	r22, 0x00	; 0
     476:	85 e4       	ldi	r24, 0x45	; 69
     478:	91 e0       	ldi	r25, 0x01	; 1
     47a:	0e 94 5e 06 	call	0xcbc	; 0xcbc <LCD_WriteString>
     47e:	83 e5       	ldi	r24, 0x53	; 83
     480:	91 e0       	ldi	r25, 0x01	; 1
     482:	0e 94 da 09 	call	0x13b4	; 0x13b4 <UART_SendStringPolling>
     486:	41 e0       	ldi	r20, 0x01	; 1
     488:	63 e0       	ldi	r22, 0x03	; 3
     48a:	80 e0       	ldi	r24, 0x00	; 0
     48c:	0e 94 db 06 	call	0xdb6	; 0xdb6 <Led_off>
     490:	41 e0       	ldi	r20, 0x01	; 1
     492:	64 e0       	ldi	r22, 0x04	; 4
     494:	80 e0       	ldi	r24, 0x00	; 0
     496:	0e 94 d3 06 	call	0xda6	; 0xda6 <Led_on>
     49a:	2f ef       	ldi	r18, 0xFF	; 255
     49c:	8e e9       	ldi	r24, 0x9E	; 158
     49e:	94 e2       	ldi	r25, 0x24	; 36

000004a0 <.L1^B2>:
     4a0:	21 50       	subi	r18, 0x01	; 1
     4a2:	80 40       	sbci	r24, 0x00	; 0
     4a4:	90 40       	sbci	r25, 0x00	; 0
     4a6:	e1 f7       	brne	.-8      	; 0x4a0 <.L1^B2>
     4a8:	00 c0       	rjmp	.+0      	; 0x4aa <L0^A>

000004aa <L0^A>:
     4aa:	00 00       	nop
     4ac:	41 e0       	ldi	r20, 0x01	; 1
     4ae:	64 e0       	ldi	r22, 0x04	; 4
     4b0:	80 e0       	ldi	r24, 0x00	; 0
     4b2:	0e 94 db 06 	call	0xdb6	; 0xdb6 <Led_off>
     4b6:	41 e0       	ldi	r20, 0x01	; 1
     4b8:	63 e0       	ldi	r22, 0x03	; 3
     4ba:	80 e0       	ldi	r24, 0x00	; 0
     4bc:	0e 94 db 06 	call	0xdb6	; 0xdb6 <Led_off>
     4c0:	60 e0       	ldi	r22, 0x00	; 0
     4c2:	81 e0       	ldi	r24, 0x01	; 1
     4c4:	0e 94 7f 05 	call	0xafe	; 0xafe <LCD_WriteInstruction>
     4c8:	60 e0       	ldi	r22, 0x00	; 0
     4ca:	8a e6       	ldi	r24, 0x6A	; 106
     4cc:	91 e0       	ldi	r25, 0x01	; 1
     4ce:	0e 94 5e 06 	call	0xcbc	; 0xcbc <LCD_WriteString>
     4d2:	2f ef       	ldi	r18, 0xFF	; 255
     4d4:	89 e6       	ldi	r24, 0x69	; 105
     4d6:	98 e1       	ldi	r25, 0x18	; 24

000004d8 <.L1^B3>:
     4d8:	21 50       	subi	r18, 0x01	; 1
     4da:	80 40       	sbci	r24, 0x00	; 0
     4dc:	90 40       	sbci	r25, 0x00	; 0
     4de:	e1 f7       	brne	.-8      	; 0x4d8 <.L1^B3>
     4e0:	00 c0       	rjmp	.+0      	; 0x4e2 <L0^A>

000004e2 <L0^A>:
     4e2:	00 00       	nop
     4e4:	08 95       	ret

000004e6 <Exit_IsDetected>:
     4e6:	80 91 52 02 	lds	r24, 0x0252	; 0x800252 <ExitFlag>
     4ea:	81 30       	cpi	r24, 0x01	; 1
     4ec:	11 f0       	breq	.+4      	; 0x4f2 <.L15>
     4ee:	80 e0       	ldi	r24, 0x00	; 0
     4f0:	08 95       	ret

000004f2 <.L15>:
     4f2:	10 92 52 02 	sts	0x0252, r1	; 0x800252 <ExitFlag>
     4f6:	08 95       	ret

000004f8 <Full_Init>:
     4f8:	63 e0       	ldi	r22, 0x03	; 3
     4fa:	80 e0       	ldi	r24, 0x00	; 0
     4fc:	0e 94 d0 06 	call	0xda0	; 0xda0 <Led_Init>
     500:	64 e0       	ldi	r22, 0x04	; 4
     502:	80 e0       	ldi	r24, 0x00	; 0
     504:	0e 94 d0 06 	call	0xda0	; 0xda0 <Led_Init>
     508:	41 e0       	ldi	r20, 0x01	; 1
     50a:	63 e0       	ldi	r22, 0x03	; 3
     50c:	80 e0       	ldi	r24, 0x00	; 0
     50e:	0e 94 db 06 	call	0xdb6	; 0xdb6 <Led_off>
     512:	41 e0       	ldi	r20, 0x01	; 1
     514:	64 e0       	ldi	r22, 0x04	; 4
     516:	80 e0       	ldi	r24, 0x00	; 0
     518:	0c 94 db 06 	jmp	0xdb6	; 0xdb6 <Led_off>

0000051c <Full_Activate>:
     51c:	60 e0       	ldi	r22, 0x00	; 0
     51e:	81 e0       	ldi	r24, 0x01	; 1
     520:	0e 94 7f 05 	call	0xafe	; 0xafe <LCD_WriteInstruction>
     524:	60 e0       	ldi	r22, 0x00	; 0
     526:	87 e9       	ldi	r24, 0x97	; 151
     528:	91 e0       	ldi	r25, 0x01	; 1
     52a:	0e 94 5e 06 	call	0xcbc	; 0xcbc <LCD_WriteString>
     52e:	41 e0       	ldi	r20, 0x01	; 1
     530:	64 e0       	ldi	r22, 0x04	; 4
     532:	80 e0       	ldi	r24, 0x00	; 0
     534:	0e 94 d3 06 	call	0xda6	; 0xda6 <Led_on>
     538:	41 e0       	ldi	r20, 0x01	; 1
     53a:	63 e0       	ldi	r22, 0x03	; 3
     53c:	80 e0       	ldi	r24, 0x00	; 0
     53e:	0e 94 db 06 	call	0xdb6	; 0xdb6 <Led_off>
     542:	84 ea       	ldi	r24, 0xA4	; 164
     544:	91 e0       	ldi	r25, 0x01	; 1
     546:	0c 94 da 09 	jmp	0x13b4	; 0x13b4 <UART_SendStringPolling>

0000054a <Full_Deactivate>:
     54a:	60 e0       	ldi	r22, 0x00	; 0
     54c:	81 e0       	ldi	r24, 0x01	; 1
     54e:	0e 94 7f 05 	call	0xafe	; 0xafe <LCD_WriteInstruction>
     552:	60 e0       	ldi	r22, 0x00	; 0
     554:	82 eb       	ldi	r24, 0xB2	; 178
     556:	91 e0       	ldi	r25, 0x01	; 1
     558:	0e 94 5e 06 	call	0xcbc	; 0xcbc <LCD_WriteString>
     55c:	41 e0       	ldi	r20, 0x01	; 1
     55e:	63 e0       	ldi	r22, 0x03	; 3
     560:	80 e0       	ldi	r24, 0x00	; 0
     562:	0e 94 d3 06 	call	0xda6	; 0xda6 <Led_on>
     566:	41 e0       	ldi	r20, 0x01	; 1
     568:	64 e0       	ldi	r22, 0x04	; 4
     56a:	80 e0       	ldi	r24, 0x00	; 0
     56c:	0e 94 db 06 	call	0xdb6	; 0xdb6 <Led_off>
     570:	84 ec       	ldi	r24, 0xC4	; 196
     572:	91 e0       	ldi	r25, 0x01	; 1
     574:	0c 94 da 09 	jmp	0x13b4	; 0x13b4 <UART_SendStringPolling>

00000578 <Full_IsActive>:
     578:	0e 94 f7 03 	call	0x7ee	; 0x7ee <SpotCounter_GetAvailable>
     57c:	98 2f       	mov	r25, r24
     57e:	81 e0       	ldi	r24, 0x01	; 1
     580:	91 11       	cpse	r25, r1
     582:	80 e0       	ldi	r24, 0x00	; 0
     584:	08 95       	ret

00000586 <GateController_Init>:
     586:	0e 94 05 04 	call	0x80a	; 0x80a <DCM_Init>
     58a:	0e 94 36 04 	call	0x86c	; 0x86c <DCM_CloseGate>
     58e:	10 92 53 02 	sts	0x0253, r1	; 0x800253 <GateState>
     592:	08 95       	ret

00000594 <GateController_OpenEntry>:
     594:	0e 94 19 04 	call	0x832	; 0x832 <DCM_OpenGate>
     598:	87 ed       	ldi	r24, 0xD7	; 215
     59a:	91 e0       	ldi	r25, 0x01	; 1
     59c:	0e 94 da 09 	call	0x13b4	; 0x13b4 <UART_SendStringPolling>
     5a0:	81 e0       	ldi	r24, 0x01	; 1
     5a2:	80 93 53 02 	sts	0x0253, r24	; 0x800253 <GateState>
     5a6:	08 95       	ret

000005a8 <GateController_CloseEntry>:
     5a8:	0e 94 36 04 	call	0x86c	; 0x86c <DCM_CloseGate>
     5ac:	8a ee       	ldi	r24, 0xEA	; 234
     5ae:	91 e0       	ldi	r25, 0x01	; 1
     5b0:	0e 94 da 09 	call	0x13b4	; 0x13b4 <UART_SendStringPolling>
     5b4:	10 92 53 02 	sts	0x0253, r1	; 0x800253 <GateState>
     5b8:	08 95       	ret

000005ba <GateController_OpenExit>:
     5ba:	0e 94 19 04 	call	0x832	; 0x832 <DCM_OpenGate>
     5be:	8d ef       	ldi	r24, 0xFD	; 253
     5c0:	91 e0       	ldi	r25, 0x01	; 1
     5c2:	0e 94 da 09 	call	0x13b4	; 0x13b4 <UART_SendStringPolling>
     5c6:	81 e0       	ldi	r24, 0x01	; 1
     5c8:	80 93 53 02 	sts	0x0253, r24	; 0x800253 <GateState>
     5cc:	08 95       	ret

000005ce <GateController_CloseExit>:
     5ce:	0e 94 36 04 	call	0x86c	; 0x86c <DCM_CloseGate>
     5d2:	8f e0       	ldi	r24, 0x0F	; 15
     5d4:	92 e0       	ldi	r25, 0x02	; 2
     5d6:	0e 94 da 09 	call	0x13b4	; 0x13b4 <UART_SendStringPolling>
     5da:	10 92 53 02 	sts	0x0253, r1	; 0x800253 <GateState>
     5de:	08 95       	ret

000005e0 <GateController_GetState>:
     5e0:	80 91 53 02 	lds	r24, 0x0253	; 0x800253 <GateState>
     5e4:	08 95       	ret

000005e6 <Idle_Init>:
     5e6:	0c 94 a5 02 	jmp	0x54a	; 0x54a <Full_Deactivate>

000005ea <Idle_Run>:
     5ea:	cf 93       	push	r28
     5ec:	0e 94 f7 03 	call	0x7ee	; 0x7ee <SpotCounter_GetAvailable>
     5f0:	c8 2f       	mov	r28, r24
     5f2:	80 91 60 00 	lds	r24, 0x0060	; 0x800060 <prev_available.0>
     5f6:	8c 17       	cp	r24, r28
     5f8:	91 f0       	breq	.+36     	; 0x61e <.L3>
     5fa:	60 e0       	ldi	r22, 0x00	; 0
     5fc:	81 e0       	ldi	r24, 0x01	; 1
     5fe:	0e 94 7f 05 	call	0xafe	; 0xafe <LCD_WriteInstruction>
     602:	60 e0       	ldi	r22, 0x00	; 0
     604:	84 ec       	ldi	r24, 0xC4	; 196
     606:	90 e0       	ldi	r25, 0x00	; 0
     608:	0e 94 5e 06 	call	0xcbc	; 0xcbc <LCD_WriteString>
     60c:	6c 2f       	mov	r22, r28
     60e:	70 e0       	ldi	r23, 0x00	; 0
     610:	80 e0       	ldi	r24, 0x00	; 0
     612:	90 e0       	ldi	r25, 0x00	; 0
     614:	40 e0       	ldi	r20, 0x00	; 0
     616:	0e 94 94 06 	call	0xd28	; 0xd28 <LCD_WriteNumber>
     61a:	c0 93 60 00 	sts	0x0060, r28	; 0x800060 <prev_available.0>

0000061e <.L3>:
     61e:	cf 91       	pop	r28
     620:	08 95       	ret

00000622 <App_Init>:
     622:	ef 92       	push	r14
     624:	ff 92       	push	r15
     626:	0f 93       	push	r16
     628:	1f 93       	push	r17
     62a:	cf 93       	push	r28
     62c:	df 93       	push	r29
     62e:	cd b7       	in	r28, 0x3d	; 61
     630:	de b7       	in	r29, 0x3e	; 62
     632:	2b 97       	sbiw	r28, 0x0b	; 11
     634:	0f b6       	in	r0, 0x3f	; 63
     636:	f8 94       	cli
     638:	de bf       	out	0x3e, r29	; 62
     63a:	0f be       	out	0x3f, r0	; 63
     63c:	cd bf       	out	0x3d, r28	; 61
     63e:	40 e0       	ldi	r20, 0x00	; 0
     640:	62 e0       	ldi	r22, 0x02	; 2
     642:	83 e0       	ldi	r24, 0x03	; 3
     644:	0e 94 e6 06 	call	0xdcc	; 0xdcc <DIO_InitPin>
     648:	40 e0       	ldi	r20, 0x00	; 0
     64a:	63 e0       	ldi	r22, 0x03	; 3
     64c:	83 e0       	ldi	r24, 0x03	; 3
     64e:	0e 94 e6 06 	call	0xdcc	; 0xdcc <DIO_InitPin>
     652:	41 e0       	ldi	r20, 0x01	; 1
     654:	62 e0       	ldi	r22, 0x02	; 2
     656:	83 e0       	ldi	r24, 0x03	; 3
     658:	0e 94 34 07 	call	0xe68	; 0xe68 <DIO_WritePin>
     65c:	41 e0       	ldi	r20, 0x01	; 1
     65e:	63 e0       	ldi	r22, 0x03	; 3
     660:	83 e0       	ldi	r24, 0x03	; 3
     662:	0e 94 34 07 	call	0xe68	; 0xe68 <DIO_WritePin>
     666:	66 e0       	ldi	r22, 0x06	; 6
     668:	86 e0       	ldi	r24, 0x06	; 6
     66a:	0e 94 e7 07 	call	0xfce	; 0xfce <EXTI_Init>
     66e:	66 e0       	ldi	r22, 0x06	; 6
     670:	87 e0       	ldi	r24, 0x07	; 7
     672:	0e 94 e7 07 	call	0xfce	; 0xfce <EXTI_Init>
     676:	6b ee       	ldi	r22, 0xEB	; 235
     678:	71 e0       	ldi	r23, 0x01	; 1
     67a:	80 e0       	ldi	r24, 0x00	; 0
     67c:	0e 94 6a 08 	call	0x10d4	; 0x10d4 <EXTI_CallBack>
     680:	6b ef       	ldi	r22, 0xFB	; 251
     682:	71 e0       	ldi	r23, 0x01	; 1
     684:	81 e0       	ldi	r24, 0x01	; 1
     686:	0e 94 6a 08 	call	0x10d4	; 0x10d4 <EXTI_CallBack>
     68a:	86 e0       	ldi	r24, 0x06	; 6
     68c:	0e 94 44 08 	call	0x1088	; 0x1088 <EXTI_Enable>
     690:	87 e0       	ldi	r24, 0x07	; 7
     692:	0e 94 44 08 	call	0x1088	; 0x1088 <EXTI_Enable>
     696:	0e 94 f3 08 	call	0x11e6	; 0x11e6 <GIE_Enable>
     69a:	8b e0       	ldi	r24, 0x0B	; 11
     69c:	e1 e6       	ldi	r30, 0x61	; 97
     69e:	f0 e0       	ldi	r31, 0x00	; 0
     6a0:	de 01       	movw	r26, r28
     6a2:	11 96       	adiw	r26, 0x01	; 1

000006a4 <.L0^B1>:
     6a4:	01 90       	ld	r0, Z+
     6a6:	0d 92       	st	X+, r0
     6a8:	8a 95       	dec	r24
     6aa:	e1 f7       	brne	.-8      	; 0x6a4 <.L0^B1>
     6ac:	e9 80       	ldd	r14, Y+1	; 0x01
     6ae:	fa 80       	ldd	r15, Y+2	; 0x02
     6b0:	0b 81       	ldd	r16, Y+3	; 0x03
     6b2:	1c 81       	ldd	r17, Y+4	; 0x04
     6b4:	2d 81       	ldd	r18, Y+5	; 0x05
     6b6:	3e 81       	ldd	r19, Y+6	; 0x06
     6b8:	4f 81       	ldd	r20, Y+7	; 0x07
     6ba:	58 85       	ldd	r21, Y+8	; 0x08
     6bc:	69 85       	ldd	r22, Y+9	; 0x09
     6be:	7a 85       	ldd	r23, Y+10	; 0x0a
     6c0:	8b 85       	ldd	r24, Y+11	; 0x0b
     6c2:	0e 94 fb 08 	call	0x11f6	; 0x11f6 <UART_Init>
     6c6:	0e 94 5d 04 	call	0x8ba	; 0x8ba <KeyPad_Init>
     6ca:	80 e0       	ldi	r24, 0x00	; 0
     6cc:	0e 94 cf 05 	call	0xb9e	; 0xb9e <LCD_Init>
     6d0:	63 e0       	ldi	r22, 0x03	; 3
     6d2:	80 e0       	ldi	r24, 0x00	; 0
     6d4:	0e 94 d0 06 	call	0xda0	; 0xda0 <Led_Init>
     6d8:	64 e0       	ldi	r22, 0x04	; 4
     6da:	80 e0       	ldi	r24, 0x00	; 0
     6dc:	0e 94 d0 06 	call	0xda0	; 0xda0 <Led_Init>
     6e0:	82 e0       	ldi	r24, 0x02	; 2
     6e2:	0e 94 ca 03 	call	0x794	; 0x794 <ParkingManager_Init>
     6e6:	0e 94 e4 00 	call	0x1c8	; 0x1c8 <Entry_Init>
     6ea:	0e 94 ff 01 	call	0x3fe	; 0x3fe <Exit_Init>
     6ee:	0e 94 c3 02 	call	0x586	; 0x586 <GateController_Init>
     6f2:	0e 94 7c 02 	call	0x4f8	; 0x4f8 <Full_Init>
     6f6:	0e 94 49 00 	call	0x92	; 0x92 <Admin_Init>
     6fa:	0e 94 f3 02 	call	0x5e6	; 0x5e6 <Idle_Init>
     6fe:	60 e0       	ldi	r22, 0x00	; 0
     700:	81 e0       	ldi	r24, 0x01	; 1
     702:	0e 94 7f 05 	call	0xafe	; 0xafe <LCD_WriteInstruction>
     706:	60 e0       	ldi	r22, 0x00	; 0
     708:	80 e0       	ldi	r24, 0x00	; 0
     70a:	0e 94 82 06 	call	0xd04	; 0xd04 <LCD_GotoXY>
     70e:	60 e0       	ldi	r22, 0x00	; 0
     710:	81 e2       	ldi	r24, 0x21	; 33
     712:	92 e0       	ldi	r25, 0x02	; 2
     714:	0e 94 5e 06 	call	0xcbc	; 0xcbc <LCD_WriteString>
     718:	60 e0       	ldi	r22, 0x00	; 0
     71a:	81 e0       	ldi	r24, 0x01	; 1
     71c:	0e 94 82 06 	call	0xd04	; 0xd04 <LCD_GotoXY>
     720:	60 e0       	ldi	r22, 0x00	; 0
     722:	89 e2       	ldi	r24, 0x29	; 41
     724:	92 e0       	ldi	r25, 0x02	; 2
     726:	0e 94 5e 06 	call	0xcbc	; 0xcbc <LCD_WriteString>
     72a:	2f ef       	ldi	r18, 0xFF	; 255
     72c:	8e e9       	ldi	r24, 0x9E	; 158
     72e:	94 e2       	ldi	r25, 0x24	; 36

00000730 <.L1^B1>:
     730:	21 50       	subi	r18, 0x01	; 1
     732:	80 40       	sbci	r24, 0x00	; 0
     734:	90 40       	sbci	r25, 0x00	; 0
     736:	e1 f7       	brne	.-8      	; 0x730 <.L1^B1>
     738:	00 c0       	rjmp	.+0      	; 0x73a <L0^A>

0000073a <L0^A>:
     73a:	00 00       	nop
     73c:	60 e0       	ldi	r22, 0x00	; 0
     73e:	81 e0       	ldi	r24, 0x01	; 1
     740:	0e 94 7f 05 	call	0xafe	; 0xafe <LCD_WriteInstruction>
     744:	60 e0       	ldi	r22, 0x00	; 0
     746:	80 e0       	ldi	r24, 0x00	; 0
     748:	0e 94 82 06 	call	0xd04	; 0xd04 <LCD_GotoXY>
     74c:	60 e0       	ldi	r22, 0x00	; 0
     74e:	80 e3       	ldi	r24, 0x30	; 48
     750:	92 e0       	ldi	r25, 0x02	; 2
     752:	0e 94 5e 06 	call	0xcbc	; 0xcbc <LCD_WriteString>
     756:	60 e0       	ldi	r22, 0x00	; 0
     758:	81 e0       	ldi	r24, 0x01	; 1
     75a:	0e 94 82 06 	call	0xd04	; 0xd04 <LCD_GotoXY>
     75e:	60 e0       	ldi	r22, 0x00	; 0
     760:	8b e3       	ldi	r24, 0x3B	; 59
     762:	92 e0       	ldi	r25, 0x02	; 2
     764:	0e 94 5e 06 	call	0xcbc	; 0xcbc <LCD_WriteString>
     768:	2f ef       	ldi	r18, 0xFF	; 255
     76a:	83 ed       	ldi	r24, 0xD3	; 211
     76c:	90 e3       	ldi	r25, 0x30	; 48

0000076e <.L1^B2>:
     76e:	21 50       	subi	r18, 0x01	; 1
     770:	80 40       	sbci	r24, 0x00	; 0
     772:	90 40       	sbci	r25, 0x00	; 0
     774:	e1 f7       	brne	.-8      	; 0x76e <.L1^B2>
     776:	00 c0       	rjmp	.+0      	; 0x778 <L0^A>

00000778 <L0^A>:
     778:	00 00       	nop
     77a:	2b 96       	adiw	r28, 0x0b	; 11
     77c:	0f b6       	in	r0, 0x3f	; 63
     77e:	f8 94       	cli
     780:	de bf       	out	0x3e, r29	; 62
     782:	0f be       	out	0x3f, r0	; 63
     784:	cd bf       	out	0x3d, r28	; 61
     786:	df 91       	pop	r29
     788:	cf 91       	pop	r28
     78a:	1f 91       	pop	r17
     78c:	0f 91       	pop	r16
     78e:	ff 90       	pop	r15
     790:	ef 90       	pop	r14
     792:	08 95       	ret

00000794 <ParkingManager_Init>:
     794:	0c 94 dd 03 	jmp	0x7ba	; 0x7ba <SpotCounter_Init>

00000798 <ParkingManager_Run>:
     798:	0e 94 ef 01 	call	0x3de	; 0x3de <Entry_IsDetected>
     79c:	81 11       	cpse	r24, r1
     79e:	05 c0       	rjmp	.+10     	; 0x7aa <.L9>
     7a0:	0e 94 73 02 	call	0x4e6	; 0x4e6 <Exit_IsDetected>
     7a4:	81 11       	cpse	r24, r1
     7a6:	07 c0       	rjmp	.+14     	; 0x7b6 <.L10>

000007a8 <.L3>:
     7a8:	08 95       	ret

000007aa <.L9>:
     7aa:	0e 94 e7 00 	call	0x1ce	; 0x1ce <Entry_Process>
     7ae:	0e 94 73 02 	call	0x4e6	; 0x4e6 <Exit_IsDetected>
     7b2:	81 15       	cp	r24, r1
     7b4:	c9 f3       	breq	.-14     	; 0x7a8 <.L3>

000007b6 <.L10>:
     7b6:	0c 94 02 02 	jmp	0x404	; 0x404 <Exit_Process>

000007ba <SpotCounter_Init>:
     7ba:	80 93 55 02 	sts	0x0255, r24	; 0x800255 <TotalSpots>
     7be:	10 92 54 02 	sts	0x0254, r1	; 0x800254 <OccupiedSpots>
     7c2:	08 95       	ret

000007c4 <SpotCounter_Increment>:
     7c4:	80 91 54 02 	lds	r24, 0x0254	; 0x800254 <OccupiedSpots>
     7c8:	90 91 55 02 	lds	r25, 0x0255	; 0x800255 <TotalSpots>
     7cc:	89 17       	cp	r24, r25
     7ce:	18 f4       	brcc	.+6      	; 0x7d6 <.L3>
     7d0:	8f 5f       	subi	r24, 0xFF	; 255
     7d2:	80 93 54 02 	sts	0x0254, r24	; 0x800254 <OccupiedSpots>

000007d6 <.L3>:
     7d6:	08 95       	ret

000007d8 <SpotCounter_Decrement>:
     7d8:	80 91 54 02 	lds	r24, 0x0254	; 0x800254 <OccupiedSpots>
     7dc:	81 15       	cp	r24, r1
     7de:	19 f0       	breq	.+6      	; 0x7e6 <.L5>
     7e0:	81 50       	subi	r24, 0x01	; 1
     7e2:	80 93 54 02 	sts	0x0254, r24	; 0x800254 <OccupiedSpots>

000007e6 <.L5>:
     7e6:	08 95       	ret

000007e8 <SpotCounter_GetOccupied>:
     7e8:	80 91 54 02 	lds	r24, 0x0254	; 0x800254 <OccupiedSpots>
     7ec:	08 95       	ret

000007ee <SpotCounter_GetAvailable>:
     7ee:	80 91 55 02 	lds	r24, 0x0255	; 0x800255 <TotalSpots>
     7f2:	90 91 54 02 	lds	r25, 0x0254	; 0x800254 <OccupiedSpots>
     7f6:	89 1b       	sub	r24, r25
     7f8:	08 95       	ret

000007fa <SpotCounter_Full>:
     7fa:	81 e0       	ldi	r24, 0x01	; 1
     7fc:	20 91 54 02 	lds	r18, 0x0254	; 0x800254 <OccupiedSpots>
     800:	90 91 55 02 	lds	r25, 0x0255	; 0x800255 <TotalSpots>
     804:	29 13       	cpse	r18, r25
     806:	80 e0       	ldi	r24, 0x00	; 0
     808:	08 95       	ret

0000080a <DCM_Init>:
     80a:	41 e0       	ldi	r20, 0x01	; 1
     80c:	65 e0       	ldi	r22, 0x05	; 5
     80e:	83 e0       	ldi	r24, 0x03	; 3
     810:	0e 94 e6 06 	call	0xdcc	; 0xdcc <DIO_InitPin>
     814:	41 e0       	ldi	r20, 0x01	; 1
     816:	66 e0       	ldi	r22, 0x06	; 6
     818:	83 e0       	ldi	r24, 0x03	; 3
     81a:	0e 94 e6 06 	call	0xdcc	; 0xdcc <DIO_InitPin>
     81e:	40 e0       	ldi	r20, 0x00	; 0
     820:	65 e0       	ldi	r22, 0x05	; 5
     822:	83 e0       	ldi	r24, 0x03	; 3
     824:	0e 94 34 07 	call	0xe68	; 0xe68 <DIO_WritePin>
     828:	40 e0       	ldi	r20, 0x00	; 0
     82a:	66 e0       	ldi	r22, 0x06	; 6
     82c:	83 e0       	ldi	r24, 0x03	; 3
     82e:	0c 94 34 07 	jmp	0xe68	; 0xe68 <DIO_WritePin>

00000832 <DCM_OpenGate>:
     832:	41 e0       	ldi	r20, 0x01	; 1
     834:	65 e0       	ldi	r22, 0x05	; 5
     836:	83 e0       	ldi	r24, 0x03	; 3
     838:	0e 94 34 07 	call	0xe68	; 0xe68 <DIO_WritePin>
     83c:	40 e0       	ldi	r20, 0x00	; 0
     83e:	66 e0       	ldi	r22, 0x06	; 6
     840:	83 e0       	ldi	r24, 0x03	; 3
     842:	0e 94 34 07 	call	0xe68	; 0xe68 <DIO_WritePin>
     846:	2f ef       	ldi	r18, 0xFF	; 255
     848:	82 e5       	ldi	r24, 0x52	; 82
     84a:	97 e0       	ldi	r25, 0x07	; 7

0000084c <.L1^B1>:
     84c:	21 50       	subi	r18, 0x01	; 1
     84e:	80 40       	sbci	r24, 0x00	; 0
     850:	90 40       	sbci	r25, 0x00	; 0
     852:	e1 f7       	brne	.-8      	; 0x84c <.L1^B1>
     854:	00 c0       	rjmp	.+0      	; 0x856 <L0^A>

00000856 <L0^A>:
     856:	00 00       	nop
     858:	40 e0       	ldi	r20, 0x00	; 0
     85a:	65 e0       	ldi	r22, 0x05	; 5
     85c:	83 e0       	ldi	r24, 0x03	; 3
     85e:	0e 94 34 07 	call	0xe68	; 0xe68 <DIO_WritePin>
     862:	40 e0       	ldi	r20, 0x00	; 0
     864:	66 e0       	ldi	r22, 0x06	; 6
     866:	83 e0       	ldi	r24, 0x03	; 3
     868:	0c 94 34 07 	jmp	0xe68	; 0xe68 <DIO_WritePin>

0000086c <DCM_CloseGate>:
     86c:	40 e0       	ldi	r20, 0x00	; 0
     86e:	65 e0       	ldi	r22, 0x05	; 5
     870:	83 e0       	ldi	r24, 0x03	; 3
     872:	0e 94 34 07 	call	0xe68	; 0xe68 <DIO_WritePin>
     876:	41 e0       	ldi	r20, 0x01	; 1
     878:	66 e0       	ldi	r22, 0x06	; 6
     87a:	83 e0       	ldi	r24, 0x03	; 3
     87c:	0e 94 34 07 	call	0xe68	; 0xe68 <DIO_WritePin>
     880:	2f ef       	ldi	r18, 0xFF	; 255
     882:	82 e5       	ldi	r24, 0x52	; 82
     884:	97 e0       	ldi	r25, 0x07	; 7

00000886 <.L1^B2>:
     886:	21 50       	subi	r18, 0x01	; 1
     888:	80 40       	sbci	r24, 0x00	; 0
     88a:	90 40       	sbci	r25, 0x00	; 0
     88c:	e1 f7       	brne	.-8      	; 0x886 <.L1^B2>
     88e:	00 c0       	rjmp	.+0      	; 0x890 <L0^A>

00000890 <L0^A>:
     890:	00 00       	nop
     892:	40 e0       	ldi	r20, 0x00	; 0
     894:	65 e0       	ldi	r22, 0x05	; 5
     896:	83 e0       	ldi	r24, 0x03	; 3
     898:	0e 94 34 07 	call	0xe68	; 0xe68 <DIO_WritePin>
     89c:	40 e0       	ldi	r20, 0x00	; 0
     89e:	66 e0       	ldi	r22, 0x06	; 6
     8a0:	83 e0       	ldi	r24, 0x03	; 3
     8a2:	0c 94 34 07 	jmp	0xe68	; 0xe68 <DIO_WritePin>

000008a6 <DCM_Stop>:
     8a6:	40 e0       	ldi	r20, 0x00	; 0
     8a8:	65 e0       	ldi	r22, 0x05	; 5
     8aa:	83 e0       	ldi	r24, 0x03	; 3
     8ac:	0e 94 34 07 	call	0xe68	; 0xe68 <DIO_WritePin>
     8b0:	40 e0       	ldi	r20, 0x00	; 0
     8b2:	66 e0       	ldi	r22, 0x06	; 6
     8b4:	83 e0       	ldi	r24, 0x03	; 3
     8b6:	0c 94 34 07 	jmp	0xe68	; 0xe68 <DIO_WritePin>

000008ba <KeyPad_Init>:
     8ba:	ef 92       	push	r14
     8bc:	ff 92       	push	r15
     8be:	0f 93       	push	r16
     8c0:	1f 93       	push	r17
     8c2:	cf 93       	push	r28
     8c4:	df 93       	push	r29
     8c6:	c4 e8       	ldi	r28, 0x84	; 132
     8c8:	d0 e0       	ldi	r29, 0x00	; 0
     8ca:	98 e8       	ldi	r25, 0x88	; 136
     8cc:	e9 2e       	mov	r14, r25
     8ce:	90 e0       	ldi	r25, 0x00	; 0
     8d0:	f9 2e       	mov	r15, r25

000008d2 <.L2>:
     8d2:	09 91       	ld	r16, Y+
     8d4:	f7 01       	movw	r30, r14
     8d6:	11 91       	ld	r17, Z+
     8d8:	7f 01       	movw	r14, r30
     8da:	40 e0       	ldi	r20, 0x00	; 0
     8dc:	60 2f       	mov	r22, r16
     8de:	81 2f       	mov	r24, r17
     8e0:	0e 94 e6 06 	call	0xdcc	; 0xdcc <DIO_InitPin>
     8e4:	41 e0       	ldi	r20, 0x01	; 1
     8e6:	60 2f       	mov	r22, r16
     8e8:	81 2f       	mov	r24, r17
     8ea:	0e 94 34 07 	call	0xe68	; 0xe68 <DIO_WritePin>
     8ee:	f0 e0       	ldi	r31, 0x00	; 0
     8f0:	c8 38       	cpi	r28, 0x88	; 136
     8f2:	df 07       	cpc	r29, r31
     8f4:	71 f7       	brne	.-36     	; 0x8d2 <.L2>
     8f6:	cc e7       	ldi	r28, 0x7C	; 124
     8f8:	d0 e0       	ldi	r29, 0x00	; 0
     8fa:	80 e8       	ldi	r24, 0x80	; 128
     8fc:	e8 2e       	mov	r14, r24
     8fe:	80 e0       	ldi	r24, 0x00	; 0
     900:	f8 2e       	mov	r15, r24

00000902 <.L3>:
     902:	09 91       	ld	r16, Y+
     904:	f7 01       	movw	r30, r14
     906:	11 91       	ld	r17, Z+
     908:	7f 01       	movw	r14, r30
     90a:	41 e0       	ldi	r20, 0x01	; 1
     90c:	60 2f       	mov	r22, r16
     90e:	81 2f       	mov	r24, r17
     910:	0e 94 e6 06 	call	0xdcc	; 0xdcc <DIO_InitPin>
     914:	41 e0       	ldi	r20, 0x01	; 1
     916:	60 2f       	mov	r22, r16
     918:	81 2f       	mov	r24, r17
     91a:	0e 94 34 07 	call	0xe68	; 0xe68 <DIO_WritePin>
     91e:	f0 e0       	ldi	r31, 0x00	; 0
     920:	c0 38       	cpi	r28, 0x80	; 128
     922:	df 07       	cpc	r29, r31
     924:	71 f7       	brne	.-36     	; 0x902 <.L3>
     926:	df 91       	pop	r29
     928:	cf 91       	pop	r28
     92a:	1f 91       	pop	r17
     92c:	0f 91       	pop	r16
     92e:	ff 90       	pop	r15
     930:	ef 90       	pop	r14
     932:	08 95       	ret

00000934 <KeyPad_Getpressedkey>:
     934:	2f 92       	push	r2
     936:	3f 92       	push	r3
     938:	4f 92       	push	r4
     93a:	5f 92       	push	r5
     93c:	6f 92       	push	r6
     93e:	7f 92       	push	r7
     940:	8f 92       	push	r8
     942:	9f 92       	push	r9
     944:	af 92       	push	r10
     946:	bf 92       	push	r11
     948:	cf 92       	push	r12
     94a:	df 92       	push	r13
     94c:	ef 92       	push	r14
     94e:	ff 92       	push	r15
     950:	0f 93       	push	r16
     952:	1f 93       	push	r17
     954:	cf 93       	push	r28
     956:	df 93       	push	r29
     958:	0f 92       	push	r0
     95a:	cd b7       	in	r28, 0x3d	; 61
     95c:	de b7       	in	r29, 0x3e	; 62
     95e:	19 82       	std	Y+1, r1	; 0x01
     960:	5c e7       	ldi	r21, 0x7C	; 124
     962:	85 2e       	mov	r8, r21
     964:	50 e0       	ldi	r21, 0x00	; 0
     966:	95 2e       	mov	r9, r21
     968:	60 e8       	ldi	r22, 0x80	; 128
     96a:	66 2e       	mov	r6, r22
     96c:	60 e0       	ldi	r22, 0x00	; 0
     96e:	76 2e       	mov	r7, r22
     970:	a1 2c       	mov	r10, r1
     972:	b1 2c       	mov	r11, r1

00000974 <.L12>:
     974:	f4 01       	movw	r30, r8
     976:	20 80       	ld	r2, Z
     978:	f3 01       	movw	r30, r6
     97a:	30 80       	ld	r3, Z
     97c:	40 e0       	ldi	r20, 0x00	; 0
     97e:	62 2d       	mov	r22, r2
     980:	83 2d       	mov	r24, r3
     982:	0e 94 34 07 	call	0xe68	; 0xe68 <DIO_WritePin>
     986:	34 e8       	ldi	r19, 0x84	; 132
     988:	c3 2e       	mov	r12, r19
     98a:	30 e0       	ldi	r19, 0x00	; 0
     98c:	d3 2e       	mov	r13, r19
     98e:	48 e8       	ldi	r20, 0x88	; 136
     990:	e4 2e       	mov	r14, r20
     992:	40 e0       	ldi	r20, 0x00	; 0
     994:	f4 2e       	mov	r15, r20
     996:	00 e0       	ldi	r16, 0x00	; 0
     998:	10 e0       	ldi	r17, 0x00	; 0

0000099a <.L11>:
     99a:	f6 01       	movw	r30, r12
     99c:	50 80       	ld	r5, Z
     99e:	f7 01       	movw	r30, r14
     9a0:	40 80       	ld	r4, Z
     9a2:	ae 01       	movw	r20, r28
     9a4:	4f 5f       	subi	r20, 0xFF	; 255
     9a6:	5f 4f       	sbci	r21, 0xFF	; 255
     9a8:	65 2d       	mov	r22, r5
     9aa:	84 2d       	mov	r24, r4
     9ac:	0e 94 82 07 	call	0xf04	; 0xf04 <DIO_ReadPin>
     9b0:	89 81       	ldd	r24, Y+1	; 0x01
     9b2:	81 15       	cp	r24, r1
     9b4:	99 f1       	breq	.+102    	; 0xa1c <.L17>
     9b6:	9f ef       	ldi	r25, 0xFF	; 255
     9b8:	c9 1a       	sub	r12, r25
     9ba:	d9 0a       	sbc	r13, r25
     9bc:	ef ef       	ldi	r30, 0xFF	; 255
     9be:	ee 1a       	sub	r14, r30
     9c0:	fe 0a       	sbc	r15, r30
     9c2:	0f 5f       	subi	r16, 0xFF	; 255
     9c4:	1f 4f       	sbci	r17, 0xFF	; 255
     9c6:	04 30       	cpi	r16, 0x04	; 4
     9c8:	11 05       	cpc	r17, r1
     9ca:	39 f7       	brne	.-50     	; 0x99a <.L11>
     9cc:	ff ef       	ldi	r31, 0xFF	; 255
     9ce:	8f 1a       	sub	r8, r31
     9d0:	9f 0a       	sbc	r9, r31
     9d2:	8f ef       	ldi	r24, 0xFF	; 255
     9d4:	68 1a       	sub	r6, r24
     9d6:	78 0a       	sbc	r7, r24
     9d8:	41 e0       	ldi	r20, 0x01	; 1
     9da:	62 2d       	mov	r22, r2
     9dc:	83 2d       	mov	r24, r3
     9de:	0e 94 34 07 	call	0xe68	; 0xe68 <DIO_WritePin>
     9e2:	9f ef       	ldi	r25, 0xFF	; 255
     9e4:	a9 1a       	sub	r10, r25
     9e6:	b9 0a       	sbc	r11, r25
     9e8:	e4 e0       	ldi	r30, 0x04	; 4
     9ea:	ae 16       	cp	r10, r30
     9ec:	b1 04       	cpc	r11, r1
     9ee:	11 f6       	brne	.-124    	; 0x974 <.L12>
     9f0:	1f ef       	ldi	r17, 0xFF	; 255

000009f2 <.L7>:
     9f2:	81 2f       	mov	r24, r17
     9f4:	0f 90       	pop	r0
     9f6:	df 91       	pop	r29
     9f8:	cf 91       	pop	r28
     9fa:	1f 91       	pop	r17
     9fc:	0f 91       	pop	r16
     9fe:	ff 90       	pop	r15
     a00:	ef 90       	pop	r14
     a02:	df 90       	pop	r13
     a04:	cf 90       	pop	r12
     a06:	bf 90       	pop	r11
     a08:	af 90       	pop	r10
     a0a:	9f 90       	pop	r9
     a0c:	8f 90       	pop	r8
     a0e:	7f 90       	pop	r7
     a10:	6f 90       	pop	r6
     a12:	5f 90       	pop	r5
     a14:	4f 90       	pop	r4
     a16:	3f 90       	pop	r3
     a18:	2f 90       	pop	r2
     a1a:	08 95       	ret

00000a1c <.L17>:
     a1c:	c5 01       	movw	r24, r10
     a1e:	88 0f       	add	r24, r24
     a20:	99 1f       	adc	r25, r25
     a22:	88 0f       	add	r24, r24
     a24:	99 1f       	adc	r25, r25
     a26:	84 59       	subi	r24, 0x94	; 148
     a28:	9f 4f       	sbci	r25, 0xFF	; 255
     a2a:	fc 01       	movw	r30, r24
     a2c:	e0 0f       	add	r30, r16
     a2e:	f1 1f       	adc	r31, r17
     a30:	10 81       	ld	r17, Z

00000a32 <.L9>:
     a32:	ae 01       	movw	r20, r28
     a34:	4f 5f       	subi	r20, 0xFF	; 255
     a36:	5f 4f       	sbci	r21, 0xFF	; 255
     a38:	65 2d       	mov	r22, r5
     a3a:	84 2d       	mov	r24, r4
     a3c:	0e 94 82 07 	call	0xf04	; 0xf04 <DIO_ReadPin>
     a40:	89 81       	ldd	r24, Y+1	; 0x01
     a42:	81 15       	cp	r24, r1
     a44:	b1 f3       	breq	.-20     	; 0xa32 <.L9>
     a46:	8f e3       	ldi	r24, 0x3F	; 63
     a48:	9c e9       	ldi	r25, 0x9C	; 156

00000a4a <.L1^B1>:
     a4a:	01 97       	sbiw	r24, 0x01	; 1
     a4c:	f1 f7       	brne	.-4      	; 0xa4a <.L1^B1>
     a4e:	00 c0       	rjmp	.+0      	; 0xa50 <L0^A>

00000a50 <L0^A>:
     a50:	00 00       	nop
     a52:	41 e0       	ldi	r20, 0x01	; 1
     a54:	62 2d       	mov	r22, r2
     a56:	83 2d       	mov	r24, r3
     a58:	0e 94 34 07 	call	0xe68	; 0xe68 <DIO_WritePin>
     a5c:	ca cf       	rjmp	.-108    	; 0x9f2 <.L7>

00000a5e <LCD_WriteData>:
     a5e:	cf 93       	push	r28
     a60:	df 93       	push	r29
     a62:	0f 92       	push	r0
     a64:	cd b7       	in	r28, 0x3d	; 61
     a66:	de b7       	in	r29, 0x3e	; 62
     a68:	89 83       	std	Y+1, r24	; 0x01
     a6a:	61 30       	cpi	r22, 0x01	; 1
     a6c:	e1 f1       	breq	.+120    	; 0xae6 <.L6>
     a6e:	20 f0       	brcs	.+8      	; 0xa78 <.L7>
     a70:	0f 90       	pop	r0
     a72:	df 91       	pop	r29
     a74:	cf 91       	pop	r28
     a76:	08 95       	ret

00000a78 <.L7>:
     a78:	41 e0       	ldi	r20, 0x01	; 1
     a7a:	80 e0       	ldi	r24, 0x00	; 0
     a7c:	0e 94 34 07 	call	0xe68	; 0xe68 <DIO_WritePin>
     a80:	40 e0       	ldi	r20, 0x00	; 0
     a82:	61 e0       	ldi	r22, 0x01	; 1
     a84:	80 e0       	ldi	r24, 0x00	; 0
     a86:	0e 94 34 07 	call	0xe68	; 0xe68 <DIO_WritePin>
     a8a:	69 81       	ldd	r22, Y+1	; 0x01
     a8c:	60 7f       	andi	r22, 0xF0	; 240
     a8e:	81 e0       	ldi	r24, 0x01	; 1
     a90:	0e 94 72 07 	call	0xee4	; 0xee4 <DIO_WriteGroup>
     a94:	41 e0       	ldi	r20, 0x01	; 1
     a96:	62 e0       	ldi	r22, 0x02	; 2
     a98:	80 e0       	ldi	r24, 0x00	; 0
     a9a:	0e 94 34 07 	call	0xe68	; 0xe68 <DIO_WritePin>
     a9e:	8f ec       	ldi	r24, 0xCF	; 207
     aa0:	97 e0       	ldi	r25, 0x07	; 7

00000aa2 <.L1^B1>:
     aa2:	01 97       	sbiw	r24, 0x01	; 1
     aa4:	f1 f7       	brne	.-4      	; 0xaa2 <.L1^B1>
     aa6:	00 c0       	rjmp	.+0      	; 0xaa8 <L0^A>

00000aa8 <L0^A>:
     aa8:	00 00       	nop
     aaa:	40 e0       	ldi	r20, 0x00	; 0
     aac:	62 e0       	ldi	r22, 0x02	; 2
     aae:	80 e0       	ldi	r24, 0x00	; 0
     ab0:	0e 94 34 07 	call	0xe68	; 0xe68 <DIO_WritePin>
     ab4:	69 81       	ldd	r22, Y+1	; 0x01
     ab6:	62 95       	swap	r22
     ab8:	60 7f       	andi	r22, 0xF0	; 240

00000aba <.L4>:
     aba:	81 e0       	ldi	r24, 0x01	; 1
     abc:	0e 94 72 07 	call	0xee4	; 0xee4 <DIO_WriteGroup>
     ac0:	41 e0       	ldi	r20, 0x01	; 1
     ac2:	62 e0       	ldi	r22, 0x02	; 2
     ac4:	80 e0       	ldi	r24, 0x00	; 0
     ac6:	0e 94 34 07 	call	0xe68	; 0xe68 <DIO_WritePin>
     aca:	8f ec       	ldi	r24, 0xCF	; 207
     acc:	97 e0       	ldi	r25, 0x07	; 7

00000ace <.L1^B2>:
     ace:	01 97       	sbiw	r24, 0x01	; 1
     ad0:	f1 f7       	brne	.-4      	; 0xace <.L1^B2>
     ad2:	00 c0       	rjmp	.+0      	; 0xad4 <L0^A>

00000ad4 <L0^A>:
     ad4:	00 00       	nop
     ad6:	40 e0       	ldi	r20, 0x00	; 0
     ad8:	62 e0       	ldi	r22, 0x02	; 2
     ada:	80 e0       	ldi	r24, 0x00	; 0
     adc:	0f 90       	pop	r0
     ade:	df 91       	pop	r29
     ae0:	cf 91       	pop	r28
     ae2:	0c 94 34 07 	jmp	0xe68	; 0xe68 <DIO_WritePin>

00000ae6 <.L6>:
     ae6:	41 e0       	ldi	r20, 0x01	; 1
     ae8:	60 e0       	ldi	r22, 0x00	; 0
     aea:	80 e0       	ldi	r24, 0x00	; 0
     aec:	0e 94 34 07 	call	0xe68	; 0xe68 <DIO_WritePin>
     af0:	40 e0       	ldi	r20, 0x00	; 0
     af2:	61 e0       	ldi	r22, 0x01	; 1
     af4:	80 e0       	ldi	r24, 0x00	; 0
     af6:	0e 94 34 07 	call	0xe68	; 0xe68 <DIO_WritePin>
     afa:	69 81       	ldd	r22, Y+1	; 0x01
     afc:	de cf       	rjmp	.-68     	; 0xaba <.L4>

00000afe <LCD_WriteInstruction>:
     afe:	cf 93       	push	r28
     b00:	df 93       	push	r29
     b02:	0f 92       	push	r0
     b04:	cd b7       	in	r28, 0x3d	; 61
     b06:	de b7       	in	r29, 0x3e	; 62
     b08:	89 83       	std	Y+1, r24	; 0x01
     b0a:	61 30       	cpi	r22, 0x01	; 1
     b0c:	e1 f1       	breq	.+120    	; 0xb86 <.L12>
     b0e:	20 f0       	brcs	.+8      	; 0xb18 <.L13>
     b10:	0f 90       	pop	r0
     b12:	df 91       	pop	r29
     b14:	cf 91       	pop	r28
     b16:	08 95       	ret

00000b18 <.L13>:
     b18:	40 e0       	ldi	r20, 0x00	; 0
     b1a:	80 e0       	ldi	r24, 0x00	; 0
     b1c:	0e 94 34 07 	call	0xe68	; 0xe68 <DIO_WritePin>
     b20:	40 e0       	ldi	r20, 0x00	; 0
     b22:	61 e0       	ldi	r22, 0x01	; 1
     b24:	80 e0       	ldi	r24, 0x00	; 0
     b26:	0e 94 34 07 	call	0xe68	; 0xe68 <DIO_WritePin>
     b2a:	69 81       	ldd	r22, Y+1	; 0x01
     b2c:	60 7f       	andi	r22, 0xF0	; 240
     b2e:	81 e0       	ldi	r24, 0x01	; 1
     b30:	0e 94 72 07 	call	0xee4	; 0xee4 <DIO_WriteGroup>
     b34:	41 e0       	ldi	r20, 0x01	; 1
     b36:	62 e0       	ldi	r22, 0x02	; 2
     b38:	80 e0       	ldi	r24, 0x00	; 0
     b3a:	0e 94 34 07 	call	0xe68	; 0xe68 <DIO_WritePin>
     b3e:	8f ec       	ldi	r24, 0xCF	; 207
     b40:	97 e0       	ldi	r25, 0x07	; 7

00000b42 <.L1^B3>:
     b42:	01 97       	sbiw	r24, 0x01	; 1
     b44:	f1 f7       	brne	.-4      	; 0xb42 <.L1^B3>
     b46:	00 c0       	rjmp	.+0      	; 0xb48 <L0^A>

00000b48 <L0^A>:
     b48:	00 00       	nop
     b4a:	40 e0       	ldi	r20, 0x00	; 0
     b4c:	62 e0       	ldi	r22, 0x02	; 2
     b4e:	80 e0       	ldi	r24, 0x00	; 0
     b50:	0e 94 34 07 	call	0xe68	; 0xe68 <DIO_WritePin>
     b54:	69 81       	ldd	r22, Y+1	; 0x01
     b56:	62 95       	swap	r22
     b58:	60 7f       	andi	r22, 0xF0	; 240

00000b5a <.L11>:
     b5a:	81 e0       	ldi	r24, 0x01	; 1
     b5c:	0e 94 72 07 	call	0xee4	; 0xee4 <DIO_WriteGroup>
     b60:	41 e0       	ldi	r20, 0x01	; 1
     b62:	62 e0       	ldi	r22, 0x02	; 2
     b64:	80 e0       	ldi	r24, 0x00	; 0
     b66:	0e 94 34 07 	call	0xe68	; 0xe68 <DIO_WritePin>
     b6a:	8f ec       	ldi	r24, 0xCF	; 207
     b6c:	97 e0       	ldi	r25, 0x07	; 7

00000b6e <.L1^B4>:
     b6e:	01 97       	sbiw	r24, 0x01	; 1
     b70:	f1 f7       	brne	.-4      	; 0xb6e <.L1^B4>
     b72:	00 c0       	rjmp	.+0      	; 0xb74 <L0^A>

00000b74 <L0^A>:
     b74:	00 00       	nop
     b76:	40 e0       	ldi	r20, 0x00	; 0
     b78:	62 e0       	ldi	r22, 0x02	; 2
     b7a:	80 e0       	ldi	r24, 0x00	; 0
     b7c:	0f 90       	pop	r0
     b7e:	df 91       	pop	r29
     b80:	cf 91       	pop	r28
     b82:	0c 94 34 07 	jmp	0xe68	; 0xe68 <DIO_WritePin>

00000b86 <.L12>:
     b86:	40 e0       	ldi	r20, 0x00	; 0
     b88:	60 e0       	ldi	r22, 0x00	; 0
     b8a:	80 e0       	ldi	r24, 0x00	; 0
     b8c:	0e 94 34 07 	call	0xe68	; 0xe68 <DIO_WritePin>
     b90:	40 e0       	ldi	r20, 0x00	; 0
     b92:	61 e0       	ldi	r22, 0x01	; 1
     b94:	80 e0       	ldi	r24, 0x00	; 0
     b96:	0e 94 34 07 	call	0xe68	; 0xe68 <DIO_WritePin>
     b9a:	69 81       	ldd	r22, Y+1	; 0x01
     b9c:	de cf       	rjmp	.-68     	; 0xb5a <.L11>

00000b9e <LCD_Init>:
     b9e:	81 30       	cpi	r24, 0x01	; 1
     ba0:	09 f4       	brne	.+2      	; 0xba4 <L0^A+0x2>

00000ba2 <L0^A>:
     ba2:	50 c0       	rjmp	.+160    	; 0xc44 <.L18>
     ba4:	08 f0       	brcs	.+2      	; 0xba8 <.L19>
     ba6:	08 95       	ret

00000ba8 <.L19>:
     ba8:	41 e0       	ldi	r20, 0x01	; 1
     baa:	60 e0       	ldi	r22, 0x00	; 0
     bac:	0e 94 e6 06 	call	0xdcc	; 0xdcc <DIO_InitPin>
     bb0:	41 e0       	ldi	r20, 0x01	; 1
     bb2:	61 e0       	ldi	r22, 0x01	; 1
     bb4:	80 e0       	ldi	r24, 0x00	; 0
     bb6:	0e 94 e6 06 	call	0xdcc	; 0xdcc <DIO_InitPin>
     bba:	41 e0       	ldi	r20, 0x01	; 1
     bbc:	62 e0       	ldi	r22, 0x02	; 2
     bbe:	80 e0       	ldi	r24, 0x00	; 0
     bc0:	0e 94 e6 06 	call	0xdcc	; 0xdcc <DIO_InitPin>
     bc4:	6f ef       	ldi	r22, 0xFF	; 255
     bc6:	81 e0       	ldi	r24, 0x01	; 1
     bc8:	0e 94 24 07 	call	0xe48	; 0xe48 <DIO_InitGroup>
     bcc:	9f eb       	ldi	r25, 0xBF	; 191
     bce:	2a ed       	ldi	r18, 0xDA	; 218
     bd0:	80 e0       	ldi	r24, 0x00	; 0

00000bd2 <.L1^B5>:
     bd2:	91 50       	subi	r25, 0x01	; 1
     bd4:	20 40       	sbci	r18, 0x00	; 0
     bd6:	80 40       	sbci	r24, 0x00	; 0
     bd8:	e1 f7       	brne	.-8      	; 0xbd2 <.L1^B5>
     bda:	00 c0       	rjmp	.+0      	; 0xbdc <L0^A>

00000bdc <L0^A>:
     bdc:	00 00       	nop
     bde:	60 e0       	ldi	r22, 0x00	; 0
     be0:	82 e0       	ldi	r24, 0x02	; 2
     be2:	0e 94 7f 05 	call	0xafe	; 0xafe <LCD_WriteInstruction>
     be6:	8f ec       	ldi	r24, 0xCF	; 207
     be8:	97 e0       	ldi	r25, 0x07	; 7

00000bea <.L1^B6>:
     bea:	01 97       	sbiw	r24, 0x01	; 1
     bec:	f1 f7       	brne	.-4      	; 0xbea <.L1^B6>
     bee:	00 c0       	rjmp	.+0      	; 0xbf0 <L0^A>

00000bf0 <L0^A>:
     bf0:	00 00       	nop
     bf2:	60 e0       	ldi	r22, 0x00	; 0
     bf4:	88 e2       	ldi	r24, 0x28	; 40
     bf6:	0e 94 7f 05 	call	0xafe	; 0xafe <LCD_WriteInstruction>
     bfa:	8f ec       	ldi	r24, 0xCF	; 207
     bfc:	97 e0       	ldi	r25, 0x07	; 7

00000bfe <.L1^B7>:
     bfe:	01 97       	sbiw	r24, 0x01	; 1
     c00:	f1 f7       	brne	.-4      	; 0xbfe <.L1^B7>
     c02:	00 c0       	rjmp	.+0      	; 0xc04 <L0^A>

00000c04 <L0^A>:
     c04:	00 00       	nop
     c06:	60 e0       	ldi	r22, 0x00	; 0
     c08:	8c e0       	ldi	r24, 0x0C	; 12
     c0a:	0e 94 7f 05 	call	0xafe	; 0xafe <LCD_WriteInstruction>
     c0e:	8f ec       	ldi	r24, 0xCF	; 207
     c10:	97 e0       	ldi	r25, 0x07	; 7

00000c12 <.L1^B8>:
     c12:	01 97       	sbiw	r24, 0x01	; 1
     c14:	f1 f7       	brne	.-4      	; 0xc12 <.L1^B8>
     c16:	00 c0       	rjmp	.+0      	; 0xc18 <L0^A>

00000c18 <L0^A>:
     c18:	00 00       	nop
     c1a:	60 e0       	ldi	r22, 0x00	; 0
     c1c:	81 e0       	ldi	r24, 0x01	; 1
     c1e:	0e 94 7f 05 	call	0xafe	; 0xafe <LCD_WriteInstruction>
     c22:	8f e9       	ldi	r24, 0x9F	; 159
     c24:	9f e0       	ldi	r25, 0x0F	; 15

00000c26 <.L1^B9>:
     c26:	01 97       	sbiw	r24, 0x01	; 1
     c28:	f1 f7       	brne	.-4      	; 0xc26 <.L1^B9>
     c2a:	00 c0       	rjmp	.+0      	; 0xc2c <L0^A>

00000c2c <L0^A>:
     c2c:	00 00       	nop
     c2e:	60 e0       	ldi	r22, 0x00	; 0

00000c30 <.L17>:
     c30:	86 e0       	ldi	r24, 0x06	; 6
     c32:	0e 94 7f 05 	call	0xafe	; 0xafe <LCD_WriteInstruction>
     c36:	8f ec       	ldi	r24, 0xCF	; 207
     c38:	97 e0       	ldi	r25, 0x07	; 7

00000c3a <.L1^B10>:
     c3a:	01 97       	sbiw	r24, 0x01	; 1
     c3c:	f1 f7       	brne	.-4      	; 0xc3a <.L1^B10>
     c3e:	00 c0       	rjmp	.+0      	; 0xc40 <L0^A>

00000c40 <L0^A>:
     c40:	00 00       	nop
     c42:	08 95       	ret

00000c44 <.L18>:
     c44:	41 e0       	ldi	r20, 0x01	; 1
     c46:	60 e0       	ldi	r22, 0x00	; 0
     c48:	80 e0       	ldi	r24, 0x00	; 0
     c4a:	0e 94 e6 06 	call	0xdcc	; 0xdcc <DIO_InitPin>
     c4e:	41 e0       	ldi	r20, 0x01	; 1
     c50:	61 e0       	ldi	r22, 0x01	; 1
     c52:	80 e0       	ldi	r24, 0x00	; 0
     c54:	0e 94 e6 06 	call	0xdcc	; 0xdcc <DIO_InitPin>
     c58:	41 e0       	ldi	r20, 0x01	; 1
     c5a:	62 e0       	ldi	r22, 0x02	; 2
     c5c:	80 e0       	ldi	r24, 0x00	; 0
     c5e:	0e 94 e6 06 	call	0xdcc	; 0xdcc <DIO_InitPin>
     c62:	6f ef       	ldi	r22, 0xFF	; 255
     c64:	81 e0       	ldi	r24, 0x01	; 1
     c66:	0e 94 24 07 	call	0xe48	; 0xe48 <DIO_InitGroup>
     c6a:	2f eb       	ldi	r18, 0xBF	; 191
     c6c:	8a ed       	ldi	r24, 0xDA	; 218
     c6e:	90 e0       	ldi	r25, 0x00	; 0

00000c70 <.L1^B11>:
     c70:	21 50       	subi	r18, 0x01	; 1
     c72:	80 40       	sbci	r24, 0x00	; 0
     c74:	90 40       	sbci	r25, 0x00	; 0
     c76:	e1 f7       	brne	.-8      	; 0xc70 <.L1^B11>
     c78:	00 c0       	rjmp	.+0      	; 0xc7a <L0^A>

00000c7a <L0^A>:
     c7a:	00 00       	nop
     c7c:	61 e0       	ldi	r22, 0x01	; 1
     c7e:	88 e3       	ldi	r24, 0x38	; 56
     c80:	0e 94 7f 05 	call	0xafe	; 0xafe <LCD_WriteInstruction>
     c84:	8f ec       	ldi	r24, 0xCF	; 207
     c86:	97 e0       	ldi	r25, 0x07	; 7

00000c88 <.L1^B12>:
     c88:	01 97       	sbiw	r24, 0x01	; 1
     c8a:	f1 f7       	brne	.-4      	; 0xc88 <.L1^B12>
     c8c:	00 c0       	rjmp	.+0      	; 0xc8e <L0^A>

00000c8e <L0^A>:
     c8e:	00 00       	nop
     c90:	61 e0       	ldi	r22, 0x01	; 1
     c92:	8e e0       	ldi	r24, 0x0E	; 14
     c94:	0e 94 7f 05 	call	0xafe	; 0xafe <LCD_WriteInstruction>
     c98:	8f ec       	ldi	r24, 0xCF	; 207
     c9a:	97 e0       	ldi	r25, 0x07	; 7

00000c9c <.L1^B13>:
     c9c:	01 97       	sbiw	r24, 0x01	; 1
     c9e:	f1 f7       	brne	.-4      	; 0xc9c <.L1^B13>
     ca0:	00 c0       	rjmp	.+0      	; 0xca2 <L0^A>

00000ca2 <L0^A>:
     ca2:	00 00       	nop
     ca4:	61 e0       	ldi	r22, 0x01	; 1
     ca6:	81 e0       	ldi	r24, 0x01	; 1
     ca8:	0e 94 7f 05 	call	0xafe	; 0xafe <LCD_WriteInstruction>
     cac:	8f e9       	ldi	r24, 0x9F	; 159
     cae:	9f e0       	ldi	r25, 0x0F	; 15

00000cb0 <.L1^B14>:
     cb0:	01 97       	sbiw	r24, 0x01	; 1
     cb2:	f1 f7       	brne	.-4      	; 0xcb0 <.L1^B14>
     cb4:	00 c0       	rjmp	.+0      	; 0xcb6 <L0^A>

00000cb6 <L0^A>:
     cb6:	00 00       	nop
     cb8:	61 e0       	ldi	r22, 0x01	; 1
     cba:	ba cf       	rjmp	.-140    	; 0xc30 <.L17>

00000cbc <LCD_WriteString>:
     cbc:	0f 93       	push	r16
     cbe:	1f 93       	push	r17
     cc0:	cf 93       	push	r28
     cc2:	df 93       	push	r29
     cc4:	00 d0       	rcall	.+0      	; 0xcc6 <L0^A>

00000cc6 <L0^A>:
     cc6:	cd b7       	in	r28, 0x3d	; 61
     cc8:	de b7       	in	r29, 0x3e	; 62
     cca:	8c 01       	movw	r16, r24
     ccc:	69 83       	std	Y+1, r22	; 0x01
     cce:	00 97       	sbiw	r24, 0x00	; 0
     cd0:	91 f0       	breq	.+36     	; 0xcf6 <.L20>
     cd2:	fc 01       	movw	r30, r24
     cd4:	80 81       	ld	r24, Z
     cd6:	81 15       	cp	r24, r1
     cd8:	71 f0       	breq	.+28     	; 0xcf6 <.L20>
     cda:	1a 82       	std	Y+2, r1	; 0x02

00000cdc <.L22>:
     cdc:	69 81       	ldd	r22, Y+1	; 0x01
     cde:	0e 94 2f 05 	call	0xa5e	; 0xa5e <LCD_WriteData>
     ce2:	fa 81       	ldd	r31, Y+2	; 0x02
     ce4:	ff 5f       	subi	r31, 0xFF	; 255
     ce6:	fa 83       	std	Y+2, r31	; 0x02
     ce8:	f8 01       	movw	r30, r16
     cea:	8a 81       	ldd	r24, Y+2	; 0x02
     cec:	e8 0f       	add	r30, r24
     cee:	f1 1d       	adc	r31, r1
     cf0:	80 81       	ld	r24, Z
     cf2:	81 11       	cpse	r24, r1
     cf4:	f3 cf       	rjmp	.-26     	; 0xcdc <.L22>

00000cf6 <.L20>:
     cf6:	0f 90       	pop	r0
     cf8:	0f 90       	pop	r0
     cfa:	df 91       	pop	r29
     cfc:	cf 91       	pop	r28
     cfe:	1f 91       	pop	r17
     d00:	0f 91       	pop	r16
     d02:	08 95       	ret

00000d04 <LCD_GotoXY>:
     d04:	81 30       	cpi	r24, 0x01	; 1
     d06:	58 f0       	brcs	.+22     	; 0xd1e <.L31>
     d08:	31 f4       	brne	.+12     	; 0xd16 <.L34>
     d0a:	80 e4       	ldi	r24, 0x40	; 64
     d0c:	86 0f       	add	r24, r22
     d0e:	80 68       	ori	r24, 0x80	; 128
     d10:	60 e0       	ldi	r22, 0x00	; 0
     d12:	0c 94 7f 05 	jmp	0xafe	; 0xafe <LCD_WriteInstruction>

00000d16 <.L34>:
     d16:	80 e8       	ldi	r24, 0x80	; 128
     d18:	60 e0       	ldi	r22, 0x00	; 0
     d1a:	0c 94 7f 05 	jmp	0xafe	; 0xafe <LCD_WriteInstruction>

00000d1e <.L31>:
     d1e:	86 2f       	mov	r24, r22
     d20:	80 68       	ori	r24, 0x80	; 128
     d22:	60 e0       	ldi	r22, 0x00	; 0
     d24:	0c 94 7f 05 	jmp	0xafe	; 0xafe <LCD_WriteInstruction>

00000d28 <LCD_WriteNumber>:
     d28:	ff 92       	push	r15
     d2a:	0f 93       	push	r16
     d2c:	1f 93       	push	r17
     d2e:	cf 93       	push	r28
     d30:	df 93       	push	r29
     d32:	cd b7       	in	r28, 0x3d	; 61
     d34:	de b7       	in	r29, 0x3e	; 62
     d36:	2c 97       	sbiw	r28, 0x0c	; 12
     d38:	0f b6       	in	r0, 0x3f	; 63
     d3a:	f8 94       	cli
     d3c:	de bf       	out	0x3e, r29	; 62
     d3e:	0f be       	out	0x3f, r0	; 63
     d40:	cd bf       	out	0x3d, r28	; 61
     d42:	4c 87       	std	Y+12, r20	; 0x0c
     d44:	9f 93       	push	r25
     d46:	8f 93       	push	r24
     d48:	7f 93       	push	r23
     d4a:	6f 93       	push	r22
     d4c:	8b e4       	ldi	r24, 0x4B	; 75
     d4e:	92 e0       	ldi	r25, 0x02	; 2
     d50:	9f 93       	push	r25
     d52:	8f 93       	push	r24
     d54:	8e 01       	movw	r16, r28
     d56:	0f 5f       	subi	r16, 0xFF	; 255
     d58:	1f 4f       	sbci	r17, 0xFF	; 255
     d5a:	1f 93       	push	r17
     d5c:	0f 93       	push	r16
     d5e:	0e 94 1c 0b 	call	0x1638	; 0x1638 <sprintf>
     d62:	89 81       	ldd	r24, Y+1	; 0x01
     d64:	0f b6       	in	r0, 0x3f	; 63
     d66:	f8 94       	cli
     d68:	de bf       	out	0x3e, r29	; 62
     d6a:	0f be       	out	0x3f, r0	; 63
     d6c:	cd bf       	out	0x3d, r28	; 61
     d6e:	81 15       	cp	r24, r1
     d70:	59 f0       	breq	.+22     	; 0xd88 <.L35>
     d72:	f1 2c       	mov	r15, r1

00000d74 <.L37>:
     d74:	6c 85       	ldd	r22, Y+12	; 0x0c
     d76:	0e 94 2f 05 	call	0xa5e	; 0xa5e <LCD_WriteData>
     d7a:	f3 94       	inc	r15
     d7c:	f8 01       	movw	r30, r16
     d7e:	ef 0d       	add	r30, r15
     d80:	f1 1d       	adc	r31, r1
     d82:	80 81       	ld	r24, Z
     d84:	81 11       	cpse	r24, r1
     d86:	f6 cf       	rjmp	.-20     	; 0xd74 <.L37>

00000d88 <.L35>:
     d88:	2c 96       	adiw	r28, 0x0c	; 12
     d8a:	0f b6       	in	r0, 0x3f	; 63
     d8c:	f8 94       	cli
     d8e:	de bf       	out	0x3e, r29	; 62
     d90:	0f be       	out	0x3f, r0	; 63
     d92:	cd bf       	out	0x3d, r28	; 61
     d94:	df 91       	pop	r29
     d96:	cf 91       	pop	r28
     d98:	1f 91       	pop	r17
     d9a:	0f 91       	pop	r16
     d9c:	ff 90       	pop	r15
     d9e:	08 95       	ret

00000da0 <Led_Init>:
     da0:	41 e0       	ldi	r20, 0x01	; 1
     da2:	0c 94 e6 06 	jmp	0xdcc	; 0xdcc <DIO_InitPin>

00000da6 <Led_on>:
     da6:	41 30       	cpi	r20, 0x01	; 1
     da8:	21 f0       	breq	.+8      	; 0xdb2 <.L6>
     daa:	42 30       	cpi	r20, 0x02	; 2
     dac:	09 f0       	breq	.+2      	; 0xdb0 <.L7>
     dae:	08 95       	ret

00000db0 <.L7>:
     db0:	40 e0       	ldi	r20, 0x00	; 0

00000db2 <.L6>:
     db2:	0c 94 34 07 	jmp	0xe68	; 0xe68 <DIO_WritePin>

00000db6 <Led_off>:
     db6:	41 30       	cpi	r20, 0x01	; 1
     db8:	19 f0       	breq	.+6      	; 0xdc0 <.L11>
     dba:	42 30       	cpi	r20, 0x02	; 2
     dbc:	21 f0       	breq	.+8      	; 0xdc6 <.L12>
     dbe:	08 95       	ret

00000dc0 <.L11>:
     dc0:	40 e0       	ldi	r20, 0x00	; 0
     dc2:	0c 94 34 07 	jmp	0xe68	; 0xe68 <DIO_WritePin>

00000dc6 <.L12>:
     dc6:	41 e0       	ldi	r20, 0x01	; 1
     dc8:	0c 94 34 07 	jmp	0xe68	; 0xe68 <DIO_WritePin>

00000dcc <DIO_InitPin>:
     dcc:	84 30       	cpi	r24, 0x04	; 4
     dce:	c0 f4       	brcc	.+48     	; 0xe00 <.L1>
     dd0:	68 30       	cpi	r22, 0x08	; 8
     dd2:	b0 f4       	brcc	.+44     	; 0xe00 <.L1>
     dd4:	41 30       	cpi	r20, 0x01	; 1
     dd6:	a9 f0       	breq	.+42     	; 0xe02 <.L11>
     dd8:	98 f4       	brcc	.+38     	; 0xe00 <.L1>
     dda:	21 e0       	ldi	r18, 0x01	; 1
     ddc:	01 c0       	rjmp	.+2      	; 0xde0 <.L2^B1>

00000dde <.L1^B1>:
     dde:	22 0f       	add	r18, r18

00000de0 <.L2^B1>:
     de0:	6a 95       	dec	r22
     de2:	ea f7       	brpl	.-6      	; 0xdde <.L1^B1>
     de4:	20 95       	com	r18
     de6:	82 30       	cpi	r24, 0x02	; 2
     de8:	39 f1       	breq	.+78     	; 0xe38 <.L7>
     dea:	83 30       	cpi	r24, 0x03	; 3
     dec:	31 f0       	breq	.+12     	; 0xdfa <.L8>
     dee:	81 30       	cpi	r24, 0x01	; 1
     df0:	39 f1       	breq	.+78     	; 0xe40 <.L9>
     df2:	8a b3       	in	r24, 0x1a	; 26
     df4:	82 23       	and	r24, r18
     df6:	8a bb       	out	0x1a, r24	; 26
     df8:	08 95       	ret

00000dfa <.L8>:
     dfa:	81 b3       	in	r24, 0x11	; 17
     dfc:	82 23       	and	r24, r18
     dfe:	81 bb       	out	0x11, r24	; 17

00000e00 <.L1>:
     e00:	08 95       	ret

00000e02 <.L11>:
     e02:	21 e0       	ldi	r18, 0x01	; 1
     e04:	01 c0       	rjmp	.+2      	; 0xe08 <.L2^B2>

00000e06 <.L1^B2>:
     e06:	22 0f       	add	r18, r18

00000e08 <.L2^B2>:
     e08:	6a 95       	dec	r22
     e0a:	ea f7       	brpl	.-6      	; 0xe06 <.L1^B2>
     e0c:	82 30       	cpi	r24, 0x02	; 2
     e0e:	61 f0       	breq	.+24     	; 0xe28 <.L4>
     e10:	83 30       	cpi	r24, 0x03	; 3
     e12:	31 f0       	breq	.+12     	; 0xe20 <.L5>
     e14:	81 30       	cpi	r24, 0x01	; 1
     e16:	61 f0       	breq	.+24     	; 0xe30 <.L6>
     e18:	8a b3       	in	r24, 0x1a	; 26
     e1a:	82 2b       	or	r24, r18
     e1c:	8a bb       	out	0x1a, r24	; 26
     e1e:	08 95       	ret

00000e20 <.L5>:
     e20:	81 b3       	in	r24, 0x11	; 17
     e22:	82 2b       	or	r24, r18
     e24:	81 bb       	out	0x11, r24	; 17
     e26:	08 95       	ret

00000e28 <.L4>:
     e28:	84 b3       	in	r24, 0x14	; 20
     e2a:	82 2b       	or	r24, r18
     e2c:	84 bb       	out	0x14, r24	; 20
     e2e:	08 95       	ret

00000e30 <.L6>:
     e30:	87 b3       	in	r24, 0x17	; 23
     e32:	82 2b       	or	r24, r18
     e34:	87 bb       	out	0x17, r24	; 23
     e36:	08 95       	ret

00000e38 <.L7>:
     e38:	84 b3       	in	r24, 0x14	; 20
     e3a:	82 23       	and	r24, r18
     e3c:	84 bb       	out	0x14, r24	; 20
     e3e:	08 95       	ret

00000e40 <.L9>:
     e40:	87 b3       	in	r24, 0x17	; 23
     e42:	82 23       	and	r24, r18
     e44:	87 bb       	out	0x17, r24	; 23
     e46:	08 95       	ret

00000e48 <DIO_InitGroup>:
     e48:	82 30       	cpi	r24, 0x02	; 2
     e4a:	49 f0       	breq	.+18     	; 0xe5e <.L13>
     e4c:	20 f4       	brcc	.+8      	; 0xe56 <.L14>
     e4e:	81 15       	cp	r24, r1
     e50:	41 f0       	breq	.+16     	; 0xe62 <.L20>
     e52:	67 bb       	out	0x17, r22	; 23
     e54:	08 95       	ret

00000e56 <.L14>:
     e56:	83 30       	cpi	r24, 0x03	; 3
     e58:	31 f4       	brne	.+12     	; 0xe66 <.L21>
     e5a:	61 bb       	out	0x11, r22	; 17
     e5c:	08 95       	ret

00000e5e <.L13>:
     e5e:	64 bb       	out	0x14, r22	; 20
     e60:	08 95       	ret

00000e62 <.L20>:
     e62:	6a bb       	out	0x1a, r22	; 26
     e64:	08 95       	ret

00000e66 <.L21>:
     e66:	08 95       	ret

00000e68 <DIO_WritePin>:
     e68:	84 30       	cpi	r24, 0x04	; 4
     e6a:	c0 f4       	brcc	.+48     	; 0xe9c <.L22>
     e6c:	68 30       	cpi	r22, 0x08	; 8
     e6e:	b0 f4       	brcc	.+44     	; 0xe9c <.L22>
     e70:	41 30       	cpi	r20, 0x01	; 1
     e72:	a9 f0       	breq	.+42     	; 0xe9e <.L31>
     e74:	98 f4       	brcc	.+38     	; 0xe9c <.L22>
     e76:	21 e0       	ldi	r18, 0x01	; 1
     e78:	01 c0       	rjmp	.+2      	; 0xe7c <.L2^B3>

00000e7a <.L1^B3>:
     e7a:	22 0f       	add	r18, r18

00000e7c <.L2^B3>:
     e7c:	6a 95       	dec	r22
     e7e:	ea f7       	brpl	.-6      	; 0xe7a <.L1^B3>
     e80:	20 95       	com	r18
     e82:	82 30       	cpi	r24, 0x02	; 2
     e84:	39 f1       	breq	.+78     	; 0xed4 <.L28>
     e86:	83 30       	cpi	r24, 0x03	; 3
     e88:	31 f0       	breq	.+12     	; 0xe96 <.L29>
     e8a:	81 30       	cpi	r24, 0x01	; 1
     e8c:	39 f1       	breq	.+78     	; 0xedc <.L30>
     e8e:	8b b3       	in	r24, 0x1b	; 27
     e90:	82 23       	and	r24, r18
     e92:	8b bb       	out	0x1b, r24	; 27
     e94:	08 95       	ret

00000e96 <.L29>:
     e96:	82 b3       	in	r24, 0x12	; 18
     e98:	82 23       	and	r24, r18
     e9a:	82 bb       	out	0x12, r24	; 18

00000e9c <.L22>:
     e9c:	08 95       	ret

00000e9e <.L31>:
     e9e:	21 e0       	ldi	r18, 0x01	; 1
     ea0:	01 c0       	rjmp	.+2      	; 0xea4 <.L2^B4>

00000ea2 <.L1^B4>:
     ea2:	22 0f       	add	r18, r18

00000ea4 <.L2^B4>:
     ea4:	6a 95       	dec	r22
     ea6:	ea f7       	brpl	.-6      	; 0xea2 <.L1^B4>
     ea8:	82 30       	cpi	r24, 0x02	; 2
     eaa:	61 f0       	breq	.+24     	; 0xec4 <.L25>
     eac:	83 30       	cpi	r24, 0x03	; 3
     eae:	31 f0       	breq	.+12     	; 0xebc <.L26>
     eb0:	81 30       	cpi	r24, 0x01	; 1
     eb2:	61 f0       	breq	.+24     	; 0xecc <.L27>
     eb4:	8b b3       	in	r24, 0x1b	; 27
     eb6:	82 2b       	or	r24, r18
     eb8:	8b bb       	out	0x1b, r24	; 27
     eba:	08 95       	ret

00000ebc <.L26>:
     ebc:	82 b3       	in	r24, 0x12	; 18
     ebe:	82 2b       	or	r24, r18
     ec0:	82 bb       	out	0x12, r24	; 18
     ec2:	08 95       	ret

00000ec4 <.L25>:
     ec4:	85 b3       	in	r24, 0x15	; 21
     ec6:	82 2b       	or	r24, r18
     ec8:	85 bb       	out	0x15, r24	; 21
     eca:	08 95       	ret

00000ecc <.L27>:
     ecc:	88 b3       	in	r24, 0x18	; 24
     ece:	82 2b       	or	r24, r18
     ed0:	88 bb       	out	0x18, r24	; 24
     ed2:	08 95       	ret

00000ed4 <.L28>:
     ed4:	85 b3       	in	r24, 0x15	; 21
     ed6:	82 23       	and	r24, r18
     ed8:	85 bb       	out	0x15, r24	; 21
     eda:	08 95       	ret

00000edc <.L30>:
     edc:	88 b3       	in	r24, 0x18	; 24
     ede:	82 23       	and	r24, r18
     ee0:	88 bb       	out	0x18, r24	; 24
     ee2:	08 95       	ret

00000ee4 <DIO_WriteGroup>:
     ee4:	82 30       	cpi	r24, 0x02	; 2
     ee6:	49 f0       	breq	.+18     	; 0xefa <.L33>
     ee8:	20 f4       	brcc	.+8      	; 0xef2 <.L34>
     eea:	81 15       	cp	r24, r1
     eec:	41 f0       	breq	.+16     	; 0xefe <.L40>
     eee:	68 bb       	out	0x18, r22	; 24
     ef0:	08 95       	ret

00000ef2 <.L34>:
     ef2:	83 30       	cpi	r24, 0x03	; 3
     ef4:	31 f4       	brne	.+12     	; 0xf02 <.L41>
     ef6:	62 bb       	out	0x12, r22	; 18
     ef8:	08 95       	ret

00000efa <.L33>:
     efa:	65 bb       	out	0x15, r22	; 21
     efc:	08 95       	ret

00000efe <.L40>:
     efe:	6b bb       	out	0x1b, r22	; 27
     f00:	08 95       	ret

00000f02 <.L41>:
     f02:	08 95       	ret

00000f04 <DIO_ReadPin>:
     f04:	41 15       	cp	r20, r1
     f06:	51 05       	cpc	r21, r1
     f08:	a1 f0       	breq	.+40     	; 0xf32 <.L42>
     f0a:	84 30       	cpi	r24, 0x04	; 4
     f0c:	90 f4       	brcc	.+36     	; 0xf32 <.L42>
     f0e:	68 30       	cpi	r22, 0x08	; 8
     f10:	80 f4       	brcc	.+32     	; 0xf32 <.L42>
     f12:	82 30       	cpi	r24, 0x02	; 2
     f14:	99 f0       	breq	.+38     	; 0xf3c <.L44>
     f16:	83 30       	cpi	r24, 0x03	; 3
     f18:	79 f0       	breq	.+30     	; 0xf38 <.L45>
     f1a:	81 30       	cpi	r24, 0x01	; 1
     f1c:	59 f4       	brne	.+22     	; 0xf34 <.L51>
     f1e:	86 b3       	in	r24, 0x16	; 22

00000f20 <.L50>:
     f20:	90 e0       	ldi	r25, 0x00	; 0
     f22:	02 c0       	rjmp	.+4      	; 0xf28 <.L2^B5>

00000f24 <.L1^B5>:
     f24:	95 95       	asr	r25
     f26:	87 95       	ror	r24

00000f28 <.L2^B5>:
     f28:	6a 95       	dec	r22
     f2a:	e2 f7       	brpl	.-8      	; 0xf24 <.L1^B5>
     f2c:	81 70       	andi	r24, 0x01	; 1
     f2e:	fa 01       	movw	r30, r20
     f30:	80 83       	st	Z, r24

00000f32 <.L42>:
     f32:	08 95       	ret

00000f34 <.L51>:
     f34:	89 b3       	in	r24, 0x19	; 25
     f36:	f4 cf       	rjmp	.-24     	; 0xf20 <.L50>

00000f38 <.L45>:
     f38:	80 b3       	in	r24, 0x10	; 16
     f3a:	f2 cf       	rjmp	.-28     	; 0xf20 <.L50>

00000f3c <.L44>:
     f3c:	83 b3       	in	r24, 0x13	; 19
     f3e:	f0 cf       	rjmp	.-32     	; 0xf20 <.L50>

00000f40 <DIO_ReadGroup>:
     f40:	61 15       	cp	r22, r1
     f42:	71 05       	cpc	r23, r1
     f44:	71 f0       	breq	.+28     	; 0xf62 <.L52>
     f46:	82 30       	cpi	r24, 0x02	; 2
     f48:	91 f0       	breq	.+36     	; 0xf6e <.L54>
     f4a:	30 f4       	brcc	.+12     	; 0xf58 <.L55>
     f4c:	81 15       	cp	r24, r1
     f4e:	59 f0       	breq	.+22     	; 0xf66 <.L63>
     f50:	86 b3       	in	r24, 0x16	; 22
     f52:	fb 01       	movw	r30, r22
     f54:	80 83       	st	Z, r24
     f56:	08 95       	ret

00000f58 <.L55>:
     f58:	83 30       	cpi	r24, 0x03	; 3
     f5a:	21 f4       	brne	.+8      	; 0xf64 <.L64>
     f5c:	80 b3       	in	r24, 0x10	; 16
     f5e:	fb 01       	movw	r30, r22
     f60:	80 83       	st	Z, r24

00000f62 <.L52>:
     f62:	08 95       	ret

00000f64 <.L64>:
     f64:	08 95       	ret

00000f66 <.L63>:
     f66:	89 b3       	in	r24, 0x19	; 25
     f68:	fb 01       	movw	r30, r22
     f6a:	80 83       	st	Z, r24
     f6c:	08 95       	ret

00000f6e <.L54>:
     f6e:	83 b3       	in	r24, 0x13	; 19
     f70:	fb 01       	movw	r30, r22
     f72:	80 83       	st	Z, r24
     f74:	08 95       	ret

00000f76 <DIO_Toggle>:
     f76:	82 30       	cpi	r24, 0x02	; 2
     f78:	b9 f0       	breq	.+46     	; 0xfa8 <.L66>
     f7a:	58 f4       	brcc	.+22     	; 0xf92 <.L67>
     f7c:	81 15       	cp	r24, r1
     f7e:	e9 f0       	breq	.+58     	; 0xfba <.L73>
     f80:	88 b3       	in	r24, 0x18	; 24
     f82:	21 e0       	ldi	r18, 0x01	; 1
     f84:	01 c0       	rjmp	.+2      	; 0xf88 <.L2^B6>

00000f86 <.L1^B6>:
     f86:	22 0f       	add	r18, r18

00000f88 <.L2^B6>:
     f88:	6a 95       	dec	r22
     f8a:	ea f7       	brpl	.-6      	; 0xf86 <.L1^B6>
     f8c:	82 27       	eor	r24, r18
     f8e:	88 bb       	out	0x18, r24	; 24
     f90:	08 95       	ret

00000f92 <.L67>:
     f92:	83 30       	cpi	r24, 0x03	; 3
     f94:	d9 f4       	brne	.+54     	; 0xfcc <.L74>
     f96:	82 b3       	in	r24, 0x12	; 18
     f98:	21 e0       	ldi	r18, 0x01	; 1
     f9a:	01 c0       	rjmp	.+2      	; 0xf9e <.L2^B7>

00000f9c <.L1^B7>:
     f9c:	22 0f       	add	r18, r18

00000f9e <.L2^B7>:
     f9e:	6a 95       	dec	r22
     fa0:	ea f7       	brpl	.-6      	; 0xf9c <.L1^B7>
     fa2:	82 27       	eor	r24, r18
     fa4:	82 bb       	out	0x12, r24	; 18
     fa6:	08 95       	ret

00000fa8 <.L66>:
     fa8:	85 b3       	in	r24, 0x15	; 21
     faa:	21 e0       	ldi	r18, 0x01	; 1
     fac:	01 c0       	rjmp	.+2      	; 0xfb0 <.L2^B8>

00000fae <.L1^B8>:
     fae:	22 0f       	add	r18, r18

00000fb0 <.L2^B8>:
     fb0:	6a 95       	dec	r22
     fb2:	ea f7       	brpl	.-6      	; 0xfae <.L1^B8>
     fb4:	82 27       	eor	r24, r18
     fb6:	85 bb       	out	0x15, r24	; 21
     fb8:	08 95       	ret

00000fba <.L73>:
     fba:	8b b3       	in	r24, 0x1b	; 27
     fbc:	21 e0       	ldi	r18, 0x01	; 1
     fbe:	01 c0       	rjmp	.+2      	; 0xfc2 <.L2^B9>

00000fc0 <.L1^B9>:
     fc0:	22 0f       	add	r18, r18

00000fc2 <.L2^B9>:
     fc2:	6a 95       	dec	r22
     fc4:	ea f7       	brpl	.-6      	; 0xfc0 <.L1^B9>
     fc6:	82 27       	eor	r24, r18
     fc8:	8b bb       	out	0x1b, r24	; 27
     fca:	08 95       	ret

00000fcc <.L74>:
     fcc:	08 95       	ret

00000fce <EXTI_Init>:
     fce:	86 30       	cpi	r24, 0x06	; 6
     fd0:	b1 f0       	breq	.+44     	; 0xffe <.L13>
     fd2:	87 30       	cpi	r24, 0x07	; 7
     fd4:	19 f0       	breq	.+6      	; 0xfdc <.L14>
     fd6:	85 30       	cpi	r24, 0x05	; 5
     fd8:	09 f1       	breq	.+66     	; 0x101c <.L15>

00000fda <.L1>:
     fda:	08 95       	ret

00000fdc <.L14>:
     fdc:	64 30       	cpi	r22, 0x04	; 4
     fde:	69 f1       	breq	.+90     	; 0x103a <.L16>
     fe0:	65 30       	cpi	r22, 0x05	; 5
     fe2:	09 f4       	brne	.+2      	; 0xfe6 <L0^A+0x2>

00000fe4 <L0^A>:
     fe4:	43 c0       	rjmp	.+134    	; 0x106c <.L17>
     fe6:	66 30       	cpi	r22, 0x06	; 6
     fe8:	09 f4       	brne	.+2      	; 0xfec <L0^A+0x2>

00000fea <L0^A>:
     fea:	47 c0       	rjmp	.+142    	; 0x107a <.L18>
     fec:	67 30       	cpi	r22, 0x07	; 7
     fee:	a9 f7       	brne	.-22     	; 0xfda <.L1>
     ff0:	85 b7       	in	r24, 0x35	; 53
     ff2:	84 60       	ori	r24, 0x04	; 4
     ff4:	85 bf       	out	0x35, r24	; 53
     ff6:	85 b7       	in	r24, 0x35	; 53
     ff8:	88 60       	ori	r24, 0x08	; 8
     ffa:	85 bf       	out	0x35, r24	; 53
     ffc:	08 95       	ret

00000ffe <.L13>:
     ffe:	64 30       	cpi	r22, 0x04	; 4
    1000:	19 f1       	breq	.+70     	; 0x1048 <.L19>
    1002:	65 30       	cpi	r22, 0x05	; 5
    1004:	99 f0       	breq	.+38     	; 0x102c <.L20>
    1006:	66 30       	cpi	r22, 0x06	; 6
    1008:	31 f1       	breq	.+76     	; 0x1056 <.L21>
    100a:	67 30       	cpi	r22, 0x07	; 7
    100c:	31 f7       	brne	.-52     	; 0xfda <.L1>
    100e:	85 b7       	in	r24, 0x35	; 53
    1010:	81 60       	ori	r24, 0x01	; 1
    1012:	85 bf       	out	0x35, r24	; 53
    1014:	85 b7       	in	r24, 0x35	; 53
    1016:	82 60       	ori	r24, 0x02	; 2
    1018:	85 bf       	out	0x35, r24	; 53
    101a:	08 95       	ret

0000101c <.L15>:
    101c:	66 30       	cpi	r22, 0x06	; 6
    101e:	11 f1       	breq	.+68     	; 0x1064 <.L22>
    1020:	67 30       	cpi	r22, 0x07	; 7
    1022:	d9 f6       	brne	.-74     	; 0xfda <.L1>
    1024:	84 b7       	in	r24, 0x34	; 52
    1026:	80 64       	ori	r24, 0x40	; 64
    1028:	84 bf       	out	0x34, r24	; 52
    102a:	08 95       	ret

0000102c <.L20>:
    102c:	85 b7       	in	r24, 0x35	; 53
    102e:	81 60       	ori	r24, 0x01	; 1
    1030:	85 bf       	out	0x35, r24	; 53
    1032:	85 b7       	in	r24, 0x35	; 53
    1034:	8d 7f       	andi	r24, 0xFD	; 253
    1036:	85 bf       	out	0x35, r24	; 53
    1038:	08 95       	ret

0000103a <.L16>:
    103a:	85 b7       	in	r24, 0x35	; 53
    103c:	8b 7f       	andi	r24, 0xFB	; 251
    103e:	85 bf       	out	0x35, r24	; 53
    1040:	85 b7       	in	r24, 0x35	; 53
    1042:	87 7f       	andi	r24, 0xF7	; 247
    1044:	85 bf       	out	0x35, r24	; 53
    1046:	08 95       	ret

00001048 <.L19>:
    1048:	85 b7       	in	r24, 0x35	; 53
    104a:	8e 7f       	andi	r24, 0xFE	; 254
    104c:	85 bf       	out	0x35, r24	; 53
    104e:	85 b7       	in	r24, 0x35	; 53
    1050:	8d 7f       	andi	r24, 0xFD	; 253
    1052:	85 bf       	out	0x35, r24	; 53
    1054:	08 95       	ret

00001056 <.L21>:
    1056:	85 b7       	in	r24, 0x35	; 53
    1058:	8e 7f       	andi	r24, 0xFE	; 254
    105a:	85 bf       	out	0x35, r24	; 53
    105c:	85 b7       	in	r24, 0x35	; 53
    105e:	82 60       	ori	r24, 0x02	; 2
    1060:	85 bf       	out	0x35, r24	; 53
    1062:	08 95       	ret

00001064 <.L22>:
    1064:	84 b7       	in	r24, 0x34	; 52
    1066:	8f 7b       	andi	r24, 0xBF	; 191
    1068:	84 bf       	out	0x34, r24	; 52
    106a:	08 95       	ret

0000106c <.L17>:
    106c:	85 b7       	in	r24, 0x35	; 53
    106e:	84 60       	ori	r24, 0x04	; 4
    1070:	85 bf       	out	0x35, r24	; 53
    1072:	85 b7       	in	r24, 0x35	; 53
    1074:	87 7f       	andi	r24, 0xF7	; 247
    1076:	85 bf       	out	0x35, r24	; 53
    1078:	08 95       	ret

0000107a <.L18>:
    107a:	85 b7       	in	r24, 0x35	; 53
    107c:	8b 7f       	andi	r24, 0xFB	; 251
    107e:	85 bf       	out	0x35, r24	; 53
    1080:	85 b7       	in	r24, 0x35	; 53
    1082:	88 60       	ori	r24, 0x08	; 8
    1084:	85 bf       	out	0x35, r24	; 53
    1086:	08 95       	ret

00001088 <EXTI_Enable>:
    1088:	86 30       	cpi	r24, 0x06	; 6
    108a:	49 f0       	breq	.+18     	; 0x109e <.L27>
    108c:	87 30       	cpi	r24, 0x07	; 7
    108e:	19 f0       	breq	.+6      	; 0x1096 <.L28>
    1090:	85 30       	cpi	r24, 0x05	; 5
    1092:	49 f0       	breq	.+18     	; 0x10a6 <.L29>
    1094:	08 95       	ret

00001096 <.L28>:
    1096:	8b b7       	in	r24, 0x3b	; 59
    1098:	80 68       	ori	r24, 0x80	; 128
    109a:	8b bf       	out	0x3b, r24	; 59
    109c:	08 95       	ret

0000109e <.L27>:
    109e:	8b b7       	in	r24, 0x3b	; 59
    10a0:	80 64       	ori	r24, 0x40	; 64
    10a2:	8b bf       	out	0x3b, r24	; 59
    10a4:	08 95       	ret

000010a6 <.L29>:
    10a6:	8b b7       	in	r24, 0x3b	; 59
    10a8:	80 62       	ori	r24, 0x20	; 32
    10aa:	8b bf       	out	0x3b, r24	; 59
    10ac:	08 95       	ret

000010ae <EXTI_Disable>:
    10ae:	86 30       	cpi	r24, 0x06	; 6
    10b0:	49 f0       	breq	.+18     	; 0x10c4 <.L34>
    10b2:	87 30       	cpi	r24, 0x07	; 7
    10b4:	19 f0       	breq	.+6      	; 0x10bc <.L35>
    10b6:	85 30       	cpi	r24, 0x05	; 5
    10b8:	49 f0       	breq	.+18     	; 0x10cc <.L36>
    10ba:	08 95       	ret

000010bc <.L35>:
    10bc:	8b b7       	in	r24, 0x3b	; 59
    10be:	8f 77       	andi	r24, 0x7F	; 127
    10c0:	8b bf       	out	0x3b, r24	; 59
    10c2:	08 95       	ret

000010c4 <.L34>:
    10c4:	8b b7       	in	r24, 0x3b	; 59
    10c6:	8f 7b       	andi	r24, 0xBF	; 191
    10c8:	8b bf       	out	0x3b, r24	; 59
    10ca:	08 95       	ret

000010cc <.L36>:
    10cc:	8b b7       	in	r24, 0x3b	; 59
    10ce:	8f 7d       	andi	r24, 0xDF	; 223
    10d0:	8b bf       	out	0x3b, r24	; 59
    10d2:	08 95       	ret

000010d4 <EXTI_CallBack>:
    10d4:	83 30       	cpi	r24, 0x03	; 3
    10d6:	58 f4       	brcc	.+22     	; 0x10ee <.L37>
    10d8:	61 15       	cp	r22, r1
    10da:	71 05       	cpc	r23, r1
    10dc:	41 f0       	breq	.+16     	; 0x10ee <.L37>
    10de:	e8 2f       	mov	r30, r24
    10e0:	f0 e0       	ldi	r31, 0x00	; 0
    10e2:	ee 0f       	add	r30, r30
    10e4:	ff 1f       	adc	r31, r31
    10e6:	ea 5a       	subi	r30, 0xAA	; 170
    10e8:	fd 4f       	sbci	r31, 0xFD	; 253
    10ea:	60 83       	st	Z, r22
    10ec:	71 83       	std	Z+1, r23	; 0x01

000010ee <.L37>:
    10ee:	08 95       	ret

000010f0 <__vector_1>:
    10f0:	1f 92       	push	r1
    10f2:	0f 92       	push	r0
    10f4:	0f b6       	in	r0, 0x3f	; 63
    10f6:	0f 92       	push	r0
    10f8:	11 24       	eor	r1, r1
    10fa:	2f 93       	push	r18
    10fc:	3f 93       	push	r19
    10fe:	4f 93       	push	r20
    1100:	5f 93       	push	r21
    1102:	6f 93       	push	r22
    1104:	7f 93       	push	r23
    1106:	8f 93       	push	r24
    1108:	9f 93       	push	r25
    110a:	af 93       	push	r26
    110c:	bf 93       	push	r27
    110e:	ef 93       	push	r30
    1110:	ff 93       	push	r31
    1112:	e0 91 56 02 	lds	r30, 0x0256	; 0x800256 <Ptr>
    1116:	f0 91 57 02 	lds	r31, 0x0257	; 0x800257 <Ptr+0x1>
    111a:	30 97       	sbiw	r30, 0x00	; 0
    111c:	09 f0       	breq	.+2      	; 0x1120 <.L42>
    111e:	09 95       	icall

00001120 <.L42>:
    1120:	ff 91       	pop	r31
    1122:	ef 91       	pop	r30
    1124:	bf 91       	pop	r27
    1126:	af 91       	pop	r26
    1128:	9f 91       	pop	r25
    112a:	8f 91       	pop	r24
    112c:	7f 91       	pop	r23
    112e:	6f 91       	pop	r22
    1130:	5f 91       	pop	r21
    1132:	4f 91       	pop	r20
    1134:	3f 91       	pop	r19
    1136:	2f 91       	pop	r18
    1138:	0f 90       	pop	r0
    113a:	0f be       	out	0x3f, r0	; 63
    113c:	0f 90       	pop	r0
    113e:	1f 90       	pop	r1
    1140:	18 95       	reti

00001142 <__vector_2>:
    1142:	1f 92       	push	r1
    1144:	0f 92       	push	r0
    1146:	0f b6       	in	r0, 0x3f	; 63
    1148:	0f 92       	push	r0
    114a:	11 24       	eor	r1, r1
    114c:	2f 93       	push	r18
    114e:	3f 93       	push	r19
    1150:	4f 93       	push	r20
    1152:	5f 93       	push	r21
    1154:	6f 93       	push	r22
    1156:	7f 93       	push	r23
    1158:	8f 93       	push	r24
    115a:	9f 93       	push	r25
    115c:	af 93       	push	r26
    115e:	bf 93       	push	r27
    1160:	ef 93       	push	r30
    1162:	ff 93       	push	r31
    1164:	e0 91 58 02 	lds	r30, 0x0258	; 0x800258 <Ptr+0x2>
    1168:	f0 91 59 02 	lds	r31, 0x0259	; 0x800259 <Ptr+0x3>
    116c:	30 97       	sbiw	r30, 0x00	; 0
    116e:	09 f0       	breq	.+2      	; 0x1172 <.L47>
    1170:	09 95       	icall

00001172 <.L47>:
    1172:	ff 91       	pop	r31
    1174:	ef 91       	pop	r30
    1176:	bf 91       	pop	r27
    1178:	af 91       	pop	r26
    117a:	9f 91       	pop	r25
    117c:	8f 91       	pop	r24
    117e:	7f 91       	pop	r23
    1180:	6f 91       	pop	r22
    1182:	5f 91       	pop	r21
    1184:	4f 91       	pop	r20
    1186:	3f 91       	pop	r19
    1188:	2f 91       	pop	r18
    118a:	0f 90       	pop	r0
    118c:	0f be       	out	0x3f, r0	; 63
    118e:	0f 90       	pop	r0
    1190:	1f 90       	pop	r1
    1192:	18 95       	reti

00001194 <__vector_3>:
    1194:	1f 92       	push	r1
    1196:	0f 92       	push	r0
    1198:	0f b6       	in	r0, 0x3f	; 63
    119a:	0f 92       	push	r0
    119c:	11 24       	eor	r1, r1
    119e:	2f 93       	push	r18
    11a0:	3f 93       	push	r19
    11a2:	4f 93       	push	r20
    11a4:	5f 93       	push	r21
    11a6:	6f 93       	push	r22
    11a8:	7f 93       	push	r23
    11aa:	8f 93       	push	r24
    11ac:	9f 93       	push	r25
    11ae:	af 93       	push	r26
    11b0:	bf 93       	push	r27
    11b2:	ef 93       	push	r30
    11b4:	ff 93       	push	r31
    11b6:	e0 91 5a 02 	lds	r30, 0x025A	; 0x80025a <Ptr+0x4>
    11ba:	f0 91 5b 02 	lds	r31, 0x025B	; 0x80025b <Ptr+0x5>
    11be:	30 97       	sbiw	r30, 0x00	; 0
    11c0:	09 f0       	breq	.+2      	; 0x11c4 <.L52>
    11c2:	09 95       	icall

000011c4 <.L52>:
    11c4:	ff 91       	pop	r31
    11c6:	ef 91       	pop	r30
    11c8:	bf 91       	pop	r27
    11ca:	af 91       	pop	r26
    11cc:	9f 91       	pop	r25
    11ce:	8f 91       	pop	r24
    11d0:	7f 91       	pop	r23
    11d2:	6f 91       	pop	r22
    11d4:	5f 91       	pop	r21
    11d6:	4f 91       	pop	r20
    11d8:	3f 91       	pop	r19
    11da:	2f 91       	pop	r18
    11dc:	0f 90       	pop	r0
    11de:	0f be       	out	0x3f, r0	; 63
    11e0:	0f 90       	pop	r0
    11e2:	1f 90       	pop	r1
    11e4:	18 95       	reti

000011e6 <GIE_Enable>:
    11e6:	8f b7       	in	r24, 0x3f	; 63
    11e8:	80 68       	ori	r24, 0x80	; 128
    11ea:	8f bf       	out	0x3f, r24	; 63
    11ec:	08 95       	ret

000011ee <GIE_Disable>:
    11ee:	8f b7       	in	r24, 0x3f	; 63
    11f0:	8f 77       	andi	r24, 0x7F	; 127
    11f2:	8f bf       	out	0x3f, r24	; 63
    11f4:	08 95       	ret

000011f6 <UART_Init>:
    11f6:	ef 92       	push	r14
    11f8:	ff 92       	push	r15
    11fa:	0f 93       	push	r16
    11fc:	1f 93       	push	r17
    11fe:	cf 93       	push	r28
    1200:	df 93       	push	r29
    1202:	cd b7       	in	r28, 0x3d	; 61
    1204:	de b7       	in	r29, 0x3e	; 62
    1206:	2b 97       	sbiw	r28, 0x0b	; 11
    1208:	0f b6       	in	r0, 0x3f	; 63
    120a:	f8 94       	cli
    120c:	de bf       	out	0x3e, r29	; 62
    120e:	0f be       	out	0x3f, r0	; 63
    1210:	cd bf       	out	0x3d, r28	; 61
    1212:	ae 2d       	mov	r26, r14
    1214:	e9 82       	std	Y+1, r14	; 0x01
    1216:	ff 2d       	mov	r31, r15
    1218:	fa 82       	std	Y+2, r15	; 0x02
    121a:	e0 2f       	mov	r30, r16
    121c:	0b 83       	std	Y+3, r16	; 0x03
    121e:	91 2f       	mov	r25, r17
    1220:	1c 83       	std	Y+4, r17	; 0x04
    1222:	2d 83       	std	Y+5, r18	; 0x05
    1224:	3e 83       	std	Y+6, r19	; 0x06
    1226:	4f 83       	std	Y+7, r20	; 0x07
    1228:	58 87       	std	Y+8, r21	; 0x08
    122a:	06 2f       	mov	r16, r22
    122c:	69 87       	std	Y+9, r22	; 0x09
    122e:	67 2f       	mov	r22, r23
    1230:	7a 87       	std	Y+10, r23	; 0x0a
    1232:	18 2f       	mov	r17, r24
    1234:	8b 87       	std	Y+11, r24	; 0x0b
    1236:	2d 81       	ldd	r18, Y+5	; 0x05
    1238:	3e 81       	ldd	r19, Y+6	; 0x06
    123a:	4f 81       	ldd	r20, Y+7	; 0x07
    123c:	58 85       	ldd	r21, Y+8	; 0x08
    123e:	e0 92 5e 02 	sts	0x025E, r14	; 0x80025e <GlobaleUart_Config>
    1242:	f0 92 5f 02 	sts	0x025F, r15	; 0x80025f <GlobaleUart_Config+0x1>
    1246:	e0 93 60 02 	sts	0x0260, r30	; 0x800260 <GlobaleUart_Config+0x2>
    124a:	90 93 61 02 	sts	0x0261, r25	; 0x800261 <GlobaleUart_Config+0x3>
    124e:	20 93 62 02 	sts	0x0262, r18	; 0x800262 <GlobaleUart_Config+0x4>
    1252:	30 93 63 02 	sts	0x0263, r19	; 0x800263 <GlobaleUart_Config+0x5>
    1256:	40 93 64 02 	sts	0x0264, r20	; 0x800264 <GlobaleUart_Config+0x6>
    125a:	50 93 65 02 	sts	0x0265, r21	; 0x800265 <GlobaleUart_Config+0x7>
    125e:	00 93 66 02 	sts	0x0266, r16	; 0x800266 <GlobaleUart_Config+0x8>
    1262:	70 93 67 02 	sts	0x0267, r23	; 0x800267 <GlobaleUart_Config+0x9>
    1266:	80 93 68 02 	sts	0x0268, r24	; 0x800268 <GlobaleUart_Config+0xa>
    126a:	80 ec       	ldi	r24, 0xC0	; 192
    126c:	a1 30       	cpi	r26, 0x01	; 1
    126e:	09 f0       	breq	.+2      	; 0x1272 <.L2>
    1270:	80 e8       	ldi	r24, 0x80	; 128

00001272 <.L2>:
    1272:	e1 30       	cpi	r30, 0x01	; 1
    1274:	09 f4       	brne	.+2      	; 0x1278 <L0^A+0x2>

00001276 <L0^A>:
    1276:	74 c0       	rjmp	.+232    	; 0x1360 <.L35>
    1278:	e2 30       	cpi	r30, 0x02	; 2
    127a:	09 f4       	brne	.+2      	; 0x127e <.L4>

0000127c <L0^A>:
    127c:	5a c0       	rjmp	.+180    	; 0x1332 <.L36>

0000127e <.L4>:
    127e:	f1 30       	cpi	r31, 0x01	; 1
    1280:	09 f4       	brne	.+2      	; 0x1284 <.L5>

00001282 <L0^A>:
    1282:	5b c0       	rjmp	.+182    	; 0x133a <.L37>

00001284 <.L5>:
    1284:	91 30       	cpi	r25, 0x01	; 1
    1286:	58 f0       	brcs	.+22     	; 0x129e <.L6>
    1288:	09 f4       	brne	.+2      	; 0x128c <L0^A+0x2>

0000128a <L0^A>:
    128a:	6f c0       	rjmp	.+222    	; 0x136a <.L38>
    128c:	92 30       	cpi	r25, 0x02	; 2
    128e:	09 f4       	brne	.+2      	; 0x1292 <L0^A+0x2>

00001290 <L0^A>:
    1290:	75 c0       	rjmp	.+234    	; 0x137c <.L39>
    1292:	93 30       	cpi	r25, 0x03	; 3
    1294:	09 f4       	brne	.+2      	; 0x1298 <L0^A+0x2>

00001296 <L0^A>:
    1296:	6b c0       	rjmp	.+214    	; 0x136e <.L29>
    1298:	97 30       	cpi	r25, 0x07	; 7
    129a:	09 f4       	brne	.+2      	; 0x129e <.L6>

0000129c <L0^A>:
    129c:	68 c0       	rjmp	.+208    	; 0x136e <.L29>

0000129e <.L6>:
    129e:	80 bd       	out	0x20, r24	; 32
    12a0:	61 30       	cpi	r22, 0x01	; 1
    12a2:	e8 f5       	brcc	.+122    	; 0x131e <.L10>
    12a4:	59 98       	cbi	0x0b, 1	; 11
    12a6:	22 0f       	add	r18, r18
    12a8:	33 1f       	adc	r19, r19
    12aa:	44 1f       	adc	r20, r20
    12ac:	55 1f       	adc	r21, r21
    12ae:	22 0f       	add	r18, r18
    12b0:	33 1f       	adc	r19, r19
    12b2:	44 1f       	adc	r20, r20
    12b4:	55 1f       	adc	r21, r21
    12b6:	22 0f       	add	r18, r18
    12b8:	33 1f       	adc	r19, r19
    12ba:	44 1f       	adc	r20, r20
    12bc:	55 1f       	adc	r21, r21
    12be:	22 0f       	add	r18, r18
    12c0:	33 1f       	adc	r19, r19
    12c2:	44 1f       	adc	r20, r20
    12c4:	55 1f       	adc	r21, r21

000012c6 <.L30>:
    12c6:	60 e0       	ldi	r22, 0x00	; 0
    12c8:	72 e1       	ldi	r23, 0x12	; 18
    12ca:	8a e7       	ldi	r24, 0x7A	; 122
    12cc:	90 e0       	ldi	r25, 0x00	; 0
    12ce:	0e 94 f4 0a 	call	0x15e8	; 0x15e8 <__udivmodsi4>
    12d2:	21 50       	subi	r18, 0x01	; 1
    12d4:	31 09       	sbc	r19, r1
    12d6:	92 2f       	mov	r25, r18
    12d8:	83 2f       	mov	r24, r19

000012da <.L11>:
    12da:	99 b9       	out	0x09, r25	; 9
    12dc:	80 bd       	out	0x20, r24	; 32
    12de:	57 98       	cbi	0x0a, 7	; 10
    12e0:	56 98       	cbi	0x0a, 6	; 10
    12e2:	55 98       	cbi	0x0a, 5	; 10
    12e4:	11 50       	subi	r17, 0x01	; 1
    12e6:	17 30       	cpi	r17, 0x07	; 7
    12e8:	48 f4       	brcc	.+18     	; 0x12fc <.L12>
    12ea:	e1 2f       	mov	r30, r17
    12ec:	f0 e0       	ldi	r31, 0x00	; 0
    12ee:	ea 5e       	subi	r30, 0xEA	; 234
    12f0:	f1 4f       	sbci	r31, 0xF1	; 241
    12f2:	0c 94 16 0b 	jmp	0x162c	; 0x162c <__tablejump2__>

000012f6 <.L13>:
    12f6:	56 9a       	sbi	0x0a, 6	; 10

000012f8 <.L33>:
    12f8:	57 9a       	sbi	0x0a, 7	; 10

000012fa <.L32>:
    12fa:	55 9a       	sbi	0x0a, 5	; 10

000012fc <.L12>:
    12fc:	01 30       	cpi	r16, 0x01	; 1
    12fe:	98 f4       	brcc	.+38     	; 0x1326 <.L21>
    1300:	54 9a       	sbi	0x0a, 4	; 10
    1302:	53 98       	cbi	0x0a, 3	; 10

00001304 <.L1>:
    1304:	2b 96       	adiw	r28, 0x0b	; 11
    1306:	0f b6       	in	r0, 0x3f	; 63
    1308:	f8 94       	cli
    130a:	de bf       	out	0x3e, r29	; 62
    130c:	0f be       	out	0x3f, r0	; 63
    130e:	cd bf       	out	0x3d, r28	; 61
    1310:	df 91       	pop	r29
    1312:	cf 91       	pop	r28
    1314:	1f 91       	pop	r17
    1316:	0f 91       	pop	r16
    1318:	ff 90       	pop	r15
    131a:	ef 90       	pop	r14
    131c:	08 95       	ret

0000131e <.L10>:
    131e:	79 f0       	breq	.+30     	; 0x133e <.L40>
    1320:	80 e0       	ldi	r24, 0x00	; 0
    1322:	90 e0       	ldi	r25, 0x00	; 0
    1324:	da cf       	rjmp	.-76     	; 0x12da <.L11>

00001326 <.L21>:
    1326:	f1 f0       	breq	.+60     	; 0x1364 <.L41>
    1328:	02 30       	cpi	r16, 0x02	; 2
    132a:	61 f7       	brne	.-40     	; 0x1304 <.L1>
    132c:	54 9a       	sbi	0x0a, 4	; 10
    132e:	53 9a       	sbi	0x0a, 3	; 10
    1330:	e9 cf       	rjmp	.-46     	; 0x1304 <.L1>

00001332 <.L36>:
    1332:	80 63       	ori	r24, 0x30	; 48
    1334:	f1 30       	cpi	r31, 0x01	; 1
    1336:	09 f0       	breq	.+2      	; 0x133a <.L37>

00001338 <L0^A>:
    1338:	a5 cf       	rjmp	.-182    	; 0x1284 <.L5>

0000133a <.L37>:
    133a:	88 60       	ori	r24, 0x08	; 8
    133c:	a3 cf       	rjmp	.-186    	; 0x1284 <.L5>

0000133e <.L40>:
    133e:	59 9a       	sbi	0x0b, 1	; 11
    1340:	22 0f       	add	r18, r18
    1342:	33 1f       	adc	r19, r19
    1344:	44 1f       	adc	r20, r20
    1346:	55 1f       	adc	r21, r21
    1348:	22 0f       	add	r18, r18
    134a:	33 1f       	adc	r19, r19
    134c:	44 1f       	adc	r20, r20
    134e:	55 1f       	adc	r21, r21
    1350:	22 0f       	add	r18, r18
    1352:	33 1f       	adc	r19, r19
    1354:	44 1f       	adc	r20, r20
    1356:	55 1f       	adc	r21, r21
    1358:	b6 cf       	rjmp	.-148    	; 0x12c6 <.L30>

0000135a <.L17>:
    135a:	57 9a       	sbi	0x0a, 7	; 10

0000135c <.L31>:
    135c:	56 9a       	sbi	0x0a, 6	; 10
    135e:	ce cf       	rjmp	.-100    	; 0x12fc <.L12>

00001360 <.L35>:
    1360:	80 62       	ori	r24, 0x20	; 32
    1362:	8d cf       	rjmp	.-230    	; 0x127e <.L4>

00001364 <.L41>:
    1364:	53 9a       	sbi	0x0a, 3	; 10
    1366:	54 98       	cbi	0x0a, 4	; 10
    1368:	cd cf       	rjmp	.-102    	; 0x1304 <.L1>

0000136a <.L38>:
    136a:	82 60       	ori	r24, 0x02	; 2
    136c:	98 cf       	rjmp	.-208    	; 0x129e <.L6>

0000136e <.L29>:
    136e:	86 60       	ori	r24, 0x06	; 6
    1370:	96 cf       	rjmp	.-212    	; 0x129e <.L6>

00001372 <.L20>:
    1372:	57 9a       	sbi	0x0a, 7	; 10
    1374:	c3 cf       	rjmp	.-122    	; 0x12fc <.L12>

00001376 <.L15>:
    1376:	56 9a       	sbi	0x0a, 6	; 10
    1378:	55 9a       	sbi	0x0a, 5	; 10
    137a:	c0 cf       	rjmp	.-128    	; 0x12fc <.L12>

0000137c <.L39>:
    137c:	84 60       	ori	r24, 0x04	; 4
    137e:	8f cf       	rjmp	.-226    	; 0x129e <.L6>

00001380 <UART_SendBytePolling>:
    1380:	9c 01       	movw	r18, r24

00001382 <.L43>:
    1382:	5d 9b       	sbis	0x0b, 5	; 11
    1384:	fe cf       	rjmp	.-4      	; 0x1382 <.L43>
    1386:	80 91 61 02 	lds	r24, 0x0261	; 0x800261 <GlobaleUart_Config+0x3>
    138a:	89 30       	cpi	r24, 0x09	; 9
    138c:	11 f0       	breq	.+4      	; 0x1392 <.L52>

0000138e <.L45>:
    138e:	2c b9       	out	0x0c, r18	; 12
    1390:	08 95       	ret

00001392 <.L52>:
    1392:	50 98       	cbi	0x0a, 0	; 10
    1394:	30 ff       	sbrs	r19, 0
    1396:	fb cf       	rjmp	.-10     	; 0x138e <.L45>
    1398:	50 9a       	sbi	0x0a, 0	; 10
    139a:	2c b9       	out	0x0c, r18	; 12
    139c:	08 95       	ret

0000139e <UART_ReceiveBytePolling>:
    139e:	5f 9b       	sbis	0x0b, 7	; 11
    13a0:	fe cf       	rjmp	.-4      	; 0x139e <UART_ReceiveBytePolling>
    13a2:	80 91 61 02 	lds	r24, 0x0261	; 0x800261 <GlobaleUart_Config+0x3>
    13a6:	89 30       	cpi	r24, 0x09	; 9
    13a8:	09 f4       	brne	.+2      	; 0x13ac <.L55>
    13aa:	8a b1       	in	r24, 0x0a	; 10

000013ac <.L55>:
    13ac:	8c b1       	in	r24, 0x0c	; 12
    13ae:	8c b1       	in	r24, 0x0c	; 12
    13b0:	90 e0       	ldi	r25, 0x00	; 0
    13b2:	08 95       	ret

000013b4 <UART_SendStringPolling>:
    13b4:	dc 01       	movw	r26, r24
    13b6:	9c 91       	ld	r25, X
    13b8:	91 15       	cp	r25, r1
    13ba:	81 f0       	breq	.+32     	; 0x13dc <.L58>
    13bc:	20 e0       	ldi	r18, 0x00	; 0
    13be:	80 91 61 02 	lds	r24, 0x0261	; 0x800261 <GlobaleUart_Config+0x3>

000013c2 <.L60>:
    13c2:	5d 9b       	sbis	0x0b, 5	; 11
    13c4:	fe cf       	rjmp	.-4      	; 0x13c2 <.L60>
    13c6:	89 30       	cpi	r24, 0x09	; 9
    13c8:	09 f4       	brne	.+2      	; 0x13cc <.L61>
    13ca:	50 98       	cbi	0x0a, 0	; 10

000013cc <.L61>:
    13cc:	9c b9       	out	0x0c, r25	; 12
    13ce:	2f 5f       	subi	r18, 0xFF	; 255
    13d0:	fd 01       	movw	r30, r26
    13d2:	e2 0f       	add	r30, r18
    13d4:	f1 1d       	adc	r31, r1
    13d6:	90 81       	ld	r25, Z
    13d8:	91 11       	cpse	r25, r1
    13da:	f3 cf       	rjmp	.-26     	; 0x13c2 <.L60>

000013dc <.L58>:
    13dc:	08 95       	ret

000013de <UART_ReceiveStringPolling>:
    13de:	dc 01       	movw	r26, r24
    13e0:	89 2b       	or	r24, r25
    13e2:	d9 f0       	breq	.+54     	; 0x141a <.L69>

000013e4 <.L71>:
    13e4:	5f 9b       	sbis	0x0b, 7	; 11
    13e6:	fe cf       	rjmp	.-4      	; 0x13e4 <.L71>
    13e8:	80 91 61 02 	lds	r24, 0x0261	; 0x800261 <GlobaleUart_Config+0x3>
    13ec:	89 30       	cpi	r24, 0x09	; 9
    13ee:	b1 f0       	breq	.+44     	; 0x141c <.L86>
    13f0:	9c b1       	in	r25, 0x0c	; 12
    13f2:	9c b1       	in	r25, 0x0c	; 12
    13f4:	9c 93       	st	X, r25
    13f6:	69 17       	cp	r22, r25
    13f8:	b9 f0       	breq	.+46     	; 0x1428 <.L77>

000013fa <.L87>:
    13fa:	90 e0       	ldi	r25, 0x00	; 0

000013fc <.L76>:
    13fc:	9f 5f       	subi	r25, 0xFF	; 255

000013fe <.L74>:
    13fe:	5f 9b       	sbis	0x0b, 7	; 11
    1400:	fe cf       	rjmp	.-4      	; 0x13fe <.L74>
    1402:	89 30       	cpi	r24, 0x09	; 9
    1404:	09 f4       	brne	.+2      	; 0x1408 <.L75>
    1406:	2a b1       	in	r18, 0x0a	; 10

00001408 <.L75>:
    1408:	2c b1       	in	r18, 0x0c	; 12
    140a:	2c b1       	in	r18, 0x0c	; 12
    140c:	fd 01       	movw	r30, r26
    140e:	e9 0f       	add	r30, r25
    1410:	f1 1d       	adc	r31, r1
    1412:	20 83       	st	Z, r18
    1414:	62 13       	cpse	r22, r18
    1416:	f2 cf       	rjmp	.-28     	; 0x13fc <.L76>
    1418:	10 82       	st	Z, r1

0000141a <.L69>:
    141a:	08 95       	ret

0000141c <.L86>:
    141c:	9a b1       	in	r25, 0x0a	; 10
    141e:	9c b1       	in	r25, 0x0c	; 12
    1420:	9c b1       	in	r25, 0x0c	; 12
    1422:	9c 93       	st	X, r25
    1424:	69 13       	cpse	r22, r25
    1426:	e9 cf       	rjmp	.-46     	; 0x13fa <.L87>

00001428 <.L77>:
    1428:	fd 01       	movw	r30, r26
    142a:	10 82       	st	Z, r1
    142c:	08 95       	ret

0000142e <UART_SendBufferPolling>:
    142e:	61 15       	cp	r22, r1
    1430:	71 05       	cpc	r23, r1
    1432:	79 f0       	breq	.+30     	; 0x1452 <.L88>
    1434:	fc 01       	movw	r30, r24
    1436:	68 0f       	add	r22, r24
    1438:	79 1f       	adc	r23, r25
    143a:	90 91 61 02 	lds	r25, 0x0261	; 0x800261 <GlobaleUart_Config+0x3>

0000143e <.L92>:
    143e:	81 91       	ld	r24, Z+

00001440 <.L90>:
    1440:	5d 9b       	sbis	0x0b, 5	; 11
    1442:	fe cf       	rjmp	.-4      	; 0x1440 <.L90>
    1444:	99 30       	cpi	r25, 0x09	; 9
    1446:	09 f4       	brne	.+2      	; 0x144a <.L91>
    1448:	50 98       	cbi	0x0a, 0	; 10

0000144a <.L91>:
    144a:	8c b9       	out	0x0c, r24	; 12
    144c:	e6 17       	cp	r30, r22
    144e:	f7 07       	cpc	r31, r23
    1450:	b1 f7       	brne	.-20     	; 0x143e <.L92>

00001452 <.L88>:
    1452:	08 95       	ret

00001454 <UART_ReceiveByteInterrupt>:
    1454:	dc 01       	movw	r26, r24
    1456:	90 91 5c 02 	lds	r25, 0x025C	; 0x80025c <RX_rear>
    145a:	20 91 5d 02 	lds	r18, 0x025D	; 0x80025d <RX_front>
    145e:	29 17       	cp	r18, r25
    1460:	a9 f0       	breq	.+42     	; 0x148c <.L103>
    1462:	e9 2f       	mov	r30, r25
    1464:	f0 e0       	ldi	r31, 0x00	; 0
    1466:	ee 0f       	add	r30, r30
    1468:	ff 1f       	adc	r31, r31
    146a:	e3 59       	subi	r30, 0x93	; 147
    146c:	fd 4f       	sbci	r31, 0xFD	; 253
    146e:	20 81       	ld	r18, Z
    1470:	31 81       	ldd	r19, Z+1	; 0x01
    1472:	2d 93       	st	X+, r18
    1474:	3d 93       	st	X+, r19
    1476:	9f 5f       	subi	r25, 0xFF	; 255
    1478:	90 34       	cpi	r25, 0x40	; 64
    147a:	20 f4       	brcc	.+8      	; 0x1484 <.L101>
    147c:	90 93 5c 02 	sts	0x025C, r25	; 0x80025c <RX_rear>
    1480:	81 e0       	ldi	r24, 0x01	; 1
    1482:	08 95       	ret

00001484 <.L101>:
    1484:	10 92 5c 02 	sts	0x025C, r1	; 0x80025c <RX_rear>
    1488:	81 e0       	ldi	r24, 0x01	; 1
    148a:	08 95       	ret

0000148c <.L103>:
    148c:	80 e0       	ldi	r24, 0x00	; 0
    148e:	08 95       	ret

00001490 <UART_EnableRX>:
    1490:	54 9a       	sbi	0x0a, 4	; 10
    1492:	08 95       	ret

00001494 <UART_EnableTX>:
    1494:	53 9a       	sbi	0x0a, 3	; 10
    1496:	08 95       	ret

00001498 <UART_DisableRX>:
    1498:	54 98       	cbi	0x0a, 4	; 10
    149a:	08 95       	ret

0000149c <UART_DisableTX>:
    149c:	53 98       	cbi	0x0a, 3	; 10
    149e:	08 95       	ret

000014a0 <UART_SendByteInterrupt>:
    14a0:	08 95       	ret

000014a2 <UART_EnableRXInterrupt>:
    14a2:	57 9a       	sbi	0x0a, 7	; 10
    14a4:	08 95       	ret

000014a6 <UART_EnableTXInterrupt>:
    14a6:	56 9a       	sbi	0x0a, 6	; 10
    14a8:	08 95       	ret

000014aa <UART_EnableREInterrupt>:
    14aa:	55 9a       	sbi	0x0a, 5	; 10
    14ac:	08 95       	ret

000014ae <UART_DisableRXInterrupt>:
    14ae:	57 98       	cbi	0x0a, 7	; 10
    14b0:	08 95       	ret

000014b2 <UART_DisableTXInterrupt>:
    14b2:	56 98       	cbi	0x0a, 6	; 10
    14b4:	08 95       	ret

000014b6 <UART_DisableREInterrupt>:
    14b6:	55 98       	cbi	0x0a, 5	; 10
    14b8:	08 95       	ret

000014ba <UART_SetRXCallback>:
    14ba:	08 95       	ret

000014bc <UART_SetTXCallback>:
    14bc:	00 97       	sbiw	r24, 0x00	; 0
    14be:	21 f0       	breq	.+8      	; 0x14c8 <.L116>
    14c0:	80 93 6b 02 	sts	0x026B, r24	; 0x80026b <PF_UartTX>
    14c4:	90 93 6c 02 	sts	0x026C, r25	; 0x80026c <PF_UartTX+0x1>

000014c8 <.L116>:
    14c8:	08 95       	ret

000014ca <UART_SetRECallback>:
    14ca:	00 97       	sbiw	r24, 0x00	; 0
    14cc:	21 f0       	breq	.+8      	; 0x14d6 <.L121>
    14ce:	80 93 69 02 	sts	0x0269, r24	; 0x800269 <PF_UartRE>
    14d2:	90 93 6a 02 	sts	0x026A, r25	; 0x80026a <PF_UartRE+0x1>

000014d6 <.L121>:
    14d6:	08 95       	ret

000014d8 <__vector_13>:
    14d8:	2f 93       	push	r18
    14da:	2f b7       	in	r18, 0x3f	; 63
    14dc:	2f 93       	push	r18
    14de:	3f 93       	push	r19
    14e0:	8f 93       	push	r24
    14e2:	9f 93       	push	r25
    14e4:	ef 93       	push	r30
    14e6:	ff 93       	push	r31
    14e8:	80 91 61 02 	lds	r24, 0x0261	; 0x800261 <GlobaleUart_Config+0x3>
    14ec:	87 30       	cpi	r24, 0x07	; 7
    14ee:	d9 f0       	breq	.+54     	; 0x1526 <.L132>
    14f0:	2c b1       	in	r18, 0x0c	; 12
    14f2:	30 e0       	ldi	r19, 0x00	; 0

000014f4 <.L128>:
    14f4:	80 91 5d 02 	lds	r24, 0x025D	; 0x80025d <RX_front>
    14f8:	e8 2f       	mov	r30, r24
    14fa:	f0 e0       	ldi	r31, 0x00	; 0
    14fc:	8f 5f       	subi	r24, 0xFF	; 255
    14fe:	80 34       	cpi	r24, 0x40	; 64
    1500:	08 f0       	brcs	.+2      	; 0x1504 <.L129>
    1502:	80 e0       	ldi	r24, 0x00	; 0

00001504 <.L129>:
    1504:	ee 0f       	add	r30, r30
    1506:	ff 1f       	adc	r31, r31
    1508:	e3 59       	subi	r30, 0x93	; 147
    150a:	fd 4f       	sbci	r31, 0xFD	; 253
    150c:	20 83       	st	Z, r18
    150e:	31 83       	std	Z+1, r19	; 0x01
    1510:	80 93 5d 02 	sts	0x025D, r24	; 0x80025d <RX_front>
    1514:	ff 91       	pop	r31
    1516:	ef 91       	pop	r30
    1518:	9f 91       	pop	r25
    151a:	8f 91       	pop	r24
    151c:	3f 91       	pop	r19
    151e:	2f 91       	pop	r18
    1520:	2f bf       	out	0x3f, r18	; 63
    1522:	2f 91       	pop	r18
    1524:	18 95       	reti

00001526 <.L132>:
    1526:	8a b1       	in	r24, 0x0a	; 10
    1528:	86 95       	lsr	r24
    152a:	2c b1       	in	r18, 0x0c	; 12
    152c:	30 e0       	ldi	r19, 0x00	; 0
    152e:	80 ff       	sbrs	r24, 0
    1530:	e1 cf       	rjmp	.-62     	; 0x14f4 <.L128>
    1532:	31 e0       	ldi	r19, 0x01	; 1
    1534:	df cf       	rjmp	.-66     	; 0x14f4 <.L128>

00001536 <__vector_15>:
    1536:	1f 92       	push	r1
    1538:	0f 92       	push	r0
    153a:	0f b6       	in	r0, 0x3f	; 63
    153c:	0f 92       	push	r0
    153e:	11 24       	eor	r1, r1
    1540:	2f 93       	push	r18
    1542:	3f 93       	push	r19
    1544:	4f 93       	push	r20
    1546:	5f 93       	push	r21
    1548:	6f 93       	push	r22
    154a:	7f 93       	push	r23
    154c:	8f 93       	push	r24
    154e:	9f 93       	push	r25
    1550:	af 93       	push	r26
    1552:	bf 93       	push	r27
    1554:	ef 93       	push	r30
    1556:	ff 93       	push	r31
    1558:	e0 91 6b 02 	lds	r30, 0x026B	; 0x80026b <PF_UartTX>
    155c:	f0 91 6c 02 	lds	r31, 0x026C	; 0x80026c <PF_UartTX+0x1>
    1560:	30 97       	sbiw	r30, 0x00	; 0
    1562:	09 f0       	breq	.+2      	; 0x1566 <.L133>
    1564:	09 95       	icall

00001566 <.L133>:
    1566:	ff 91       	pop	r31
    1568:	ef 91       	pop	r30
    156a:	bf 91       	pop	r27
    156c:	af 91       	pop	r26
    156e:	9f 91       	pop	r25
    1570:	8f 91       	pop	r24
    1572:	7f 91       	pop	r23
    1574:	6f 91       	pop	r22
    1576:	5f 91       	pop	r21
    1578:	4f 91       	pop	r20
    157a:	3f 91       	pop	r19
    157c:	2f 91       	pop	r18
    157e:	0f 90       	pop	r0
    1580:	0f be       	out	0x3f, r0	; 63
    1582:	0f 90       	pop	r0
    1584:	1f 90       	pop	r1
    1586:	18 95       	reti

00001588 <__vector_14>:
    1588:	1f 92       	push	r1
    158a:	0f 92       	push	r0
    158c:	0f b6       	in	r0, 0x3f	; 63
    158e:	0f 92       	push	r0
    1590:	11 24       	eor	r1, r1
    1592:	2f 93       	push	r18
    1594:	3f 93       	push	r19
    1596:	4f 93       	push	r20
    1598:	5f 93       	push	r21
    159a:	6f 93       	push	r22
    159c:	7f 93       	push	r23
    159e:	8f 93       	push	r24
    15a0:	9f 93       	push	r25
    15a2:	af 93       	push	r26
    15a4:	bf 93       	push	r27
    15a6:	ef 93       	push	r30
    15a8:	ff 93       	push	r31
    15aa:	e0 91 69 02 	lds	r30, 0x0269	; 0x800269 <PF_UartRE>
    15ae:	f0 91 6a 02 	lds	r31, 0x026A	; 0x80026a <PF_UartRE+0x1>
    15b2:	30 97       	sbiw	r30, 0x00	; 0
    15b4:	09 f0       	breq	.+2      	; 0x15b8 <.L138>
    15b6:	09 95       	icall

000015b8 <.L138>:
    15b8:	ff 91       	pop	r31
    15ba:	ef 91       	pop	r30
    15bc:	bf 91       	pop	r27
    15be:	af 91       	pop	r26
    15c0:	9f 91       	pop	r25
    15c2:	8f 91       	pop	r24
    15c4:	7f 91       	pop	r23
    15c6:	6f 91       	pop	r22
    15c8:	5f 91       	pop	r21
    15ca:	4f 91       	pop	r20
    15cc:	3f 91       	pop	r19
    15ce:	2f 91       	pop	r18
    15d0:	0f 90       	pop	r0
    15d2:	0f be       	out	0x3f, r0	; 63
    15d4:	0f 90       	pop	r0
    15d6:	1f 90       	pop	r1
    15d8:	18 95       	reti

000015da <main>:
    15da:	0e 94 11 03 	call	0x622	; 0x622 <App_Init>

000015de <.L2>:
    15de:	0e 94 cc 03 	call	0x798	; 0x798 <ParkingManager_Run>
    15e2:	0e 94 f5 02 	call	0x5ea	; 0x5ea <Idle_Run>
    15e6:	fb cf       	rjmp	.-10     	; 0x15de <.L2>

000015e8 <__udivmodsi4>:
    15e8:	a1 e2       	ldi	r26, 0x21	; 33

000015ea <.Loc.1>:
    15ea:	1a 2e       	mov	r1, r26

000015ec <.Loc.2>:
    15ec:	aa 1b       	sub	r26, r26

000015ee <.Loc.3>:
    15ee:	bb 1b       	sub	r27, r27

000015f0 <.Loc.4>:
    15f0:	fd 01       	movw	r30, r26

000015f2 <.Loc.5>:
    15f2:	0d c0       	rjmp	.+26     	; 0x160e <__udivmodsi4_ep>

000015f4 <__udivmodsi4_loop>:
    15f4:	aa 1f       	adc	r26, r26

000015f6 <.Loc.7>:
    15f6:	bb 1f       	adc	r27, r27

000015f8 <.Loc.8>:
    15f8:	ee 1f       	adc	r30, r30

000015fa <.Loc.9>:
    15fa:	ff 1f       	adc	r31, r31

000015fc <.Loc.10>:
    15fc:	a2 17       	cp	r26, r18

000015fe <.Loc.11>:
    15fe:	b3 07       	cpc	r27, r19

00001600 <.Loc.12>:
    1600:	e4 07       	cpc	r30, r20

00001602 <.Loc.13>:
    1602:	f5 07       	cpc	r31, r21

00001604 <.Loc.14>:
    1604:	20 f0       	brcs	.+8      	; 0x160e <__udivmodsi4_ep>

00001606 <.Loc.15>:
    1606:	a2 1b       	sub	r26, r18

00001608 <.Loc.16>:
    1608:	b3 0b       	sbc	r27, r19

0000160a <.Loc.17>:
    160a:	e4 0b       	sbc	r30, r20

0000160c <.Loc.18>:
    160c:	f5 0b       	sbc	r31, r21

0000160e <__udivmodsi4_ep>:
    160e:	66 1f       	adc	r22, r22

00001610 <.Loc.20>:
    1610:	77 1f       	adc	r23, r23

00001612 <.Loc.21>:
    1612:	88 1f       	adc	r24, r24

00001614 <.Loc.22>:
    1614:	99 1f       	adc	r25, r25

00001616 <.Loc.23>:
    1616:	1a 94       	dec	r1

00001618 <.Loc.24>:
    1618:	69 f7       	brne	.-38     	; 0x15f4 <__udivmodsi4_loop>

0000161a <.Loc.25>:
    161a:	60 95       	com	r22

0000161c <.Loc.26>:
    161c:	70 95       	com	r23

0000161e <.Loc.27>:
    161e:	80 95       	com	r24

00001620 <.Loc.28>:
    1620:	90 95       	com	r25

00001622 <.Loc.29>:
    1622:	9b 01       	movw	r18, r22

00001624 <.Loc.30>:
    1624:	ac 01       	movw	r20, r24

00001626 <.Loc.31>:
    1626:	bd 01       	movw	r22, r26

00001628 <.Loc.32>:
    1628:	cf 01       	movw	r24, r30

0000162a <.Loc.33>:
    162a:	08 95       	ret

0000162c <__tablejump2__>:
    162c:	ee 0f       	add	r30, r30

0000162e <.Loc.1>:
    162e:	ff 1f       	adc	r31, r31

00001630 <.Loc.2>:
    1630:	05 90       	lpm	r0, Z+

00001632 <.Loc.3>:
    1632:	f4 91       	lpm	r31, Z

00001634 <.Loc.4>:
    1634:	e0 2d       	mov	r30, r0

00001636 <.Loc.5>:
    1636:	09 94       	ijmp

00001638 <sprintf>:
    1638:	ae e0       	ldi	r26, 0x0E	; 14
    163a:	b0 e0       	ldi	r27, 0x00	; 0
    163c:	e2 e2       	ldi	r30, 0x22	; 34
    163e:	fb e0       	ldi	r31, 0x0B	; 11
    1640:	0c 94 ed 0d 	jmp	0x1bda	; 0x1bda <.Loc.16>

00001644 <.L1^B1>:
    1644:	86 e0       	ldi	r24, 0x06	; 6
    1646:	8c 83       	std	Y+4, r24	; 0x04
    1648:	2b 89       	ldd	r18, Y+19	; 0x13
    164a:	3c 89       	ldd	r19, Y+20	; 0x14
    164c:	29 83       	std	Y+1, r18	; 0x01
    164e:	3a 83       	std	Y+2, r19	; 0x02
    1650:	8f ef       	ldi	r24, 0xFF	; 255
    1652:	9f e7       	ldi	r25, 0x7F	; 127
    1654:	8d 83       	std	Y+5, r24	; 0x05
    1656:	9e 83       	std	Y+6, r25	; 0x06
    1658:	ae 01       	movw	r20, r28
    165a:	49 5e       	subi	r20, 0xE9	; 233
    165c:	5f 4f       	sbci	r21, 0xFF	; 255
    165e:	6d 89       	ldd	r22, Y+21	; 0x15
    1660:	7e 89       	ldd	r23, Y+22	; 0x16
    1662:	ce 01       	movw	r24, r28
    1664:	01 96       	adiw	r24, 0x01	; 1
    1666:	0e 94 40 0b 	call	0x1680	; 0x1680 <vfprintf>
    166a:	ef 81       	ldd	r30, Y+7	; 0x07
    166c:	f8 85       	ldd	r31, Y+8	; 0x08
    166e:	2b 89       	ldd	r18, Y+19	; 0x13
    1670:	3c 89       	ldd	r19, Y+20	; 0x14
    1672:	e2 0f       	add	r30, r18
    1674:	f3 1f       	adc	r31, r19
    1676:	10 82       	st	Z, r1
    1678:	2e 96       	adiw	r28, 0x0e	; 14
    167a:	e2 e0       	ldi	r30, 0x02	; 2
    167c:	0c 94 09 0e 	jmp	0x1c12	; 0x1c12 <.Loc.16>

00001680 <vfprintf>:
    1680:	ab e0       	ldi	r26, 0x0B	; 11
    1682:	b0 e0       	ldi	r27, 0x00	; 0
    1684:	e6 e4       	ldi	r30, 0x46	; 70
    1686:	fb e0       	ldi	r31, 0x0B	; 11
    1688:	0c 94 e0 0d 	jmp	0x1bc0	; 0x1bc0 <.Loc.3>

0000168c <.L1^B1>:
    168c:	6c 01       	movw	r12, r24
    168e:	7b 01       	movw	r14, r22
    1690:	8a 01       	movw	r16, r20
    1692:	fc 01       	movw	r30, r24
    1694:	16 82       	std	Z+6, r1	; 0x06
    1696:	17 82       	std	Z+7, r1	; 0x07
    1698:	83 81       	ldd	r24, Z+3	; 0x03
    169a:	81 ff       	sbrs	r24, 1
    169c:	df c1       	rjmp	.+958    	; 0x1a5c <.L80>
    169e:	3a e0       	ldi	r19, 0x0A	; 10
    16a0:	53 2e       	mov	r5, r19

000016a2 <.L3>:
    16a2:	f6 01       	movw	r30, r12
    16a4:	23 81       	ldd	r18, Z+3	; 0x03
    16a6:	f7 01       	movw	r30, r14
    16a8:	23 fd       	sbrc	r18, 3
    16aa:	85 91       	lpm	r24, Z+
    16ac:	23 ff       	sbrs	r18, 3
    16ae:	81 91       	ld	r24, Z+
    16b0:	7f 01       	movw	r14, r30
    16b2:	81 15       	cp	r24, r1
    16b4:	09 f4       	brne	.+2      	; 0x16b8 <L0^A+0x2>

000016b6 <L0^A>:
    16b6:	37 c1       	rjmp	.+622    	; 0x1926 <.L4>
    16b8:	85 32       	cpi	r24, 0x25	; 37
    16ba:	39 f4       	brne	.+14     	; 0x16ca <.L5>
    16bc:	23 fd       	sbrc	r18, 3
    16be:	95 91       	lpm	r25, Z+
    16c0:	23 ff       	sbrs	r18, 3
    16c2:	91 91       	ld	r25, Z+
    16c4:	7f 01       	movw	r14, r30
    16c6:	95 32       	cpi	r25, 0x25	; 37
    16c8:	29 f4       	brne	.+10     	; 0x16d4 <.L81>

000016ca <.L5>:
    16ca:	b6 01       	movw	r22, r12
    16cc:	90 e0       	ldi	r25, 0x00	; 0
    16ce:	0e 94 47 0d 	call	0x1a8e	; 0x1a8e <fputc>
    16d2:	e7 cf       	rjmp	.-50     	; 0x16a2 <.L3>

000016d4 <.L81>:
    16d4:	30 e0       	ldi	r19, 0x00	; 0
    16d6:	91 2c       	mov	r9, r1
    16d8:	61 2c       	mov	r6, r1
    16da:	71 2c       	mov	r7, r1

000016dc <.L6>:
    16dc:	f0 e2       	ldi	r31, 0x20	; 32
    16de:	7f 16       	cp	r7, r31
    16e0:	40 f5       	brcc	.+80     	; 0x1732 <.L8>
    16e2:	9b 32       	cpi	r25, 0x2B	; 43
    16e4:	d9 f0       	breq	.+54     	; 0x171c <.L9>
    16e6:	58 f4       	brcc	.+22     	; 0x16fe <.L10>
    16e8:	90 32       	cpi	r25, 0x20	; 32
    16ea:	d1 f0       	breq	.+52     	; 0x1720 <.L11>
    16ec:	93 32       	cpi	r25, 0x23	; 35
    16ee:	f1 f0       	breq	.+60     	; 0x172c <.L12>

000016f0 <.L13>:
    16f0:	9e 32       	cpi	r25, 0x2E	; 46
    16f2:	91 f5       	brne	.+100    	; 0x1758 <.L19>
    16f4:	76 fc       	sbrc	r7, 6
    16f6:	17 c1       	rjmp	.+558    	; 0x1926 <.L4>
    16f8:	68 94       	set
    16fa:	76 f8       	bld	r7, 6
    16fc:	06 c0       	rjmp	.+12     	; 0x170a <.L16>

000016fe <.L10>:
    16fe:	9d 32       	cpi	r25, 0x2D	; 45
    1700:	91 f0       	breq	.+36     	; 0x1726 <.L14>
    1702:	90 33       	cpi	r25, 0x30	; 48
    1704:	c1 f4       	brne	.+48     	; 0x1736 <.L15>
    1706:	68 94       	set
    1708:	70 f8       	bld	r7, 0

0000170a <.L16>:
    170a:	f7 01       	movw	r30, r14
    170c:	23 fd       	sbrc	r18, 3
    170e:	95 91       	lpm	r25, Z+
    1710:	23 ff       	sbrs	r18, 3
    1712:	91 91       	ld	r25, Z+
    1714:	7f 01       	movw	r14, r30
    1716:	91 11       	cpse	r25, r1
    1718:	e1 cf       	rjmp	.-62     	; 0x16dc <.L6>
    171a:	28 c0       	rjmp	.+80     	; 0x176c <.L17>

0000171c <.L9>:
    171c:	68 94       	set
    171e:	71 f8       	bld	r7, 1

00001720 <.L11>:
    1720:	68 94       	set
    1722:	72 f8       	bld	r7, 2
    1724:	f2 cf       	rjmp	.-28     	; 0x170a <.L16>

00001726 <.L14>:
    1726:	68 94       	set
    1728:	73 f8       	bld	r7, 3
    172a:	ef cf       	rjmp	.-34     	; 0x170a <.L16>

0000172c <.L12>:
    172c:	68 94       	set
    172e:	74 f8       	bld	r7, 4
    1730:	ec cf       	rjmp	.-40     	; 0x170a <.L16>

00001732 <.L8>:
    1732:	77 fc       	sbrc	r7, 7
    1734:	1b c0       	rjmp	.+54     	; 0x176c <.L17>

00001736 <.L15>:
    1736:	80 ed       	ldi	r24, 0xD0	; 208
    1738:	89 0f       	add	r24, r25
    173a:	8a 30       	cpi	r24, 0x0A	; 10
    173c:	c8 f6       	brcc	.-78     	; 0x16f0 <.L13>
    173e:	76 fe       	sbrs	r7, 6
    1740:	05 c0       	rjmp	.+10     	; 0x174c <.L18>
    1742:	95 9c       	mul	r9, r5
    1744:	80 0d       	add	r24, r0
    1746:	11 24       	eor	r1, r1
    1748:	98 2e       	mov	r9, r24
    174a:	df cf       	rjmp	.-66     	; 0x170a <.L16>

0000174c <.L18>:
    174c:	65 9c       	mul	r6, r5
    174e:	80 0d       	add	r24, r0
    1750:	11 24       	eor	r1, r1
    1752:	68 2e       	mov	r6, r24
    1754:	7f 2a       	or	r7, r31
    1756:	d9 cf       	rjmp	.-78     	; 0x170a <.L16>

00001758 <.L19>:
    1758:	9c 36       	cpi	r25, 0x6C	; 108
    175a:	19 f4       	brne	.+6      	; 0x1762 <.L20>
    175c:	68 94       	set
    175e:	77 f8       	bld	r7, 7
    1760:	d4 cf       	rjmp	.-88     	; 0x170a <.L16>

00001762 <.L20>:
    1762:	9c 34       	cpi	r25, 0x4C	; 76
    1764:	09 f4       	brne	.+2      	; 0x1768 <L0^A+0x2>

00001766 <L0^A>:
    1766:	45 c0       	rjmp	.+138    	; 0x17f2 <.L82>
    1768:	98 36       	cpi	r25, 0x68	; 104
    176a:	79 f2       	breq	.-98     	; 0x170a <.L16>

0000176c <.L17>:
    176c:	89 2f       	mov	r24, r25
    176e:	8f 7d       	andi	r24, 0xDF	; 223
    1770:	85 54       	subi	r24, 0x45	; 69
    1772:	83 30       	cpi	r24, 0x03	; 3
    1774:	08 f4       	brcc	.+2      	; 0x1778 <L0^A+0x2>

00001776 <L0^A>:
    1776:	3f c0       	rjmp	.+126    	; 0x17f6 <.L21>
    1778:	93 36       	cpi	r25, 0x63	; 99
    177a:	09 f4       	brne	.+2      	; 0x177e <L0^A+0x2>

0000177c <L0^A>:
    177c:	61 c0       	rjmp	.+194    	; 0x1840 <.L22>
    177e:	93 37       	cpi	r25, 0x73	; 115
    1780:	09 f4       	brne	.+2      	; 0x1784 <L0^A+0x2>

00001782 <L0^A>:
    1782:	6b c0       	rjmp	.+214    	; 0x185a <.L23>
    1784:	93 35       	cpi	r25, 0x53	; 83
    1786:	09 f4       	brne	.+2      	; 0x178a <L0^A+0x2>

00001788 <L0^A>:
    1788:	77 c0       	rjmp	.+238    	; 0x1878 <.L24>
    178a:	94 36       	cpi	r25, 0x64	; 100
    178c:	19 f0       	breq	.+6      	; 0x1794 <.L39>
    178e:	99 36       	cpi	r25, 0x69	; 105
    1790:	09 f0       	breq	.+2      	; 0x1794 <.L39>

00001792 <L0^A>:
    1792:	a4 c0       	rjmp	.+328    	; 0x18dc <.L40>

00001794 <.L39>:
    1794:	f8 01       	movw	r30, r16
    1796:	77 fe       	sbrs	r7, 7
    1798:	9a c0       	rjmp	.+308    	; 0x18ce <.L41>
    179a:	61 91       	ld	r22, Z+
    179c:	71 91       	ld	r23, Z+
    179e:	81 91       	ld	r24, Z+
    17a0:	91 91       	ld	r25, Z+

000017a2 <.L126>:
    17a2:	8f 01       	movw	r16, r30
    17a4:	27 2d       	mov	r18, r7
    17a6:	2f 76       	andi	r18, 0x6F	; 111
    17a8:	82 2e       	mov	r8, r18
    17aa:	97 ff       	sbrs	r25, 7
    17ac:	04 c0       	rjmp	.+8      	; 0x17b6 <.L43>
    17ae:	0e 94 d5 0d 	call	0x1baa	; 0x1baa <__negsi2>
    17b2:	68 94       	set
    17b4:	87 f8       	bld	r8, 7

000017b6 <.L43>:
    17b6:	2a e0       	ldi	r18, 0x0A	; 10
    17b8:	30 e0       	ldi	r19, 0x00	; 0
    17ba:	5e 01       	movw	r10, r28
    17bc:	4f ef       	ldi	r20, 0xFF	; 255
    17be:	a4 1a       	sub	r10, r20
    17c0:	b4 0a       	sbc	r11, r20
    17c2:	a5 01       	movw	r20, r10
    17c4:	0e 94 77 0d 	call	0x1aee	; 0x1aee <__ultoa_invert>
    17c8:	78 2e       	mov	r7, r24
    17ca:	7a 18       	sub	r7, r10

000017cc <.L44>:
    17cc:	86 fe       	sbrs	r8, 6
    17ce:	cf c0       	rjmp	.+414    	; 0x196e <.L54>
    17d0:	88 2d       	mov	r24, r8
    17d2:	8e 7f       	andi	r24, 0xFE	; 254
    17d4:	79 14       	cp	r7, r9
    17d6:	08 f0       	brcs	.+2      	; 0x17da <L0^A+0x2>

000017d8 <L0^A>:
    17d8:	c9 c0       	rjmp	.+402    	; 0x196c <.L88>
    17da:	84 fe       	sbrs	r8, 4
    17dc:	1d c1       	rjmp	.+570    	; 0x1a18 <.L89>
    17de:	82 fc       	sbrc	r8, 2
    17e0:	11 c1       	rjmp	.+546    	; 0x1a04 <.L90>
    17e2:	2e ee       	ldi	r18, 0xEE	; 238
    17e4:	82 22       	and	r8, r18
    17e6:	b9 2c       	mov	r11, r9

000017e8 <.L55>:
    17e8:	88 2d       	mov	r24, r8
    17ea:	86 78       	andi	r24, 0x86	; 134
    17ec:	09 f4       	brne	.+2      	; 0x17f0 <L0^A+0x2>

000017ee <L0^A>:
    17ee:	cb c0       	rjmp	.+406    	; 0x1986 <.L58>
    17f0:	0e c1       	rjmp	.+540    	; 0x1a0e <.L128>

000017f2 <.L82>:
    17f2:	31 e0       	ldi	r19, 0x01	; 1
    17f4:	8a cf       	rjmp	.-236    	; 0x170a <.L16>

000017f6 <.L21>:
    17f6:	31 15       	cp	r19, r1
    17f8:	01 f1       	breq	.+64     	; 0x183a <.L26>
    17fa:	08 5f       	subi	r16, 0xF8	; 248
    17fc:	1f 4f       	sbci	r17, 0xFF	; 255

000017fe <.L27>:
    17fe:	8f e3       	ldi	r24, 0x3F	; 63
    1800:	89 83       	std	Y+1, r24	; 0x01
    1802:	21 e0       	ldi	r18, 0x01	; 1
    1804:	82 2e       	mov	r8, r18
    1806:	91 2c       	mov	r9, r1
    1808:	5e 01       	movw	r10, r28
    180a:	2f ef       	ldi	r18, 0xFF	; 255
    180c:	a2 1a       	sub	r10, r18
    180e:	b2 0a       	sbc	r11, r18

00001810 <.L28>:
    1810:	e8 94       	clt
    1812:	77 f8       	bld	r7, 7

00001814 <.L30>:
    1814:	73 fc       	sbrc	r7, 3
    1816:	03 c0       	rjmp	.+6      	; 0x181e <.L36>

00001818 <.L32>:
    1818:	86 14       	cp	r8, r6
    181a:	91 04       	cpc	r9, r1
    181c:	f0 f1       	brcs	.+124    	; 0x189a <.L34>

0000181e <.L36>:
    181e:	81 14       	cp	r8, r1
    1820:	91 04       	cpc	r9, r1
    1822:	09 f0       	breq	.+2      	; 0x1826 <.L77>

00001824 <L0^A>:
    1824:	41 c0       	rjmp	.+130    	; 0x18a8 <.L37>

00001826 <.L77>:
    1826:	61 14       	cp	r6, r1
    1828:	09 f4       	brne	.+2      	; 0x182c <L0^A+0x2>

0000182a <L0^A>:
    182a:	3b cf       	rjmp	.-394    	; 0x16a2 <.L3>
    182c:	b6 01       	movw	r22, r12
    182e:	80 e2       	ldi	r24, 0x20	; 32
    1830:	90 e0       	ldi	r25, 0x00	; 0
    1832:	0e 94 47 0d 	call	0x1a8e	; 0x1a8e <fputc>
    1836:	6a 94       	dec	r6
    1838:	f6 cf       	rjmp	.-20     	; 0x1826 <.L77>

0000183a <.L26>:
    183a:	0c 5f       	subi	r16, 0xFC	; 252
    183c:	1f 4f       	sbci	r17, 0xFF	; 255
    183e:	df cf       	rjmp	.-66     	; 0x17fe <.L27>

00001840 <.L22>:
    1840:	f8 01       	movw	r30, r16
    1842:	80 81       	ld	r24, Z
    1844:	89 83       	std	Y+1, r24	; 0x01
    1846:	0e 5f       	subi	r16, 0xFE	; 254
    1848:	1f 4f       	sbci	r17, 0xFF	; 255
    184a:	91 e0       	ldi	r25, 0x01	; 1
    184c:	89 2e       	mov	r8, r25
    184e:	91 2c       	mov	r9, r1
    1850:	5e 01       	movw	r10, r28
    1852:	ff ef       	ldi	r31, 0xFF	; 255
    1854:	af 1a       	sub	r10, r31
    1856:	bf 0a       	sbc	r11, r31
    1858:	db cf       	rjmp	.-74     	; 0x1810 <.L28>

0000185a <.L23>:
    185a:	f8 01       	movw	r30, r16
    185c:	a1 90       	ld	r10, Z+
    185e:	b1 90       	ld	r11, Z+
    1860:	8f 01       	movw	r16, r30
    1862:	69 2d       	mov	r22, r9
    1864:	70 e0       	ldi	r23, 0x00	; 0
    1866:	76 fc       	sbrc	r7, 6
    1868:	02 c0       	rjmp	.+4      	; 0x186e <.L29>
    186a:	6f ef       	ldi	r22, 0xFF	; 255
    186c:	7f ef       	ldi	r23, 0xFF	; 255

0000186e <.L29>:
    186e:	c5 01       	movw	r24, r10
    1870:	0e 94 3c 0d 	call	0x1a78	; 0x1a78 <strnlen>
    1874:	4c 01       	movw	r8, r24
    1876:	cc cf       	rjmp	.-104    	; 0x1810 <.L28>

00001878 <.L24>:
    1878:	f8 01       	movw	r30, r16
    187a:	a1 90       	ld	r10, Z+
    187c:	b1 90       	ld	r11, Z+
    187e:	8f 01       	movw	r16, r30
    1880:	69 2d       	mov	r22, r9
    1882:	70 e0       	ldi	r23, 0x00	; 0
    1884:	76 fc       	sbrc	r7, 6
    1886:	02 c0       	rjmp	.+4      	; 0x188c <.L31>
    1888:	6f ef       	ldi	r22, 0xFF	; 255
    188a:	7f ef       	ldi	r23, 0xFF	; 255

0000188c <.L31>:
    188c:	c5 01       	movw	r24, r10
    188e:	0e 94 31 0d 	call	0x1a62	; 0x1a62 <strnlen_P>
    1892:	4c 01       	movw	r8, r24
    1894:	68 94       	set
    1896:	77 f8       	bld	r7, 7
    1898:	bd cf       	rjmp	.-134    	; 0x1814 <.L30>

0000189a <.L34>:
    189a:	b6 01       	movw	r22, r12
    189c:	80 e2       	ldi	r24, 0x20	; 32
    189e:	90 e0       	ldi	r25, 0x00	; 0
    18a0:	0e 94 47 0d 	call	0x1a8e	; 0x1a8e <fputc>
    18a4:	6a 94       	dec	r6
    18a6:	b8 cf       	rjmp	.-144    	; 0x1818 <.L32>

000018a8 <.L37>:
    18a8:	f5 01       	movw	r30, r10
    18aa:	77 fc       	sbrc	r7, 7
    18ac:	85 91       	lpm	r24, Z+
    18ae:	77 fe       	sbrs	r7, 7
    18b0:	81 91       	ld	r24, Z+
    18b2:	5f 01       	movw	r10, r30
    18b4:	b6 01       	movw	r22, r12
    18b6:	90 e0       	ldi	r25, 0x00	; 0
    18b8:	0e 94 47 0d 	call	0x1a8e	; 0x1a8e <fputc>
    18bc:	81 e0       	ldi	r24, 0x01	; 1
    18be:	61 10       	cpse	r6, r1
    18c0:	01 c0       	rjmp	.+2      	; 0x18c4 <.L35>
    18c2:	80 e0       	ldi	r24, 0x00	; 0

000018c4 <.L35>:
    18c4:	68 1a       	sub	r6, r24
    18c6:	f1 e0       	ldi	r31, 0x01	; 1
    18c8:	8f 1a       	sub	r8, r31
    18ca:	91 08       	sbc	r9, r1
    18cc:	a8 cf       	rjmp	.-176    	; 0x181e <.L36>

000018ce <.L41>:
    18ce:	61 91       	ld	r22, Z+
    18d0:	71 91       	ld	r23, Z+
    18d2:	87 2f       	mov	r24, r23
    18d4:	88 0f       	add	r24, r24
    18d6:	88 0b       	sbc	r24, r24
    18d8:	98 2f       	mov	r25, r24
    18da:	63 cf       	rjmp	.-314    	; 0x17a2 <.L126>

000018dc <.L40>:
    18dc:	95 37       	cpi	r25, 0x75	; 117
    18de:	c9 f4       	brne	.+50     	; 0x1912 <.L45>
    18e0:	87 2c       	mov	r8, r7
    18e2:	e8 94       	clt
    18e4:	84 f8       	bld	r8, 4
    18e6:	2a e0       	ldi	r18, 0x0A	; 10
    18e8:	30 e0       	ldi	r19, 0x00	; 0

000018ea <.L46>:
    18ea:	f8 01       	movw	r30, r16
    18ec:	87 fe       	sbrs	r8, 7
    18ee:	39 c0       	rjmp	.+114    	; 0x1962 <.L52>
    18f0:	61 91       	ld	r22, Z+
    18f2:	71 91       	ld	r23, Z+
    18f4:	81 91       	ld	r24, Z+
    18f6:	91 91       	ld	r25, Z+

000018f8 <.L127>:
    18f8:	8f 01       	movw	r16, r30
    18fa:	5e 01       	movw	r10, r28
    18fc:	ff ef       	ldi	r31, 0xFF	; 255
    18fe:	af 1a       	sub	r10, r31
    1900:	bf 0a       	sbc	r11, r31
    1902:	a5 01       	movw	r20, r10
    1904:	0e 94 77 0d 	call	0x1aee	; 0x1aee <__ultoa_invert>
    1908:	78 2e       	mov	r7, r24
    190a:	7a 18       	sub	r7, r10
    190c:	e8 94       	clt
    190e:	87 f8       	bld	r8, 7
    1910:	5d cf       	rjmp	.-326    	; 0x17cc <.L44>

00001912 <.L45>:
    1912:	87 2d       	mov	r24, r7
    1914:	89 7f       	andi	r24, 0xF9	; 249
    1916:	88 2e       	mov	r8, r24
    1918:	90 37       	cpi	r25, 0x70	; 112
    191a:	99 f0       	breq	.+38     	; 0x1942 <.L47>
    191c:	58 f4       	brcc	.+22     	; 0x1934 <.L48>
    191e:	98 35       	cpi	r25, 0x58	; 88
    1920:	a9 f0       	breq	.+42     	; 0x194c <.L49>
    1922:	9f 36       	cpi	r25, 0x6F	; 111
    1924:	d9 f0       	breq	.+54     	; 0x195c <.L85>

00001926 <.L4>:
    1926:	f6 01       	movw	r30, r12
    1928:	86 81       	ldd	r24, Z+6	; 0x06
    192a:	97 81       	ldd	r25, Z+7	; 0x07

0000192c <.L1>:
    192c:	2b 96       	adiw	r28, 0x0b	; 11
    192e:	ef e0       	ldi	r30, 0x0F	; 15
    1930:	0c 94 fc 0d 	jmp	0x1bf8	; 0x1bf8 <.Loc.3>

00001934 <.L48>:
    1934:	98 37       	cpi	r25, 0x78	; 120
    1936:	b9 f7       	brne	.-18     	; 0x1926 <.L4>
    1938:	74 fc       	sbrc	r7, 4
    193a:	05 c0       	rjmp	.+10     	; 0x1946 <.L51>

0000193c <.L86>:
    193c:	20 e1       	ldi	r18, 0x10	; 16
    193e:	30 e0       	ldi	r19, 0x00	; 0
    1940:	d4 cf       	rjmp	.-88     	; 0x18ea <.L46>

00001942 <.L47>:
    1942:	68 94       	set
    1944:	84 f8       	bld	r8, 4

00001946 <.L51>:
    1946:	68 94       	set
    1948:	82 f8       	bld	r8, 2
    194a:	f8 cf       	rjmp	.-16     	; 0x193c <.L86>

0000194c <.L49>:
    194c:	74 fe       	sbrs	r7, 4
    194e:	03 c0       	rjmp	.+6      	; 0x1956 <.L87>
    1950:	e7 2d       	mov	r30, r7
    1952:	e6 60       	ori	r30, 0x06	; 6
    1954:	8e 2e       	mov	r8, r30

00001956 <.L87>:
    1956:	20 e1       	ldi	r18, 0x10	; 16
    1958:	32 e0       	ldi	r19, 0x02	; 2
    195a:	c7 cf       	rjmp	.-114    	; 0x18ea <.L46>

0000195c <.L85>:
    195c:	28 e0       	ldi	r18, 0x08	; 8
    195e:	30 e0       	ldi	r19, 0x00	; 0
    1960:	c4 cf       	rjmp	.-120    	; 0x18ea <.L46>

00001962 <.L52>:
    1962:	61 91       	ld	r22, Z+
    1964:	71 91       	ld	r23, Z+
    1966:	80 e0       	ldi	r24, 0x00	; 0
    1968:	90 e0       	ldi	r25, 0x00	; 0
    196a:	c6 cf       	rjmp	.-116    	; 0x18f8 <.L127>

0000196c <.L88>:
    196c:	88 2e       	mov	r8, r24

0000196e <.L54>:
    196e:	b7 2c       	mov	r11, r7
    1970:	84 fe       	sbrs	r8, 4
    1972:	3a cf       	rjmp	.-396    	; 0x17e8 <.L55>

00001974 <.L56>:
    1974:	fe 01       	movw	r30, r28
    1976:	e7 0d       	add	r30, r7
    1978:	f1 1d       	adc	r31, r1
    197a:	80 81       	ld	r24, Z
    197c:	80 33       	cpi	r24, 0x30	; 48
    197e:	09 f0       	breq	.+2      	; 0x1982 <L0^A+0x2>

00001980 <L0^A>:
    1980:	44 c0       	rjmp	.+136    	; 0x1a0a <.L57>
    1982:	49 ee       	ldi	r20, 0xE9	; 233
    1984:	84 22       	and	r8, r20

00001986 <.L58>:
    1986:	83 fc       	sbrc	r8, 3
    1988:	0e c0       	rjmp	.+28     	; 0x19a6 <.L60>
    198a:	80 fe       	sbrs	r8, 0
    198c:	51 c0       	rjmp	.+162    	; 0x1a30 <.L92>
    198e:	97 2c       	mov	r9, r7
    1990:	b6 14       	cp	r11, r6
    1992:	18 f4       	brcc	.+6      	; 0x199a <.L79>
    1994:	96 0c       	add	r9, r6
    1996:	9b 18       	sub	r9, r11
    1998:	b6 2c       	mov	r11, r6

0000199a <.L79>:
    199a:	86 2d       	mov	r24, r6
    199c:	8b 19       	sub	r24, r11
    199e:	6b 14       	cp	r6, r11
    19a0:	08 f4       	brcc	.+2      	; 0x19a4 <.L65>
    19a2:	80 e0       	ldi	r24, 0x00	; 0

000019a4 <.L65>:
    19a4:	b8 0e       	add	r11, r24

000019a6 <.L60>:
    19a6:	b6 14       	cp	r11, r6
    19a8:	08 f0       	brcs	.+2      	; 0x19ac <L0^A+0x2>

000019aa <L0^A>:
    19aa:	44 c0       	rjmp	.+136    	; 0x1a34 <.L94>
    19ac:	6b 18       	sub	r6, r11

000019ae <.L67>:
    19ae:	84 fe       	sbrs	r8, 4
    19b0:	43 c0       	rjmp	.+134    	; 0x1a38 <.L68>
    19b2:	b6 01       	movw	r22, r12
    19b4:	80 e3       	ldi	r24, 0x30	; 48
    19b6:	90 e0       	ldi	r25, 0x00	; 0
    19b8:	0e 94 47 0d 	call	0x1a8e	; 0x1a8e <fputc>
    19bc:	82 fe       	sbrs	r8, 2
    19be:	09 c0       	rjmp	.+18     	; 0x19d2 <.L74>
    19c0:	88 e5       	ldi	r24, 0x58	; 88
    19c2:	90 e0       	ldi	r25, 0x00	; 0
    19c4:	81 fc       	sbrc	r8, 1
    19c6:	02 c0       	rjmp	.+4      	; 0x19cc <.L70>
    19c8:	88 e7       	ldi	r24, 0x78	; 120
    19ca:	90 e0       	ldi	r25, 0x00	; 0

000019cc <.L70>:
    19cc:	b6 01       	movw	r22, r12

000019ce <.L129>:
    19ce:	0e 94 47 0d 	call	0x1a8e	; 0x1a8e <fputc>

000019d2 <.L74>:
    19d2:	79 14       	cp	r7, r9
    19d4:	e0 f1       	brcs	.+120    	; 0x1a4e <.L75>
    19d6:	5e 01       	movw	r10, r28
    19d8:	8f ef       	ldi	r24, 0xFF	; 255
    19da:	a8 1a       	sub	r10, r24
    19dc:	b8 0a       	sbc	r11, r24
    19de:	7a 94       	dec	r7
    19e0:	82 e0       	ldi	r24, 0x02	; 2
    19e2:	88 2e       	mov	r8, r24
    19e4:	91 2c       	mov	r9, r1
    19e6:	8c 0e       	add	r8, r28
    19e8:	9d 1e       	adc	r9, r29
    19ea:	87 0c       	add	r8, r7
    19ec:	91 1c       	adc	r9, r1

000019ee <.L76>:
    19ee:	f4 01       	movw	r30, r8
    19f0:	82 91       	ld	r24, -Z
    19f2:	4f 01       	movw	r8, r30
    19f4:	b6 01       	movw	r22, r12
    19f6:	90 e0       	ldi	r25, 0x00	; 0
    19f8:	0e 94 47 0d 	call	0x1a8e	; 0x1a8e <fputc>
    19fc:	8a 14       	cp	r8, r10
    19fe:	9b 04       	cpc	r9, r11
    1a00:	b1 f7       	brne	.-20     	; 0x19ee <.L76>
    1a02:	11 cf       	rjmp	.-478    	; 0x1826 <.L77>

00001a04 <.L90>:
    1a04:	b9 2c       	mov	r11, r9
    1a06:	88 2e       	mov	r8, r24
    1a08:	b5 cf       	rjmp	.-150    	; 0x1974 <.L56>

00001a0a <.L57>:
    1a0a:	82 fc       	sbrc	r8, 2
    1a0c:	02 c0       	rjmp	.+4      	; 0x1a12 <.L59>

00001a0e <.L128>:
    1a0e:	b3 94       	inc	r11
    1a10:	ba cf       	rjmp	.-140    	; 0x1986 <.L58>

00001a12 <.L59>:
    1a12:	b3 94       	inc	r11
    1a14:	b3 94       	inc	r11
    1a16:	b7 cf       	rjmp	.-146    	; 0x1986 <.L58>

00001a18 <.L89>:
    1a18:	b9 2c       	mov	r11, r9
    1a1a:	88 2e       	mov	r8, r24
    1a1c:	e5 ce       	rjmp	.-566    	; 0x17e8 <.L55>

00001a1e <.L63>:
    1a1e:	b6 01       	movw	r22, r12
    1a20:	80 e2       	ldi	r24, 0x20	; 32
    1a22:	90 e0       	ldi	r25, 0x00	; 0
    1a24:	0e 94 47 0d 	call	0x1a8e	; 0x1a8e <fputc>
    1a28:	a3 94       	inc	r10

00001a2a <.L61>:
    1a2a:	a6 14       	cp	r10, r6
    1a2c:	c0 f3       	brcs	.-16     	; 0x1a1e <.L63>
    1a2e:	b5 cf       	rjmp	.-150    	; 0x199a <.L79>

00001a30 <.L92>:
    1a30:	ab 2c       	mov	r10, r11
    1a32:	fb cf       	rjmp	.-10     	; 0x1a2a <.L61>

00001a34 <.L94>:
    1a34:	61 2c       	mov	r6, r1
    1a36:	bb cf       	rjmp	.-138    	; 0x19ae <.L67>

00001a38 <.L68>:
    1a38:	88 2d       	mov	r24, r8
    1a3a:	86 78       	andi	r24, 0x86	; 134
    1a3c:	51 f2       	breq	.-108    	; 0x19d2 <.L74>
    1a3e:	80 e2       	ldi	r24, 0x20	; 32
    1a40:	81 fc       	sbrc	r8, 1
    1a42:	8b e2       	ldi	r24, 0x2B	; 43
    1a44:	87 fc       	sbrc	r8, 7
    1a46:	8d e2       	ldi	r24, 0x2D	; 45
    1a48:	b6 01       	movw	r22, r12
    1a4a:	90 e0       	ldi	r25, 0x00	; 0
    1a4c:	c0 cf       	rjmp	.-128    	; 0x19ce <.L129>

00001a4e <.L75>:
    1a4e:	b6 01       	movw	r22, r12
    1a50:	80 e3       	ldi	r24, 0x30	; 48
    1a52:	90 e0       	ldi	r25, 0x00	; 0
    1a54:	0e 94 47 0d 	call	0x1a8e	; 0x1a8e <fputc>
    1a58:	9a 94       	dec	r9
    1a5a:	bb cf       	rjmp	.-138    	; 0x19d2 <.L74>

00001a5c <.L80>:
    1a5c:	8f ef       	ldi	r24, 0xFF	; 255
    1a5e:	9f ef       	ldi	r25, 0xFF	; 255
    1a60:	65 cf       	rjmp	.-310    	; 0x192c <.L1>

00001a62 <strnlen_P>:
    1a62:	fc 01       	movw	r30, r24

00001a64 <.L_strnlen_P_loop>:
    1a64:	05 90       	lpm	r0, Z+
    1a66:	61 50       	subi	r22, 0x01	; 1
    1a68:	70 40       	sbci	r23, 0x00	; 0
    1a6a:	01 10       	cpse	r0, r1
    1a6c:	d8 f7       	brcc	.-10     	; 0x1a64 <.L_strnlen_P_loop>
    1a6e:	80 95       	com	r24
    1a70:	90 95       	com	r25
    1a72:	8e 0f       	add	r24, r30
    1a74:	9f 1f       	adc	r25, r31
    1a76:	08 95       	ret

00001a78 <strnlen>:
    1a78:	fc 01       	movw	r30, r24

00001a7a <.L_strnlen_loop>:
    1a7a:	61 50       	subi	r22, 0x01	; 1
    1a7c:	70 40       	sbci	r23, 0x00	; 0
    1a7e:	01 90       	ld	r0, Z+
    1a80:	01 10       	cpse	r0, r1
    1a82:	d8 f7       	brcc	.-10     	; 0x1a7a <.L_strnlen_loop>
    1a84:	80 95       	com	r24
    1a86:	90 95       	com	r25
    1a88:	8e 0f       	add	r24, r30
    1a8a:	9f 1f       	adc	r25, r31
    1a8c:	08 95       	ret

00001a8e <fputc>:
    1a8e:	0f 93       	push	r16
    1a90:	1f 93       	push	r17
    1a92:	cf 93       	push	r28
    1a94:	df 93       	push	r29
    1a96:	18 2f       	mov	r17, r24
    1a98:	09 2f       	mov	r16, r25
    1a9a:	eb 01       	movw	r28, r22
    1a9c:	8b 81       	ldd	r24, Y+3	; 0x03
    1a9e:	81 fd       	sbrc	r24, 1
    1aa0:	09 c0       	rjmp	.+18     	; 0x1ab4 <.L2>

00001aa2 <.L7>:
    1aa2:	0f ef       	ldi	r16, 0xFF	; 255
    1aa4:	1f ef       	ldi	r17, 0xFF	; 255

00001aa6 <.L3>:
    1aa6:	81 2f       	mov	r24, r17
    1aa8:	90 2f       	mov	r25, r16
    1aaa:	df 91       	pop	r29
    1aac:	cf 91       	pop	r28
    1aae:	1f 91       	pop	r17
    1ab0:	0f 91       	pop	r16
    1ab2:	08 95       	ret

00001ab4 <.L2>:
    1ab4:	82 ff       	sbrs	r24, 2
    1ab6:	14 c0       	rjmp	.+40     	; 0x1ae0 <.L4>
    1ab8:	2e 81       	ldd	r18, Y+6	; 0x06
    1aba:	3f 81       	ldd	r19, Y+7	; 0x07
    1abc:	8c 81       	ldd	r24, Y+4	; 0x04
    1abe:	9d 81       	ldd	r25, Y+5	; 0x05
    1ac0:	28 17       	cp	r18, r24
    1ac2:	39 07       	cpc	r19, r25
    1ac4:	3c f4       	brge	.+14     	; 0x1ad4 <.L8>
    1ac6:	e8 81       	ld	r30, Y
    1ac8:	f9 81       	ldd	r31, Y+1	; 0x01
    1aca:	cf 01       	movw	r24, r30
    1acc:	01 96       	adiw	r24, 0x01	; 1
    1ace:	88 83       	st	Y, r24
    1ad0:	99 83       	std	Y+1, r25	; 0x01
    1ad2:	10 83       	st	Z, r17

00001ad4 <.L8>:
    1ad4:	8e 81       	ldd	r24, Y+6	; 0x06
    1ad6:	9f 81       	ldd	r25, Y+7	; 0x07
    1ad8:	01 96       	adiw	r24, 0x01	; 1
    1ada:	8e 83       	std	Y+6, r24	; 0x06
    1adc:	9f 83       	std	Y+7, r25	; 0x07
    1ade:	e3 cf       	rjmp	.-58     	; 0x1aa6 <.L3>

00001ae0 <.L4>:
    1ae0:	e8 85       	ldd	r30, Y+8	; 0x08
    1ae2:	f9 85       	ldd	r31, Y+9	; 0x09
    1ae4:	81 2f       	mov	r24, r17
    1ae6:	09 95       	icall
    1ae8:	89 2b       	or	r24, r25
    1aea:	a1 f3       	breq	.-24     	; 0x1ad4 <.L8>
    1aec:	da cf       	rjmp	.-76     	; 0x1aa2 <.L7>

00001aee <__ultoa_invert>:
    1aee:	fa 01       	movw	r30, r20
    1af0:	aa 27       	eor	r26, r26
    1af2:	28 30       	cpi	r18, 0x08	; 8
    1af4:	51 f1       	breq	.+84     	; 0x1b4a <.L_oct>
    1af6:	20 31       	cpi	r18, 0x10	; 16
    1af8:	81 f1       	breq	.+96     	; 0x1b5a <.L_hex>
    1afa:	e8 94       	clt

00001afc <.L_dec_loop>:
    1afc:	6f 93       	push	r22
    1afe:	6e 7f       	andi	r22, 0xFE	; 254
    1b00:	6e 5f       	subi	r22, 0xFE	; 254
    1b02:	7f 4f       	sbci	r23, 0xFF	; 255
    1b04:	8f 4f       	sbci	r24, 0xFF	; 255
    1b06:	9f 4f       	sbci	r25, 0xFF	; 255
    1b08:	af 4f       	sbci	r26, 0xFF	; 255
    1b0a:	b1 e0       	ldi	r27, 0x01	; 1
    1b0c:	3e d0       	rcall	.+124    	; 0x1b8a <.L_div_add>
    1b0e:	b4 e0       	ldi	r27, 0x04	; 4
    1b10:	3c d0       	rcall	.+120    	; 0x1b8a <.L_div_add>
    1b12:	67 0f       	add	r22, r23
    1b14:	78 1f       	adc	r23, r24
    1b16:	89 1f       	adc	r24, r25
    1b18:	9a 1f       	adc	r25, r26
    1b1a:	a1 1d       	adc	r26, r1
    1b1c:	68 0f       	add	r22, r24
    1b1e:	79 1f       	adc	r23, r25
    1b20:	8a 1f       	adc	r24, r26
    1b22:	91 1d       	adc	r25, r1
    1b24:	a1 1d       	adc	r26, r1
    1b26:	6a 0f       	add	r22, r26
    1b28:	71 1d       	adc	r23, r1
    1b2a:	81 1d       	adc	r24, r1
    1b2c:	91 1d       	adc	r25, r1
    1b2e:	a1 1d       	adc	r26, r1
    1b30:	20 d0       	rcall	.+64     	; 0x1b72 <.L_lsr_4>
    1b32:	09 f4       	brne	.+2      	; 0x1b36 <.L1^B1>
    1b34:	68 94       	set

00001b36 <.L1^B1>:
    1b36:	3f 91       	pop	r19
    1b38:	2a e0       	ldi	r18, 0x0A	; 10
    1b3a:	26 9f       	mul	r18, r22
    1b3c:	11 24       	eor	r1, r1
    1b3e:	30 19       	sub	r19, r0
    1b40:	30 5d       	subi	r19, 0xD0	; 208
    1b42:	31 93       	st	Z+, r19
    1b44:	de f6       	brtc	.-74     	; 0x1afc <.L_dec_loop>

00001b46 <.L_eos>:
    1b46:	cf 01       	movw	r24, r30
    1b48:	08 95       	ret

00001b4a <.L_oct>:
    1b4a:	46 2f       	mov	r20, r22
    1b4c:	47 70       	andi	r20, 0x07	; 7
    1b4e:	40 5d       	subi	r20, 0xD0	; 208
    1b50:	41 93       	st	Z+, r20
    1b52:	b3 e0       	ldi	r27, 0x03	; 3
    1b54:	0f d0       	rcall	.+30     	; 0x1b74 <.L_lsr>
    1b56:	c9 f7       	brne	.-14     	; 0x1b4a <.L_oct>
    1b58:	f6 cf       	rjmp	.-20     	; 0x1b46 <.L_eos>

00001b5a <.L_hex>:
    1b5a:	46 2f       	mov	r20, r22
    1b5c:	4f 70       	andi	r20, 0x0F	; 15
    1b5e:	40 5d       	subi	r20, 0xD0	; 208
    1b60:	4a 33       	cpi	r20, 0x3A	; 58
    1b62:	18 f0       	brcs	.+6      	; 0x1b6a <.L3^B1>
    1b64:	49 5d       	subi	r20, 0xD9	; 217
    1b66:	31 fd       	sbrc	r19, 1
    1b68:	40 52       	subi	r20, 0x20	; 32

00001b6a <.L3^B1>:
    1b6a:	41 93       	st	Z+, r20
    1b6c:	02 d0       	rcall	.+4      	; 0x1b72 <.L_lsr_4>
    1b6e:	a9 f7       	brne	.-22     	; 0x1b5a <.L_hex>
    1b70:	ea cf       	rjmp	.-44     	; 0x1b46 <.L_eos>

00001b72 <.L_lsr_4>:
    1b72:	b4 e0       	ldi	r27, 0x04	; 4

00001b74 <.L_lsr>:
    1b74:	a6 95       	lsr	r26
    1b76:	97 95       	ror	r25
    1b78:	87 95       	ror	r24
    1b7a:	77 95       	ror	r23
    1b7c:	67 95       	ror	r22
    1b7e:	ba 95       	dec	r27
    1b80:	c9 f7       	brne	.-14     	; 0x1b74 <.L_lsr>
    1b82:	00 97       	sbiw	r24, 0x00	; 0
    1b84:	61 05       	cpc	r22, r1
    1b86:	71 05       	cpc	r23, r1
    1b88:	08 95       	ret

00001b8a <.L_div_add>:
    1b8a:	9b 01       	movw	r18, r22
    1b8c:	ac 01       	movw	r20, r24
    1b8e:	0a 2e       	mov	r0, r26

00001b90 <.L7^B1>:
    1b90:	06 94       	lsr	r0
    1b92:	57 95       	ror	r21
    1b94:	47 95       	ror	r20
    1b96:	37 95       	ror	r19
    1b98:	27 95       	ror	r18
    1b9a:	ba 95       	dec	r27
    1b9c:	c9 f7       	brne	.-14     	; 0x1b90 <.L7^B1>
    1b9e:	62 0f       	add	r22, r18
    1ba0:	73 1f       	adc	r23, r19
    1ba2:	84 1f       	adc	r24, r20
    1ba4:	95 1f       	adc	r25, r21
    1ba6:	a0 1d       	adc	r26, r0
    1ba8:	08 95       	ret

00001baa <__negsi2>:
    1baa:	90 95       	com	r25
    1bac:	80 95       	com	r24
    1bae:	70 95       	com	r23
    1bb0:	61 95       	neg	r22
    1bb2:	7f 4f       	sbci	r23, 0xFF	; 255
    1bb4:	8f 4f       	sbci	r24, 0xFF	; 255
    1bb6:	9f 4f       	sbci	r25, 0xFF	; 255

00001bb8 <.Loc.1>:
    1bb8:	08 95       	ret

00001bba <__prologue_saves__>:
    1bba:	2f 92       	push	r2

00001bbc <.Loc.1>:
    1bbc:	3f 92       	push	r3

00001bbe <.Loc.2>:
    1bbe:	4f 92       	push	r4

00001bc0 <.Loc.3>:
    1bc0:	5f 92       	push	r5

00001bc2 <.Loc.4>:
    1bc2:	6f 92       	push	r6

00001bc4 <.Loc.5>:
    1bc4:	7f 92       	push	r7

00001bc6 <.Loc.6>:
    1bc6:	8f 92       	push	r8

00001bc8 <.Loc.7>:
    1bc8:	9f 92       	push	r9

00001bca <.Loc.8>:
    1bca:	af 92       	push	r10

00001bcc <.Loc.9>:
    1bcc:	bf 92       	push	r11

00001bce <.Loc.10>:
    1bce:	cf 92       	push	r12

00001bd0 <.Loc.11>:
    1bd0:	df 92       	push	r13

00001bd2 <.Loc.12>:
    1bd2:	ef 92       	push	r14

00001bd4 <.Loc.13>:
    1bd4:	ff 92       	push	r15

00001bd6 <.Loc.14>:
    1bd6:	0f 93       	push	r16

00001bd8 <.Loc.15>:
    1bd8:	1f 93       	push	r17

00001bda <.Loc.16>:
    1bda:	cf 93       	push	r28

00001bdc <.Loc.17>:
    1bdc:	df 93       	push	r29

00001bde <.Loc.18>:
    1bde:	cd b7       	in	r28, 0x3d	; 61

00001be0 <.Loc.19>:
    1be0:	de b7       	in	r29, 0x3e	; 62

00001be2 <.Loc.20>:
    1be2:	ca 1b       	sub	r28, r26

00001be4 <.Loc.21>:
    1be4:	db 0b       	sbc	r29, r27

00001be6 <.Loc.22>:
    1be6:	0f b6       	in	r0, 0x3f	; 63

00001be8 <.Loc.23>:
    1be8:	f8 94       	cli

00001bea <.Loc.24>:
    1bea:	de bf       	out	0x3e, r29	; 62

00001bec <.Loc.25>:
    1bec:	0f be       	out	0x3f, r0	; 63

00001bee <.Loc.26>:
    1bee:	cd bf       	out	0x3d, r28	; 61

00001bf0 <.Loc.27>:
    1bf0:	09 94       	ijmp

00001bf2 <__epilogue_restores__>:
    1bf2:	2a 88       	ldd	r2, Y+18	; 0x12

00001bf4 <.Loc.1>:
    1bf4:	39 88       	ldd	r3, Y+17	; 0x11

00001bf6 <.Loc.2>:
    1bf6:	48 88       	ldd	r4, Y+16	; 0x10

00001bf8 <.Loc.3>:
    1bf8:	5f 84       	ldd	r5, Y+15	; 0x0f

00001bfa <.Loc.4>:
    1bfa:	6e 84       	ldd	r6, Y+14	; 0x0e

00001bfc <.Loc.5>:
    1bfc:	7d 84       	ldd	r7, Y+13	; 0x0d

00001bfe <.Loc.6>:
    1bfe:	8c 84       	ldd	r8, Y+12	; 0x0c

00001c00 <.Loc.7>:
    1c00:	9b 84       	ldd	r9, Y+11	; 0x0b

00001c02 <.Loc.8>:
    1c02:	aa 84       	ldd	r10, Y+10	; 0x0a

00001c04 <.Loc.9>:
    1c04:	b9 84       	ldd	r11, Y+9	; 0x09

00001c06 <.Loc.10>:
    1c06:	c8 84       	ldd	r12, Y+8	; 0x08

00001c08 <.Loc.11>:
    1c08:	df 80       	ldd	r13, Y+7	; 0x07

00001c0a <.Loc.12>:
    1c0a:	ee 80       	ldd	r14, Y+6	; 0x06

00001c0c <.Loc.13>:
    1c0c:	fd 80       	ldd	r15, Y+5	; 0x05

00001c0e <.Loc.14>:
    1c0e:	0c 81       	ldd	r16, Y+4	; 0x04

00001c10 <.Loc.15>:
    1c10:	1b 81       	ldd	r17, Y+3	; 0x03

00001c12 <.Loc.16>:
    1c12:	aa 81       	ldd	r26, Y+2	; 0x02

00001c14 <.Loc.17>:
    1c14:	b9 81       	ldd	r27, Y+1	; 0x01

00001c16 <.Loc.18>:
    1c16:	ce 0f       	add	r28, r30

00001c18 <.Loc.19>:
    1c18:	d1 1d       	adc	r29, r1

00001c1a <.Loc.20>:
    1c1a:	0f b6       	in	r0, 0x3f	; 63

00001c1c <.Loc.21>:
    1c1c:	f8 94       	cli

00001c1e <.Loc.22>:
    1c1e:	de bf       	out	0x3e, r29	; 62

00001c20 <.Loc.23>:
    1c20:	0f be       	out	0x3f, r0	; 63

00001c22 <.Loc.24>:
    1c22:	cd bf       	out	0x3d, r28	; 61

00001c24 <.Loc.25>:
    1c24:	ed 01       	movw	r28, r26

00001c26 <.Loc.26>:
    1c26:	08 95       	ret

00001c28 <_exit>:
    1c28:	f8 94       	cli

00001c2a <__stop_program>:
    1c2a:	ff cf       	rjmp	.-2      	; 0x1c2a <__stop_program>

00001c2c <L0^A>:
    1c2c:	b9 09       	sbc	r27, r9
    1c2e:	ae 09       	sbc	r26, r14
    1c30:	7d 09       	sbc	r23, r13
    1c32:	ad 09       	sbc	r26, r13
    1c34:	7c 09       	sbc	r23, r12
    1c36:	bb 09       	sbc	r27, r11
    1c38:	7b 09       	sbc	r23, r11
