
C:\LayerdArch2\release\Proj_1.elf:     file format elf32-avr

Sections:
Idx Name          Size      VMA       LMA       File off  Algn
  0 .text         00001c30  00000000  00000000  00000094  2**1
                  CONTENTS, ALLOC, LOAD, READONLY, CODE
  1 .data         0000021c  00800060  00001c30  00001cc4  2**0
                  CONTENTS, ALLOC, LOAD, DATA
  2 .bss          0000001d  0080027c  0080027c  00001ee0  2**0
                  ALLOC
  3 .comment      0000005c  00000000  00000000  00001ee0  2**0
                  CONTENTS, READONLY
  4 .note.gnu.avr.deviceinfo 0000003c  00000000  00000000  00001f3c  2**2
                  CONTENTS, READONLY, OCTETS
  5 .debug_info   000004e6  00000000  00000000  00001f78  2**0
                  CONTENTS, READONLY, DEBUGGING, OCTETS
  6 .debug_abbrev 000004a3  00000000  00000000  0000245e  2**0
                  CONTENTS, READONLY, DEBUGGING, OCTETS
  7 .debug_line   0000001d  00000000  00000000  00002901  2**0
                  CONTENTS, READONLY, DEBUGGING, OCTETS
  8 .debug_str    00000196  00000000  00000000  0000291e  2**0
                  CONTENTS, READONLY, DEBUGGING, OCTETS

Disassembly of section .text:

00000000 <__vectors>:
       0:	0c 94 2a 00 	jmp	0x54	; 0x54 <__ctors_end>
       4:	0c 94 8f 08 	jmp	0x111e	; 0x111e <__vector_1>
       8:	0c 94 b8 08 	jmp	0x1170	; 0x1170 <__vector_2>
       c:	0c 94 e1 08 	jmp	0x11c2	; 0x11c2 <__vector_3>
      10:	0c 94 47 00 	jmp	0x8e	; 0x8e <__bad_interrupt>
      14:	0c 94 47 00 	jmp	0x8e	; 0x8e <__bad_interrupt>
      18:	0c 94 47 00 	jmp	0x8e	; 0x8e <__bad_interrupt>
      1c:	0c 94 47 00 	jmp	0x8e	; 0x8e <__bad_interrupt>
      20:	0c 94 47 00 	jmp	0x8e	; 0x8e <__bad_interrupt>
      24:	0c 94 47 00 	jmp	0x8e	; 0x8e <__bad_interrupt>
      28:	0c 94 47 00 	jmp	0x8e	; 0x8e <__bad_interrupt>
      2c:	0c 94 47 00 	jmp	0x8e	; 0x8e <__bad_interrupt>
      30:	0c 94 47 00 	jmp	0x8e	; 0x8e <__bad_interrupt>
      34:	0c 94 6b 0a 	jmp	0x14d6	; 0x14d6 <__vector_13>
      38:	0c 94 bf 0a 	jmp	0x157e	; 0x157e <__vector_14>
      3c:	0c 94 96 0a 	jmp	0x152c	; 0x152c <__vector_15>
      40:	0c 94 47 00 	jmp	0x8e	; 0x8e <__bad_interrupt>
      44:	0c 94 47 00 	jmp	0x8e	; 0x8e <__bad_interrupt>
      48:	0c 94 47 00 	jmp	0x8e	; 0x8e <__bad_interrupt>
      4c:	0c 94 47 00 	jmp	0x8e	; 0x8e <__bad_interrupt>
      50:	0c 94 47 00 	jmp	0x8e	; 0x8e <__bad_interrupt>

00000054 <__ctors_end>:
      54:	11 24       	eor	r1, r1
      56:	1f be       	out	0x3f, r1	; 63
      58:	cf e5       	ldi	r28, 0x5F	; 95
      5a:	d8 e0       	ldi	r29, 0x08	; 8
      5c:	de bf       	out	0x3e, r29	; 62
      5e:	cd bf       	out	0x3d, r28	; 61

00000060 <__do_copy_data>:
      60:	12 e0       	ldi	r17, 0x02	; 2

00000062 <.Loc.1>:
      62:	a0 e6       	ldi	r26, 0x60	; 96

00000064 <.Loc.2>:
      64:	b0 e0       	ldi	r27, 0x00	; 0

00000066 <.Loc.3>:
      66:	e0 e3       	ldi	r30, 0x30	; 48

00000068 <.Loc.4>:
      68:	fc e1       	ldi	r31, 0x1C	; 28

0000006a <.Loc.5>:
      6a:	02 c0       	rjmp	.+4      	; 0x70 <.L__do_copy_data_start>

0000006c <.L__do_copy_data_loop>:
      6c:	05 90       	lpm	r0, Z+

0000006e <.Loc.7>:
      6e:	0d 92       	st	X+, r0

00000070 <.L__do_copy_data_start>:
      70:	ac 37       	cpi	r26, 0x7C	; 124

00000072 <.Loc.9>:
      72:	b1 07       	cpc	r27, r17

00000074 <.Loc.10>:
      74:	d9 f7       	brne	.-10     	; 0x6c <.L__do_copy_data_loop>

00000076 <__do_clear_bss>:
      76:	22 e0       	ldi	r18, 0x02	; 2

00000078 <.Loc.1>:
      78:	ac e7       	ldi	r26, 0x7C	; 124

0000007a <.Loc.2>:
      7a:	b2 e0       	ldi	r27, 0x02	; 2

0000007c <.Loc.3>:
      7c:	01 c0       	rjmp	.+2      	; 0x80 <.Loc.5>

0000007e <.Loc.4>:
      7e:	1d 92       	st	X+, r1

00000080 <.Loc.5>:
      80:	a9 39       	cpi	r26, 0x99	; 153

00000082 <.Loc.6>:
      82:	b2 07       	cpc	r27, r18

00000084 <.Loc.7>:
      84:	e1 f7       	brne	.-8      	; 0x7e <.Loc.4>

00000086 <L0^A>:
      86:	0e 94 e8 0a 	call	0x15d0	; 0x15d0 <main>
      8a:	0c 94 0f 0e 	jmp	0x1c1e	; 0x1c1e <_exit>

0000008e <__bad_interrupt>:
      8e:	0c 94 00 00 	jmp	0	; 0x0 <__vectors>

00000092 <Admin_Init>:
      92:	10 92 7c 02 	sts	0x027C, r1	; 0x80027c <AdminLoggedIn>
      96:	08 95       	ret

00000098 <Admin_IsLoggedIn>:
      98:	80 91 7c 02 	lds	r24, 0x027C	; 0x80027c <AdminLoggedIn>
      9c:	08 95       	ret

0000009e <Admin_Logout>:
      9e:	10 92 7c 02 	sts	0x027C, r1	; 0x80027c <AdminLoggedIn>
      a2:	08 95       	ret

000000a4 <Admin_Login>:
      a4:	ef 92       	push	r14
      a6:	ff 92       	push	r15
      a8:	0f 93       	push	r16
      aa:	1f 93       	push	r17
      ac:	cf 93       	push	r28
      ae:	df 93       	push	r29
      b0:	00 d0       	rcall	.+0      	; 0xb2 <L0^A>

000000b2 <L0^A>:
      b2:	00 d0       	rcall	.+0      	; 0xb4 <L0^A>

000000b4 <L0^A>:
      b4:	cd b7       	in	r28, 0x3d	; 61
      b6:	de b7       	in	r29, 0x3e	; 62
      b8:	60 e0       	ldi	r22, 0x00	; 0
      ba:	80 e0       	ldi	r24, 0x00	; 0
      bc:	0e 94 99 06 	call	0xd32	; 0xd32 <LCD_GotoXY>
      c0:	60 e0       	ldi	r22, 0x00	; 0
      c2:	8c e8       	ldi	r24, 0x8C	; 140
      c4:	90 e0       	ldi	r25, 0x00	; 0
      c6:	0e 94 75 06 	call	0xcea	; 0xcea <LCD_WriteString>
      ca:	61 e0       	ldi	r22, 0x01	; 1
      cc:	80 e0       	ldi	r24, 0x00	; 0
      ce:	0e 94 99 06 	call	0xd32	; 0xd32 <LCD_GotoXY>
      d2:	8e 01       	movw	r16, r28
      d4:	0f 5f       	subi	r16, 0xFF	; 255
      d6:	1f 4f       	sbci	r17, 0xFF	; 255
      d8:	7e 01       	movw	r14, r28
      da:	25 e0       	ldi	r18, 0x05	; 5
      dc:	e2 0e       	add	r14, r18
      de:	f1 1c       	adc	r15, r1

000000e0 <.L6>:
      e0:	0e 94 b1 04 	call	0x962	; 0x962 <KeyPad_Getpressedkey>
      e4:	90 ed       	ldi	r25, 0xD0	; 208
      e6:	98 0f       	add	r25, r24
      e8:	9a 30       	cpi	r25, 0x0A	; 10
      ea:	d0 f7       	brcc	.-12     	; 0xe0 <.L6>
      ec:	f8 01       	movw	r30, r16
      ee:	81 93       	st	Z+, r24
      f0:	8f 01       	movw	r16, r30
      f2:	60 e0       	ldi	r22, 0x00	; 0
      f4:	8a e2       	ldi	r24, 0x2A	; 42
      f6:	0e 94 46 05 	call	0xa8c	; 0xa8c <LCD_WriteData>
      fa:	ff ef       	ldi	r31, 0xFF	; 255
      fc:	21 ee       	ldi	r18, 0xE1	; 225
      fe:	84 e0       	ldi	r24, 0x04	; 4

00000100 <.L1^B1>:
     100:	f1 50       	subi	r31, 0x01	; 1
     102:	20 40       	sbci	r18, 0x00	; 0
     104:	80 40       	sbci	r24, 0x00	; 0
     106:	e1 f7       	brne	.-8      	; 0x100 <.L1^B1>
     108:	00 c0       	rjmp	.+0      	; 0x10a <L0^A>

0000010a <L0^A>:
	...

0000010c <.L7>:
     10c:	0e 94 b1 04 	call	0x962	; 0x962 <KeyPad_Getpressedkey>
     110:	8f 3f       	cpi	r24, 0xFF	; 255
     112:	e1 f7       	brne	.-8      	; 0x10c <.L7>
     114:	0e 15       	cp	r16, r14
     116:	1f 05       	cpc	r17, r15
     118:	19 f7       	brne	.-58     	; 0xe0 <.L6>
     11a:	8a 81       	ldd	r24, Y+2	; 0x02
     11c:	82 33       	cpi	r24, 0x32	; 50
     11e:	71 f1       	breq	.+92     	; 0x17c <.L14>

00000120 <.L9>:
     120:	10 92 7c 02 	sts	0x027C, r1	; 0x80027c <AdminLoggedIn>
     124:	60 e0       	ldi	r22, 0x00	; 0
     126:	80 e0       	ldi	r24, 0x00	; 0
     128:	0e 94 99 06 	call	0xd32	; 0xd32 <LCD_GotoXY>
     12c:	60 e0       	ldi	r22, 0x00	; 0
     12e:	8f ea       	ldi	r24, 0xAF	; 175
     130:	90 e0       	ldi	r25, 0x00	; 0
     132:	0e 94 75 06 	call	0xcea	; 0xcea <LCD_WriteString>
     136:	41 e0       	ldi	r20, 0x01	; 1
     138:	64 e0       	ldi	r22, 0x04	; 4
     13a:	80 e0       	ldi	r24, 0x00	; 0
     13c:	0e 94 ea 06 	call	0xdd4	; 0xdd4 <Led_on>
     140:	9f ef       	ldi	r25, 0xFF	; 255
     142:	ee e9       	ldi	r30, 0x9E	; 158
     144:	f4 e2       	ldi	r31, 0x24	; 36

00000146 <.L1^B2>:
     146:	91 50       	subi	r25, 0x01	; 1
     148:	e0 40       	sbci	r30, 0x00	; 0
     14a:	f0 40       	sbci	r31, 0x00	; 0
     14c:	e1 f7       	brne	.-8      	; 0x146 <.L1^B2>
     14e:	00 c0       	rjmp	.+0      	; 0x150 <L0^A>

00000150 <L0^A>:
     150:	00 00       	nop
     152:	60 e0       	ldi	r22, 0x00	; 0
     154:	81 e0       	ldi	r24, 0x01	; 1
     156:	0e 94 96 05 	call	0xb2c	; 0xb2c <LCD_WriteInstruction>
     15a:	60 e0       	ldi	r22, 0x00	; 0
     15c:	8e eb       	ldi	r24, 0xBE	; 190
     15e:	90 e0       	ldi	r25, 0x00	; 0
     160:	0e 94 75 06 	call	0xcea	; 0xcea <LCD_WriteString>
     164:	80 e0       	ldi	r24, 0x00	; 0

00000166 <.L5>:
     166:	0f 90       	pop	r0
     168:	0f 90       	pop	r0
     16a:	0f 90       	pop	r0
     16c:	0f 90       	pop	r0
     16e:	df 91       	pop	r29
     170:	cf 91       	pop	r28
     172:	1f 91       	pop	r17
     174:	0f 91       	pop	r16
     176:	ff 90       	pop	r15
     178:	ef 90       	pop	r14
     17a:	08 95       	ret

0000017c <.L14>:
     17c:	8b 81       	ldd	r24, Y+3	; 0x03
     17e:	83 33       	cpi	r24, 0x33	; 51
     180:	79 f6       	brne	.-98     	; 0x120 <.L9>
     182:	8c 81       	ldd	r24, Y+4	; 0x04
     184:	84 33       	cpi	r24, 0x34	; 52
     186:	61 f6       	brne	.-104    	; 0x120 <.L9>
     188:	89 81       	ldd	r24, Y+1	; 0x01
     18a:	81 33       	cpi	r24, 0x31	; 49
     18c:	49 f6       	brne	.-110    	; 0x120 <.L9>
     18e:	81 e0       	ldi	r24, 0x01	; 1
     190:	80 93 7c 02 	sts	0x027C, r24	; 0x80027c <AdminLoggedIn>
     194:	60 e0       	ldi	r22, 0x00	; 0
     196:	80 e0       	ldi	r24, 0x00	; 0
     198:	0e 94 99 06 	call	0xd32	; 0xd32 <LCD_GotoXY>
     19c:	60 e0       	ldi	r22, 0x00	; 0
     19e:	86 e9       	ldi	r24, 0x96	; 150
     1a0:	90 e0       	ldi	r25, 0x00	; 0
     1a2:	0e 94 75 06 	call	0xcea	; 0xcea <LCD_WriteString>
     1a6:	82 ea       	ldi	r24, 0xA2	; 162
     1a8:	90 e0       	ldi	r25, 0x00	; 0
     1aa:	0e 94 f1 09 	call	0x13e2	; 0x13e2 <UART_SendStringPolling>
     1ae:	41 e0       	ldi	r20, 0x01	; 1
     1b0:	63 e0       	ldi	r22, 0x03	; 3
     1b2:	80 e0       	ldi	r24, 0x00	; 0
     1b4:	0e 94 ea 06 	call	0xdd4	; 0xdd4 <Led_on>
     1b8:	81 e0       	ldi	r24, 0x01	; 1
     1ba:	d5 cf       	rjmp	.-86     	; 0x166 <.L5>

000001bc <Admin_Process>:
     1bc:	80 91 7c 02 	lds	r24, 0x027C	; 0x80027c <AdminLoggedIn>
     1c0:	81 11       	cpse	r24, r1
     1c2:	0b c0       	rjmp	.+22     	; 0x1da <.L24>
     1c4:	29 c0       	rjmp	.+82     	; 0x218 <.L30>

000001c6 <.L20>:
     1c6:	82 34       	cpi	r24, 0x42	; 66
     1c8:	21 f1       	breq	.+72     	; 0x212 <.L31>
     1ca:	83 34       	cpi	r24, 0x43	; 67
     1cc:	51 f1       	breq	.+84     	; 0x222 <.L32>
     1ce:	84 34       	cpi	r24, 0x44	; 68
     1d0:	e9 f0       	breq	.+58     	; 0x20c <.L33>

000001d2 <.L29>:
     1d2:	80 91 7c 02 	lds	r24, 0x027C	; 0x80027c <AdminLoggedIn>
     1d6:	81 15       	cp	r24, r1
     1d8:	19 f1       	breq	.+70     	; 0x220 <.L15>

000001da <.L24>:
     1da:	60 e0       	ldi	r22, 0x00	; 0
     1dc:	80 e0       	ldi	r24, 0x00	; 0
     1de:	0e 94 99 06 	call	0xd32	; 0xd32 <LCD_GotoXY>
     1e2:	60 e0       	ldi	r22, 0x00	; 0
     1e4:	84 ec       	ldi	r24, 0xC4	; 196
     1e6:	90 e0       	ldi	r25, 0x00	; 0
     1e8:	0e 94 75 06 	call	0xcea	; 0xcea <LCD_WriteString>
     1ec:	60 e0       	ldi	r22, 0x00	; 0
     1ee:	81 e0       	ldi	r24, 0x01	; 1
     1f0:	0e 94 99 06 	call	0xd32	; 0xd32 <LCD_GotoXY>
     1f4:	60 e0       	ldi	r22, 0x00	; 0
     1f6:	83 ed       	ldi	r24, 0xD3	; 211
     1f8:	90 e0       	ldi	r25, 0x00	; 0
     1fa:	0e 94 75 06 	call	0xcea	; 0xcea <LCD_WriteString>
     1fe:	0e 94 b1 04 	call	0x962	; 0x962 <KeyPad_Getpressedkey>
     202:	81 34       	cpi	r24, 0x41	; 65
     204:	01 f7       	brne	.-64     	; 0x1c6 <.L20>
     206:	0e 94 e1 02 	call	0x5c2	; 0x5c2 <GateController_OpenEntry>
     20a:	e3 cf       	rjmp	.-58     	; 0x1d2 <.L29>

0000020c <.L33>:
     20c:	10 92 7c 02 	sts	0x027C, r1	; 0x80027c <AdminLoggedIn>
     210:	08 95       	ret

00000212 <.L31>:
     212:	0e 94 eb 02 	call	0x5d6	; 0x5d6 <GateController_CloseEntry>
     216:	dd cf       	rjmp	.-70     	; 0x1d2 <.L29>

00000218 <.L30>:
     218:	0e 94 52 00 	call	0xa4	; 0xa4 <Admin_Login>
     21c:	81 11       	cpse	r24, r1
     21e:	d9 cf       	rjmp	.-78     	; 0x1d2 <.L29>

00000220 <.L15>:
     220:	08 95       	ret

00000222 <.L32>:
     222:	0e 94 e3 03 	call	0x7c6	; 0x7c6 <ParkingManager_Run>
     226:	82 ee       	ldi	r24, 0xE2	; 226
     228:	90 e0       	ldi	r25, 0x00	; 0
     22a:	0e 94 f1 09 	call	0x13e2	; 0x13e2 <UART_SendStringPolling>
     22e:	d1 cf       	rjmp	.-94     	; 0x1d2 <.L29>

00000230 <Entry_Init>:
     230:	10 92 7d 02 	sts	0x027D, r1	; 0x80027d <EntryFlag>
     234:	08 95       	ret

00000236 <Entry_Process>:
     236:	0f 93       	push	r16
     238:	1f 93       	push	r17
     23a:	cf 93       	push	r28
     23c:	df 93       	push	r29
     23e:	00 d0       	rcall	.+0      	; 0x240 <L0^A>

00000240 <L0^A>:
     240:	00 d0       	rcall	.+0      	; 0x242 <L0^A>

00000242 <L0^A>:
     242:	00 d0       	rcall	.+0      	; 0x244 <L0^A>

00000244 <L0^A>:
     244:	cd b7       	in	r28, 0x3d	; 61
     246:	de b7       	in	r29, 0x3e	; 62
     248:	0e 94 d3 02 	call	0x5a6	; 0x5a6 <Full_IsActive>
     24c:	81 11       	cpse	r24, r1
     24e:	af c0       	rjmp	.+350    	; 0x3ae <.L18>
     250:	60 e0       	ldi	r22, 0x00	; 0
     252:	81 e0       	ldi	r24, 0x01	; 1
     254:	0e 94 96 05 	call	0xb2c	; 0xb2c <LCD_WriteInstruction>
     258:	60 e0       	ldi	r22, 0x00	; 0
     25a:	80 ef       	ldi	r24, 0xF0	; 240
     25c:	90 e0       	ldi	r25, 0x00	; 0
     25e:	0e 94 75 06 	call	0xcea	; 0xcea <LCD_WriteString>
     262:	0e 94 0e 04 	call	0x81c	; 0x81c <SpotCounter_GetAvailable>
     266:	68 2f       	mov	r22, r24
     268:	70 e0       	ldi	r23, 0x00	; 0
     26a:	80 e0       	ldi	r24, 0x00	; 0
     26c:	90 e0       	ldi	r25, 0x00	; 0
     26e:	40 e0       	ldi	r20, 0x00	; 0
     270:	0e 94 ab 06 	call	0xd56	; 0xd56 <LCD_WriteNumber>
     274:	61 e0       	ldi	r22, 0x01	; 1
     276:	80 e0       	ldi	r24, 0x00	; 0
     278:	0e 94 99 06 	call	0xd32	; 0xd32 <LCD_GotoXY>
     27c:	60 e0       	ldi	r22, 0x00	; 0
     27e:	81 e0       	ldi	r24, 0x01	; 1
     280:	0e 94 96 05 	call	0xb2c	; 0xb2c <LCD_WriteInstruction>
     284:	60 e0       	ldi	r22, 0x00	; 0
     286:	8c ef       	ldi	r24, 0xFC	; 252
     288:	90 e0       	ldi	r25, 0x00	; 0
     28a:	0e 94 75 06 	call	0xcea	; 0xcea <LCD_WriteString>

0000028e <.L6>:
     28e:	0e 94 b1 04 	call	0x962	; 0x962 <KeyPad_Getpressedkey>
     292:	85 34       	cpi	r24, 0x45	; 69
     294:	e1 f7       	brne	.-8      	; 0x28e <.L6>
     296:	60 e0       	ldi	r22, 0x00	; 0
     298:	81 e0       	ldi	r24, 0x01	; 1
     29a:	0e 94 96 05 	call	0xb2c	; 0xb2c <LCD_WriteInstruction>
     29e:	60 e0       	ldi	r22, 0x00	; 0
     2a0:	84 e0       	ldi	r24, 0x04	; 4
     2a2:	91 e0       	ldi	r25, 0x01	; 1
     2a4:	0e 94 75 06 	call	0xcea	; 0xcea <LCD_WriteString>
     2a8:	60 e0       	ldi	r22, 0x00	; 0
     2aa:	81 e0       	ldi	r24, 0x01	; 1
     2ac:	0e 94 99 06 	call	0xd32	; 0xd32 <LCD_GotoXY>
     2b0:	8e 01       	movw	r16, r28
     2b2:	0f 5f       	subi	r16, 0xFF	; 255
     2b4:	1f 4f       	sbci	r17, 0xFF	; 255
     2b6:	ce 01       	movw	r24, r28
     2b8:	05 96       	adiw	r24, 0x05	; 5
     2ba:	8d 83       	std	Y+5, r24	; 0x05
     2bc:	9e 83       	std	Y+6, r25	; 0x06

000002be <.L7>:
     2be:	0e 94 b1 04 	call	0x962	; 0x962 <KeyPad_Getpressedkey>
     2c2:	90 ed       	ldi	r25, 0xD0	; 208
     2c4:	98 0f       	add	r25, r24
     2c6:	9a 30       	cpi	r25, 0x0A	; 10
     2c8:	d0 f7       	brcc	.-12     	; 0x2be <.L7>
     2ca:	f8 01       	movw	r30, r16
     2cc:	81 93       	st	Z+, r24
     2ce:	8f 01       	movw	r16, r30
     2d0:	60 e0       	ldi	r22, 0x00	; 0
     2d2:	8a e2       	ldi	r24, 0x2A	; 42
     2d4:	0e 94 46 05 	call	0xa8c	; 0xa8c <LCD_WriteData>
     2d8:	8d 81       	ldd	r24, Y+5	; 0x05
     2da:	9e 81       	ldd	r25, Y+6	; 0x06
     2dc:	08 17       	cp	r16, r24
     2de:	19 07       	cpc	r17, r25
     2e0:	71 f7       	brne	.-36     	; 0x2be <.L7>
     2e2:	89 81       	ldd	r24, Y+1	; 0x01
     2e4:	81 33       	cpi	r24, 0x31	; 49
     2e6:	21 f4       	brne	.+8      	; 0x2f0 <.L9>
     2e8:	8a 81       	ldd	r24, Y+2	; 0x02
     2ea:	82 33       	cpi	r24, 0x32	; 50
     2ec:	09 f4       	brne	.+2      	; 0x2f0 <.L9>

000002ee <L0^A>:
     2ee:	64 c0       	rjmp	.+200    	; 0x3b8 <.L19>

000002f0 <.L9>:
     2f0:	60 e0       	ldi	r22, 0x00	; 0
     2f2:	81 e0       	ldi	r24, 0x01	; 1
     2f4:	0e 94 96 05 	call	0xb2c	; 0xb2c <LCD_WriteInstruction>
     2f8:	60 e0       	ldi	r22, 0x00	; 0
     2fa:	8f ea       	ldi	r24, 0xAF	; 175
     2fc:	90 e0       	ldi	r25, 0x00	; 0
     2fe:	0e 94 75 06 	call	0xcea	; 0xcea <LCD_WriteString>
     302:	2f ef       	ldi	r18, 0xFF	; 255
     304:	8e e9       	ldi	r24, 0x9E	; 158
     306:	94 e2       	ldi	r25, 0x24	; 36

00000308 <.L1^B1>:
     308:	21 50       	subi	r18, 0x01	; 1
     30a:	80 40       	sbci	r24, 0x00	; 0
     30c:	90 40       	sbci	r25, 0x00	; 0
     30e:	e1 f7       	brne	.-8      	; 0x308 <.L1^B1>
     310:	00 c0       	rjmp	.+0      	; 0x312 <L0^A>

00000312 <L0^A>:
     312:	00 00       	nop
     314:	60 e0       	ldi	r22, 0x00	; 0
     316:	81 e0       	ldi	r24, 0x01	; 1
     318:	0e 94 96 05 	call	0xb2c	; 0xb2c <LCD_WriteInstruction>
     31c:	60 e0       	ldi	r22, 0x00	; 0
     31e:	84 e3       	ldi	r24, 0x34	; 52
     320:	91 e0       	ldi	r25, 0x01	; 1
     322:	0e 94 75 06 	call	0xcea	; 0xcea <LCD_WriteString>
     326:	81 e4       	ldi	r24, 0x41	; 65
     328:	91 e0       	ldi	r25, 0x01	; 1
     32a:	0e 94 f1 09 	call	0x13e2	; 0x13e2 <UART_SendStringPolling>
     32e:	ef ef       	ldi	r30, 0xFF	; 255
     330:	f9 e6       	ldi	r31, 0x69	; 105
     332:	28 e1       	ldi	r18, 0x18	; 24

00000334 <.L1^B2>:
     334:	e1 50       	subi	r30, 0x01	; 1
     336:	f0 40       	sbci	r31, 0x00	; 0
     338:	20 40       	sbci	r18, 0x00	; 0
     33a:	e1 f7       	brne	.-8      	; 0x334 <.L1^B2>
     33c:	00 c0       	rjmp	.+0      	; 0x33e <L0^A>

0000033e <L0^A>:
     33e:	00 00       	nop
     340:	60 e0       	ldi	r22, 0x00	; 0
     342:	81 e0       	ldi	r24, 0x01	; 1
     344:	0e 94 96 05 	call	0xb2c	; 0xb2c <LCD_WriteInstruction>
     348:	60 e0       	ldi	r22, 0x00	; 0
     34a:	81 e5       	ldi	r24, 0x51	; 81
     34c:	91 e0       	ldi	r25, 0x01	; 1
     34e:	0e 94 75 06 	call	0xcea	; 0xcea <LCD_WriteString>
     352:	8f ef       	ldi	r24, 0xFF	; 255
     354:	9e e9       	ldi	r25, 0x9E	; 158
     356:	e4 e2       	ldi	r30, 0x24	; 36

00000358 <.L1^B3>:
     358:	81 50       	subi	r24, 0x01	; 1
     35a:	90 40       	sbci	r25, 0x00	; 0
     35c:	e0 40       	sbci	r30, 0x00	; 0
     35e:	e1 f7       	brne	.-8      	; 0x358 <.L1^B3>
     360:	00 c0       	rjmp	.+0      	; 0x362 <L0^A>

00000362 <L0^A>:
     362:	00 00       	nop
     364:	41 e0       	ldi	r20, 0x01	; 1
     366:	64 e0       	ldi	r22, 0x04	; 4
     368:	80 e0       	ldi	r24, 0x00	; 0
     36a:	0e 94 ea 06 	call	0xdd4	; 0xdd4 <Led_on>
     36e:	41 e0       	ldi	r20, 0x01	; 1
     370:	63 e0       	ldi	r22, 0x03	; 3
     372:	80 e0       	ldi	r24, 0x00	; 0
     374:	0e 94 f2 06 	call	0xde4	; 0xde4 <Led_off>
     378:	41 e0       	ldi	r20, 0x01	; 1
     37a:	64 e0       	ldi	r22, 0x04	; 4
     37c:	80 e0       	ldi	r24, 0x00	; 0
     37e:	0e 94 f2 06 	call	0xde4	; 0xde4 <Led_off>
     382:	41 e0       	ldi	r20, 0x01	; 1
     384:	63 e0       	ldi	r22, 0x03	; 3
     386:	80 e0       	ldi	r24, 0x00	; 0
     388:	0e 94 ea 06 	call	0xdd4	; 0xdd4 <Led_on>
     38c:	60 e0       	ldi	r22, 0x00	; 0
     38e:	81 e0       	ldi	r24, 0x01	; 1
     390:	0e 94 96 05 	call	0xb2c	; 0xb2c <LCD_WriteInstruction>
     394:	10 92 7d 02 	sts	0x027D, r1	; 0x80027d <EntryFlag>

00000398 <.L3>:
     398:	0f 90       	pop	r0
     39a:	0f 90       	pop	r0
     39c:	0f 90       	pop	r0
     39e:	0f 90       	pop	r0
     3a0:	0f 90       	pop	r0
     3a2:	0f 90       	pop	r0
     3a4:	df 91       	pop	r29
     3a6:	cf 91       	pop	r28
     3a8:	1f 91       	pop	r17
     3aa:	0f 91       	pop	r16
     3ac:	08 95       	ret

000003ae <.L18>:
     3ae:	0e 94 a5 02 	call	0x54a	; 0x54a <Full_Activate>
     3b2:	10 92 7d 02 	sts	0x027D, r1	; 0x80027d <EntryFlag>
     3b6:	f0 cf       	rjmp	.-32     	; 0x398 <.L3>

000003b8 <.L19>:
     3b8:	8b 81       	ldd	r24, Y+3	; 0x03
     3ba:	83 33       	cpi	r24, 0x33	; 51
     3bc:	09 f0       	breq	.+2      	; 0x3c0 <L0^A+0x2>

000003be <L0^A>:
     3be:	98 cf       	rjmp	.-208    	; 0x2f0 <.L9>
     3c0:	8c 81       	ldd	r24, Y+4	; 0x04
     3c2:	84 33       	cpi	r24, 0x34	; 52
     3c4:	09 f0       	breq	.+2      	; 0x3c8 <L0^A+0x2>

000003c6 <L0^A>:
     3c6:	94 cf       	rjmp	.-216    	; 0x2f0 <.L9>
     3c8:	60 e0       	ldi	r22, 0x00	; 0
     3ca:	81 e0       	ldi	r24, 0x01	; 1
     3cc:	0e 94 96 05 	call	0xb2c	; 0xb2c <LCD_WriteInstruction>
     3d0:	60 e0       	ldi	r22, 0x00	; 0
     3d2:	83 e1       	ldi	r24, 0x13	; 19
     3d4:	91 e0       	ldi	r25, 0x01	; 1
     3d6:	0e 94 75 06 	call	0xcea	; 0xcea <LCD_WriteString>
     3da:	0e 94 e1 02 	call	0x5c2	; 0x5c2 <GateController_OpenEntry>
     3de:	82 e2       	ldi	r24, 0x22	; 34
     3e0:	91 e0       	ldi	r25, 0x01	; 1
     3e2:	0e 94 f1 09 	call	0x13e2	; 0x13e2 <UART_SendStringPolling>
     3e6:	0e 94 f9 03 	call	0x7f2	; 0x7f2 <SpotCounter_Increment>
     3ea:	9f ef       	ldi	r25, 0xFF	; 255
     3ec:	e3 ed       	ldi	r30, 0xD3	; 211
     3ee:	f0 e3       	ldi	r31, 0x30	; 48

000003f0 <.L1^B4>:
     3f0:	91 50       	subi	r25, 0x01	; 1
     3f2:	e0 40       	sbci	r30, 0x00	; 0
     3f4:	f0 40       	sbci	r31, 0x00	; 0
     3f6:	e1 f7       	brne	.-8      	; 0x3f0 <.L1^B4>
     3f8:	00 c0       	rjmp	.+0      	; 0x3fa <L0^A>

000003fa <L0^A>:
     3fa:	00 00       	nop
     3fc:	0e 94 eb 02 	call	0x5d6	; 0x5d6 <GateController_CloseEntry>
     400:	0e 94 14 04 	call	0x828	; 0x828 <SpotCounter_Full>
     404:	81 15       	cp	r24, r1
     406:	29 f0       	breq	.+10     	; 0x412 <.L20>
     408:	0e 94 a5 02 	call	0x54a	; 0x54a <Full_Activate>

0000040c <.L13>:
     40c:	10 92 7d 02 	sts	0x027D, r1	; 0x80027d <EntryFlag>
     410:	c3 cf       	rjmp	.-122    	; 0x398 <.L3>

00000412 <.L20>:
     412:	0e 94 bc 02 	call	0x578	; 0x578 <Full_Deactivate>
     416:	fa cf       	rjmp	.-12     	; 0x40c <.L13>

00000418 <Entry_ISR>:
     418:	81 e0       	ldi	r24, 0x01	; 1
     41a:	80 93 7d 02 	sts	0x027D, r24	; 0x80027d <EntryFlag>
     41e:	08 95       	ret

00000420 <Entry_IsDetected>:
     420:	80 91 7d 02 	lds	r24, 0x027D	; 0x80027d <EntryFlag>
     424:	08 95       	ret

00000426 <Error_Run>:
     426:	60 e0       	ldi	r22, 0x00	; 0
     428:	81 e0       	ldi	r24, 0x01	; 1
     42a:	0e 94 96 05 	call	0xb2c	; 0xb2c <LCD_WriteInstruction>
     42e:	60 e0       	ldi	r22, 0x00	; 0
     430:	84 e6       	ldi	r24, 0x64	; 100
     432:	91 e0       	ldi	r25, 0x01	; 1
     434:	0c 94 75 06 	jmp	0xcea	; 0xcea <LCD_WriteString>

00000438 <Exit_ISR>:
     438:	81 e0       	ldi	r24, 0x01	; 1
     43a:	80 93 7e 02 	sts	0x027E, r24	; 0x80027e <ExitFlag>
     43e:	08 95       	ret

00000440 <Exit_Init>:
     440:	10 92 7e 02 	sts	0x027E, r1	; 0x80027e <ExitFlag>
     444:	08 95       	ret

00000446 <Exit_Process>:
     446:	0e 94 0e 04 	call	0x81c	; 0x81c <SpotCounter_GetAvailable>
     44a:	82 30       	cpi	r24, 0x02	; 2
     44c:	81 f1       	breq	.+96     	; 0x4ae <.L10>
     44e:	0e 94 f4 02 	call	0x5e8	; 0x5e8 <GateController_OpenExit>
     452:	60 e0       	ldi	r22, 0x00	; 0
     454:	81 e0       	ldi	r24, 0x01	; 1
     456:	0e 94 96 05 	call	0xb2c	; 0xb2c <LCD_WriteInstruction>
     45a:	60 e0       	ldi	r22, 0x00	; 0
     45c:	80 e0       	ldi	r24, 0x00	; 0
     45e:	0e 94 99 06 	call	0xd32	; 0xd32 <LCD_GotoXY>
     462:	60 e0       	ldi	r22, 0x00	; 0
     464:	83 ea       	ldi	r24, 0xA3	; 163
     466:	91 e0       	ldi	r25, 0x01	; 1
     468:	0e 94 75 06 	call	0xcea	; 0xcea <LCD_WriteString>
     46c:	0e 94 03 04 	call	0x806	; 0x806 <SpotCounter_Decrement>
     470:	82 eb       	ldi	r24, 0xB2	; 178
     472:	91 e0       	ldi	r25, 0x01	; 1
     474:	0e 94 f1 09 	call	0x13e2	; 0x13e2 <UART_SendStringPolling>
     478:	2f ef       	ldi	r18, 0xFF	; 255
     47a:	83 ed       	ldi	r24, 0xD3	; 211
     47c:	90 e3       	ldi	r25, 0x30	; 48

0000047e <.L1^B1>:
     47e:	21 50       	subi	r18, 0x01	; 1
     480:	80 40       	sbci	r24, 0x00	; 0
     482:	90 40       	sbci	r25, 0x00	; 0
     484:	e1 f7       	brne	.-8      	; 0x47e <.L1^B1>
     486:	00 c0       	rjmp	.+0      	; 0x488 <L0^A>

00000488 <L0^A>:
     488:	00 00       	nop
     48a:	0e 94 fe 02 	call	0x5fc	; 0x5fc <GateController_CloseExit>
     48e:	0e 94 14 04 	call	0x828	; 0x828 <SpotCounter_Full>
     492:	81 11       	cpse	r24, r1
     494:	06 c0       	rjmp	.+12     	; 0x4a2 <.L11>
     496:	0e 94 bc 02 	call	0x578	; 0x578 <Full_Deactivate>
     49a:	60 e0       	ldi	r22, 0x00	; 0
     49c:	81 e0       	ldi	r24, 0x01	; 1
     49e:	0c 94 96 05 	jmp	0xb2c	; 0xb2c <LCD_WriteInstruction>

000004a2 <.L11>:
     4a2:	0e 94 a5 02 	call	0x54a	; 0x54a <Full_Activate>
     4a6:	60 e0       	ldi	r22, 0x00	; 0
     4a8:	81 e0       	ldi	r24, 0x01	; 1
     4aa:	0c 94 96 05 	jmp	0xb2c	; 0xb2c <LCD_WriteInstruction>

000004ae <.L10>:
     4ae:	60 e0       	ldi	r22, 0x00	; 0
     4b0:	81 e0       	ldi	r24, 0x01	; 1
     4b2:	0e 94 96 05 	call	0xb2c	; 0xb2c <LCD_WriteInstruction>
     4b6:	60 e0       	ldi	r22, 0x00	; 0
     4b8:	81 e7       	ldi	r24, 0x71	; 113
     4ba:	91 e0       	ldi	r25, 0x01	; 1
     4bc:	0e 94 75 06 	call	0xcea	; 0xcea <LCD_WriteString>
     4c0:	8f e7       	ldi	r24, 0x7F	; 127
     4c2:	91 e0       	ldi	r25, 0x01	; 1
     4c4:	0e 94 f1 09 	call	0x13e2	; 0x13e2 <UART_SendStringPolling>
     4c8:	41 e0       	ldi	r20, 0x01	; 1
     4ca:	63 e0       	ldi	r22, 0x03	; 3
     4cc:	80 e0       	ldi	r24, 0x00	; 0
     4ce:	0e 94 f2 06 	call	0xde4	; 0xde4 <Led_off>
     4d2:	41 e0       	ldi	r20, 0x01	; 1
     4d4:	64 e0       	ldi	r22, 0x04	; 4
     4d6:	80 e0       	ldi	r24, 0x00	; 0
     4d8:	0e 94 ea 06 	call	0xdd4	; 0xdd4 <Led_on>
     4dc:	2f ef       	ldi	r18, 0xFF	; 255
     4de:	8e e9       	ldi	r24, 0x9E	; 158
     4e0:	94 e2       	ldi	r25, 0x24	; 36

000004e2 <.L1^B2>:
     4e2:	21 50       	subi	r18, 0x01	; 1
     4e4:	80 40       	sbci	r24, 0x00	; 0
     4e6:	90 40       	sbci	r25, 0x00	; 0
     4e8:	e1 f7       	brne	.-8      	; 0x4e2 <.L1^B2>
     4ea:	00 c0       	rjmp	.+0      	; 0x4ec <L0^A>

000004ec <L0^A>:
     4ec:	00 00       	nop
     4ee:	60 e0       	ldi	r22, 0x00	; 0
     4f0:	81 e0       	ldi	r24, 0x01	; 1
     4f2:	0e 94 96 05 	call	0xb2c	; 0xb2c <LCD_WriteInstruction>
     4f6:	60 e0       	ldi	r22, 0x00	; 0
     4f8:	86 e9       	ldi	r24, 0x96	; 150
     4fa:	91 e0       	ldi	r25, 0x01	; 1
     4fc:	0e 94 75 06 	call	0xcea	; 0xcea <LCD_WriteString>
     500:	2f ef       	ldi	r18, 0xFF	; 255
     502:	89 e6       	ldi	r24, 0x69	; 105
     504:	98 e1       	ldi	r25, 0x18	; 24

00000506 <.L1^B3>:
     506:	21 50       	subi	r18, 0x01	; 1
     508:	80 40       	sbci	r24, 0x00	; 0
     50a:	90 40       	sbci	r25, 0x00	; 0
     50c:	e1 f7       	brne	.-8      	; 0x506 <.L1^B3>
     50e:	00 c0       	rjmp	.+0      	; 0x510 <L0^A>

00000510 <L0^A>:
     510:	00 00       	nop
     512:	08 95       	ret

00000514 <Exit_IsDetected>:
     514:	80 91 7e 02 	lds	r24, 0x027E	; 0x80027e <ExitFlag>
     518:	81 30       	cpi	r24, 0x01	; 1
     51a:	11 f0       	breq	.+4      	; 0x520 <.L15>
     51c:	80 e0       	ldi	r24, 0x00	; 0
     51e:	08 95       	ret

00000520 <.L15>:
     520:	10 92 7e 02 	sts	0x027E, r1	; 0x80027e <ExitFlag>
     524:	08 95       	ret

00000526 <Full_Init>:
     526:	63 e0       	ldi	r22, 0x03	; 3
     528:	80 e0       	ldi	r24, 0x00	; 0
     52a:	0e 94 e7 06 	call	0xdce	; 0xdce <Led_Init>
     52e:	64 e0       	ldi	r22, 0x04	; 4
     530:	80 e0       	ldi	r24, 0x00	; 0
     532:	0e 94 e7 06 	call	0xdce	; 0xdce <Led_Init>
     536:	41 e0       	ldi	r20, 0x01	; 1
     538:	63 e0       	ldi	r22, 0x03	; 3
     53a:	80 e0       	ldi	r24, 0x00	; 0
     53c:	0e 94 f2 06 	call	0xde4	; 0xde4 <Led_off>
     540:	41 e0       	ldi	r20, 0x01	; 1
     542:	64 e0       	ldi	r22, 0x04	; 4
     544:	80 e0       	ldi	r24, 0x00	; 0
     546:	0c 94 f2 06 	jmp	0xde4	; 0xde4 <Led_off>

0000054a <Full_Activate>:
     54a:	60 e0       	ldi	r22, 0x00	; 0
     54c:	81 e0       	ldi	r24, 0x01	; 1
     54e:	0e 94 96 05 	call	0xb2c	; 0xb2c <LCD_WriteInstruction>
     552:	60 e0       	ldi	r22, 0x00	; 0
     554:	83 ec       	ldi	r24, 0xC3	; 195
     556:	91 e0       	ldi	r25, 0x01	; 1
     558:	0e 94 75 06 	call	0xcea	; 0xcea <LCD_WriteString>
     55c:	41 e0       	ldi	r20, 0x01	; 1
     55e:	64 e0       	ldi	r22, 0x04	; 4
     560:	80 e0       	ldi	r24, 0x00	; 0
     562:	0e 94 ea 06 	call	0xdd4	; 0xdd4 <Led_on>
     566:	41 e0       	ldi	r20, 0x01	; 1
     568:	63 e0       	ldi	r22, 0x03	; 3
     56a:	80 e0       	ldi	r24, 0x00	; 0
     56c:	0e 94 f2 06 	call	0xde4	; 0xde4 <Led_off>
     570:	80 ed       	ldi	r24, 0xD0	; 208
     572:	91 e0       	ldi	r25, 0x01	; 1
     574:	0c 94 f1 09 	jmp	0x13e2	; 0x13e2 <UART_SendStringPolling>

00000578 <Full_Deactivate>:
     578:	60 e0       	ldi	r22, 0x00	; 0
     57a:	81 e0       	ldi	r24, 0x01	; 1
     57c:	0e 94 96 05 	call	0xb2c	; 0xb2c <LCD_WriteInstruction>
     580:	60 e0       	ldi	r22, 0x00	; 0
     582:	8e ed       	ldi	r24, 0xDE	; 222
     584:	91 e0       	ldi	r25, 0x01	; 1
     586:	0e 94 75 06 	call	0xcea	; 0xcea <LCD_WriteString>
     58a:	41 e0       	ldi	r20, 0x01	; 1
     58c:	63 e0       	ldi	r22, 0x03	; 3
     58e:	80 e0       	ldi	r24, 0x00	; 0
     590:	0e 94 ea 06 	call	0xdd4	; 0xdd4 <Led_on>
     594:	41 e0       	ldi	r20, 0x01	; 1
     596:	64 e0       	ldi	r22, 0x04	; 4
     598:	80 e0       	ldi	r24, 0x00	; 0
     59a:	0e 94 f2 06 	call	0xde4	; 0xde4 <Led_off>
     59e:	80 ef       	ldi	r24, 0xF0	; 240
     5a0:	91 e0       	ldi	r25, 0x01	; 1
     5a2:	0c 94 f1 09 	jmp	0x13e2	; 0x13e2 <UART_SendStringPolling>

000005a6 <Full_IsActive>:
     5a6:	0e 94 0e 04 	call	0x81c	; 0x81c <SpotCounter_GetAvailable>
     5aa:	98 2f       	mov	r25, r24
     5ac:	81 e0       	ldi	r24, 0x01	; 1
     5ae:	91 11       	cpse	r25, r1
     5b0:	80 e0       	ldi	r24, 0x00	; 0
     5b2:	08 95       	ret

000005b4 <GateController_Init>:
     5b4:	0e 94 1c 04 	call	0x838	; 0x838 <DCM_Init>
     5b8:	0e 94 4d 04 	call	0x89a	; 0x89a <DCM_CloseGate>
     5bc:	10 92 7f 02 	sts	0x027F, r1	; 0x80027f <GateState>
     5c0:	08 95       	ret

000005c2 <GateController_OpenEntry>:
     5c2:	0e 94 30 04 	call	0x860	; 0x860 <DCM_OpenGate>
     5c6:	83 e0       	ldi	r24, 0x03	; 3
     5c8:	92 e0       	ldi	r25, 0x02	; 2
     5ca:	0e 94 f1 09 	call	0x13e2	; 0x13e2 <UART_SendStringPolling>
     5ce:	81 e0       	ldi	r24, 0x01	; 1
     5d0:	80 93 7f 02 	sts	0x027F, r24	; 0x80027f <GateState>
     5d4:	08 95       	ret

000005d6 <GateController_CloseEntry>:
     5d6:	0e 94 4d 04 	call	0x89a	; 0x89a <DCM_CloseGate>
     5da:	86 e1       	ldi	r24, 0x16	; 22
     5dc:	92 e0       	ldi	r25, 0x02	; 2
     5de:	0e 94 f1 09 	call	0x13e2	; 0x13e2 <UART_SendStringPolling>
     5e2:	10 92 7f 02 	sts	0x027F, r1	; 0x80027f <GateState>
     5e6:	08 95       	ret

000005e8 <GateController_OpenExit>:
     5e8:	0e 94 30 04 	call	0x860	; 0x860 <DCM_OpenGate>
     5ec:	89 e2       	ldi	r24, 0x29	; 41
     5ee:	92 e0       	ldi	r25, 0x02	; 2
     5f0:	0e 94 f1 09 	call	0x13e2	; 0x13e2 <UART_SendStringPolling>
     5f4:	81 e0       	ldi	r24, 0x01	; 1
     5f6:	80 93 7f 02 	sts	0x027F, r24	; 0x80027f <GateState>
     5fa:	08 95       	ret

000005fc <GateController_CloseExit>:
     5fc:	0e 94 4d 04 	call	0x89a	; 0x89a <DCM_CloseGate>
     600:	8b e3       	ldi	r24, 0x3B	; 59
     602:	92 e0       	ldi	r25, 0x02	; 2
     604:	0e 94 f1 09 	call	0x13e2	; 0x13e2 <UART_SendStringPolling>
     608:	10 92 7f 02 	sts	0x027F, r1	; 0x80027f <GateState>
     60c:	08 95       	ret

0000060e <GateController_GetState>:
     60e:	80 91 7f 02 	lds	r24, 0x027F	; 0x80027f <GateState>
     612:	08 95       	ret

00000614 <Idle_Init>:
     614:	0c 94 bc 02 	jmp	0x578	; 0x578 <Full_Deactivate>

00000618 <Idle_Run>:
     618:	cf 93       	push	r28
     61a:	0e 94 0e 04 	call	0x81c	; 0x81c <SpotCounter_GetAvailable>
     61e:	c8 2f       	mov	r28, r24
     620:	80 91 60 00 	lds	r24, 0x0060	; 0x800060 <prev_available.0>
     624:	8c 17       	cp	r24, r28
     626:	91 f0       	breq	.+36     	; 0x64c <.L3>
     628:	60 e0       	ldi	r22, 0x00	; 0
     62a:	81 e0       	ldi	r24, 0x01	; 1
     62c:	0e 94 96 05 	call	0xb2c	; 0xb2c <LCD_WriteInstruction>
     630:	60 e0       	ldi	r22, 0x00	; 0
     632:	80 ef       	ldi	r24, 0xF0	; 240
     634:	90 e0       	ldi	r25, 0x00	; 0
     636:	0e 94 75 06 	call	0xcea	; 0xcea <LCD_WriteString>
     63a:	6c 2f       	mov	r22, r28
     63c:	70 e0       	ldi	r23, 0x00	; 0
     63e:	80 e0       	ldi	r24, 0x00	; 0
     640:	90 e0       	ldi	r25, 0x00	; 0
     642:	40 e0       	ldi	r20, 0x00	; 0
     644:	0e 94 ab 06 	call	0xd56	; 0xd56 <LCD_WriteNumber>
     648:	c0 93 60 00 	sts	0x0060, r28	; 0x800060 <prev_available.0>

0000064c <.L3>:
     64c:	cf 91       	pop	r28
     64e:	08 95       	ret

00000650 <App_Init>:
     650:	ef 92       	push	r14
     652:	ff 92       	push	r15
     654:	0f 93       	push	r16
     656:	1f 93       	push	r17
     658:	cf 93       	push	r28
     65a:	df 93       	push	r29
     65c:	cd b7       	in	r28, 0x3d	; 61
     65e:	de b7       	in	r29, 0x3e	; 62
     660:	2b 97       	sbiw	r28, 0x0b	; 11
     662:	0f b6       	in	r0, 0x3f	; 63
     664:	f8 94       	cli
     666:	de bf       	out	0x3e, r29	; 62
     668:	0f be       	out	0x3f, r0	; 63
     66a:	cd bf       	out	0x3d, r28	; 61
     66c:	40 e0       	ldi	r20, 0x00	; 0
     66e:	62 e0       	ldi	r22, 0x02	; 2
     670:	83 e0       	ldi	r24, 0x03	; 3
     672:	0e 94 fd 06 	call	0xdfa	; 0xdfa <DIO_InitPin>
     676:	40 e0       	ldi	r20, 0x00	; 0
     678:	63 e0       	ldi	r22, 0x03	; 3
     67a:	83 e0       	ldi	r24, 0x03	; 3
     67c:	0e 94 fd 06 	call	0xdfa	; 0xdfa <DIO_InitPin>
     680:	41 e0       	ldi	r20, 0x01	; 1
     682:	62 e0       	ldi	r22, 0x02	; 2
     684:	83 e0       	ldi	r24, 0x03	; 3
     686:	0e 94 4b 07 	call	0xe96	; 0xe96 <DIO_WritePin>
     68a:	41 e0       	ldi	r20, 0x01	; 1
     68c:	63 e0       	ldi	r22, 0x03	; 3
     68e:	83 e0       	ldi	r24, 0x03	; 3
     690:	0e 94 4b 07 	call	0xe96	; 0xe96 <DIO_WritePin>
     694:	66 e0       	ldi	r22, 0x06	; 6
     696:	86 e0       	ldi	r24, 0x06	; 6
     698:	0e 94 fe 07 	call	0xffc	; 0xffc <EXTI_Init>
     69c:	66 e0       	ldi	r22, 0x06	; 6
     69e:	87 e0       	ldi	r24, 0x07	; 7
     6a0:	0e 94 fe 07 	call	0xffc	; 0xffc <EXTI_Init>
     6a4:	6c e0       	ldi	r22, 0x0C	; 12
     6a6:	72 e0       	ldi	r23, 0x02	; 2
     6a8:	80 e0       	ldi	r24, 0x00	; 0
     6aa:	0e 94 81 08 	call	0x1102	; 0x1102 <EXTI_CallBack>
     6ae:	6c e1       	ldi	r22, 0x1C	; 28
     6b0:	72 e0       	ldi	r23, 0x02	; 2
     6b2:	81 e0       	ldi	r24, 0x01	; 1
     6b4:	0e 94 81 08 	call	0x1102	; 0x1102 <EXTI_CallBack>
     6b8:	86 e0       	ldi	r24, 0x06	; 6
     6ba:	0e 94 5b 08 	call	0x10b6	; 0x10b6 <EXTI_Enable>
     6be:	87 e0       	ldi	r24, 0x07	; 7
     6c0:	0e 94 5b 08 	call	0x10b6	; 0x10b6 <EXTI_Enable>
     6c4:	0e 94 0a 09 	call	0x1214	; 0x1214 <GIE_Enable>
     6c8:	8b e0       	ldi	r24, 0x0B	; 11
     6ca:	e1 e6       	ldi	r30, 0x61	; 97
     6cc:	f0 e0       	ldi	r31, 0x00	; 0
     6ce:	de 01       	movw	r26, r28
     6d0:	11 96       	adiw	r26, 0x01	; 1

000006d2 <.L0^B1>:
     6d2:	01 90       	ld	r0, Z+
     6d4:	0d 92       	st	X+, r0
     6d6:	8a 95       	dec	r24
     6d8:	e1 f7       	brne	.-8      	; 0x6d2 <.L0^B1>
     6da:	e9 80       	ldd	r14, Y+1	; 0x01
     6dc:	fa 80       	ldd	r15, Y+2	; 0x02
     6de:	0b 81       	ldd	r16, Y+3	; 0x03
     6e0:	1c 81       	ldd	r17, Y+4	; 0x04
     6e2:	2d 81       	ldd	r18, Y+5	; 0x05
     6e4:	3e 81       	ldd	r19, Y+6	; 0x06
     6e6:	4f 81       	ldd	r20, Y+7	; 0x07
     6e8:	58 85       	ldd	r21, Y+8	; 0x08
     6ea:	69 85       	ldd	r22, Y+9	; 0x09
     6ec:	7a 85       	ldd	r23, Y+10	; 0x0a
     6ee:	8b 85       	ldd	r24, Y+11	; 0x0b
     6f0:	0e 94 12 09 	call	0x1224	; 0x1224 <UART_Init>
     6f4:	0e 94 74 04 	call	0x8e8	; 0x8e8 <KeyPad_Init>
     6f8:	80 e0       	ldi	r24, 0x00	; 0
     6fa:	0e 94 e6 05 	call	0xbcc	; 0xbcc <LCD_Init>
     6fe:	63 e0       	ldi	r22, 0x03	; 3
     700:	80 e0       	ldi	r24, 0x00	; 0
     702:	0e 94 e7 06 	call	0xdce	; 0xdce <Led_Init>
     706:	64 e0       	ldi	r22, 0x04	; 4
     708:	80 e0       	ldi	r24, 0x00	; 0
     70a:	0e 94 e7 06 	call	0xdce	; 0xdce <Led_Init>
     70e:	82 e0       	ldi	r24, 0x02	; 2
     710:	0e 94 e1 03 	call	0x7c2	; 0x7c2 <ParkingManager_Init>
     714:	0e 94 18 01 	call	0x230	; 0x230 <Entry_Init>
     718:	0e 94 20 02 	call	0x440	; 0x440 <Exit_Init>
     71c:	0e 94 da 02 	call	0x5b4	; 0x5b4 <GateController_Init>
     720:	0e 94 93 02 	call	0x526	; 0x526 <Full_Init>
     724:	0e 94 49 00 	call	0x92	; 0x92 <Admin_Init>
     728:	0e 94 0a 03 	call	0x614	; 0x614 <Idle_Init>
     72c:	60 e0       	ldi	r22, 0x00	; 0
     72e:	81 e0       	ldi	r24, 0x01	; 1
     730:	0e 94 96 05 	call	0xb2c	; 0xb2c <LCD_WriteInstruction>
     734:	60 e0       	ldi	r22, 0x00	; 0
     736:	80 e0       	ldi	r24, 0x00	; 0
     738:	0e 94 99 06 	call	0xd32	; 0xd32 <LCD_GotoXY>
     73c:	60 e0       	ldi	r22, 0x00	; 0
     73e:	8d e4       	ldi	r24, 0x4D	; 77
     740:	92 e0       	ldi	r25, 0x02	; 2
     742:	0e 94 75 06 	call	0xcea	; 0xcea <LCD_WriteString>
     746:	60 e0       	ldi	r22, 0x00	; 0
     748:	81 e0       	ldi	r24, 0x01	; 1
     74a:	0e 94 99 06 	call	0xd32	; 0xd32 <LCD_GotoXY>
     74e:	60 e0       	ldi	r22, 0x00	; 0
     750:	85 e5       	ldi	r24, 0x55	; 85
     752:	92 e0       	ldi	r25, 0x02	; 2
     754:	0e 94 75 06 	call	0xcea	; 0xcea <LCD_WriteString>
     758:	2f ef       	ldi	r18, 0xFF	; 255
     75a:	8e e9       	ldi	r24, 0x9E	; 158
     75c:	94 e2       	ldi	r25, 0x24	; 36

0000075e <.L1^B1>:
     75e:	21 50       	subi	r18, 0x01	; 1
     760:	80 40       	sbci	r24, 0x00	; 0
     762:	90 40       	sbci	r25, 0x00	; 0
     764:	e1 f7       	brne	.-8      	; 0x75e <.L1^B1>
     766:	00 c0       	rjmp	.+0      	; 0x768 <L0^A>

00000768 <L0^A>:
     768:	00 00       	nop
     76a:	60 e0       	ldi	r22, 0x00	; 0
     76c:	81 e0       	ldi	r24, 0x01	; 1
     76e:	0e 94 96 05 	call	0xb2c	; 0xb2c <LCD_WriteInstruction>
     772:	60 e0       	ldi	r22, 0x00	; 0
     774:	80 e0       	ldi	r24, 0x00	; 0
     776:	0e 94 99 06 	call	0xd32	; 0xd32 <LCD_GotoXY>
     77a:	60 e0       	ldi	r22, 0x00	; 0
     77c:	8c e5       	ldi	r24, 0x5C	; 92
     77e:	92 e0       	ldi	r25, 0x02	; 2
     780:	0e 94 75 06 	call	0xcea	; 0xcea <LCD_WriteString>
     784:	60 e0       	ldi	r22, 0x00	; 0
     786:	81 e0       	ldi	r24, 0x01	; 1
     788:	0e 94 99 06 	call	0xd32	; 0xd32 <LCD_GotoXY>
     78c:	60 e0       	ldi	r22, 0x00	; 0
     78e:	87 e6       	ldi	r24, 0x67	; 103
     790:	92 e0       	ldi	r25, 0x02	; 2
     792:	0e 94 75 06 	call	0xcea	; 0xcea <LCD_WriteString>
     796:	2f ef       	ldi	r18, 0xFF	; 255
     798:	83 ed       	ldi	r24, 0xD3	; 211
     79a:	90 e3       	ldi	r25, 0x30	; 48

0000079c <.L1^B2>:
     79c:	21 50       	subi	r18, 0x01	; 1
     79e:	80 40       	sbci	r24, 0x00	; 0
     7a0:	90 40       	sbci	r25, 0x00	; 0
     7a2:	e1 f7       	brne	.-8      	; 0x79c <.L1^B2>
     7a4:	00 c0       	rjmp	.+0      	; 0x7a6 <L0^A>

000007a6 <L0^A>:
     7a6:	00 00       	nop
     7a8:	2b 96       	adiw	r28, 0x0b	; 11
     7aa:	0f b6       	in	r0, 0x3f	; 63
     7ac:	f8 94       	cli
     7ae:	de bf       	out	0x3e, r29	; 62
     7b0:	0f be       	out	0x3f, r0	; 63
     7b2:	cd bf       	out	0x3d, r28	; 61
     7b4:	df 91       	pop	r29
     7b6:	cf 91       	pop	r28
     7b8:	1f 91       	pop	r17
     7ba:	0f 91       	pop	r16
     7bc:	ff 90       	pop	r15
     7be:	ef 90       	pop	r14
     7c0:	08 95       	ret

000007c2 <ParkingManager_Init>:
     7c2:	0c 94 f4 03 	jmp	0x7e8	; 0x7e8 <SpotCounter_Init>

000007c6 <ParkingManager_Run>:
     7c6:	0e 94 10 02 	call	0x420	; 0x420 <Entry_IsDetected>
     7ca:	81 11       	cpse	r24, r1
     7cc:	05 c0       	rjmp	.+10     	; 0x7d8 <.L9>
     7ce:	0e 94 8a 02 	call	0x514	; 0x514 <Exit_IsDetected>
     7d2:	81 11       	cpse	r24, r1
     7d4:	07 c0       	rjmp	.+14     	; 0x7e4 <.L10>

000007d6 <.L3>:
     7d6:	08 95       	ret

000007d8 <.L9>:
     7d8:	0e 94 1b 01 	call	0x236	; 0x236 <Entry_Process>
     7dc:	0e 94 8a 02 	call	0x514	; 0x514 <Exit_IsDetected>
     7e0:	81 15       	cp	r24, r1
     7e2:	c9 f3       	breq	.-14     	; 0x7d6 <.L3>

000007e4 <.L10>:
     7e4:	0c 94 23 02 	jmp	0x446	; 0x446 <Exit_Process>

000007e8 <SpotCounter_Init>:
     7e8:	80 93 81 02 	sts	0x0281, r24	; 0x800281 <TotalSpots>
     7ec:	10 92 80 02 	sts	0x0280, r1	; 0x800280 <OccupiedSpots>
     7f0:	08 95       	ret

000007f2 <SpotCounter_Increment>:
     7f2:	80 91 80 02 	lds	r24, 0x0280	; 0x800280 <OccupiedSpots>
     7f6:	90 91 81 02 	lds	r25, 0x0281	; 0x800281 <TotalSpots>
     7fa:	89 17       	cp	r24, r25
     7fc:	18 f4       	brcc	.+6      	; 0x804 <.L3>
     7fe:	8f 5f       	subi	r24, 0xFF	; 255
     800:	80 93 80 02 	sts	0x0280, r24	; 0x800280 <OccupiedSpots>

00000804 <.L3>:
     804:	08 95       	ret

00000806 <SpotCounter_Decrement>:
     806:	80 91 80 02 	lds	r24, 0x0280	; 0x800280 <OccupiedSpots>
     80a:	81 15       	cp	r24, r1
     80c:	19 f0       	breq	.+6      	; 0x814 <.L5>
     80e:	81 50       	subi	r24, 0x01	; 1
     810:	80 93 80 02 	sts	0x0280, r24	; 0x800280 <OccupiedSpots>

00000814 <.L5>:
     814:	08 95       	ret

00000816 <SpotCounter_GetOccupied>:
     816:	80 91 80 02 	lds	r24, 0x0280	; 0x800280 <OccupiedSpots>
     81a:	08 95       	ret

0000081c <SpotCounter_GetAvailable>:
     81c:	80 91 81 02 	lds	r24, 0x0281	; 0x800281 <TotalSpots>
     820:	90 91 80 02 	lds	r25, 0x0280	; 0x800280 <OccupiedSpots>
     824:	89 1b       	sub	r24, r25
     826:	08 95       	ret

00000828 <SpotCounter_Full>:
     828:	81 e0       	ldi	r24, 0x01	; 1
     82a:	20 91 80 02 	lds	r18, 0x0280	; 0x800280 <OccupiedSpots>
     82e:	90 91 81 02 	lds	r25, 0x0281	; 0x800281 <TotalSpots>
     832:	29 13       	cpse	r18, r25
     834:	80 e0       	ldi	r24, 0x00	; 0
     836:	08 95       	ret

00000838 <DCM_Init>:
     838:	41 e0       	ldi	r20, 0x01	; 1
     83a:	65 e0       	ldi	r22, 0x05	; 5
     83c:	83 e0       	ldi	r24, 0x03	; 3
     83e:	0e 94 fd 06 	call	0xdfa	; 0xdfa <DIO_InitPin>
     842:	41 e0       	ldi	r20, 0x01	; 1
     844:	66 e0       	ldi	r22, 0x06	; 6
     846:	83 e0       	ldi	r24, 0x03	; 3
     848:	0e 94 fd 06 	call	0xdfa	; 0xdfa <DIO_InitPin>
     84c:	40 e0       	ldi	r20, 0x00	; 0
     84e:	65 e0       	ldi	r22, 0x05	; 5
     850:	83 e0       	ldi	r24, 0x03	; 3
     852:	0e 94 4b 07 	call	0xe96	; 0xe96 <DIO_WritePin>
     856:	40 e0       	ldi	r20, 0x00	; 0
     858:	66 e0       	ldi	r22, 0x06	; 6
     85a:	83 e0       	ldi	r24, 0x03	; 3
     85c:	0c 94 4b 07 	jmp	0xe96	; 0xe96 <DIO_WritePin>

00000860 <DCM_OpenGate>:
     860:	41 e0       	ldi	r20, 0x01	; 1
     862:	65 e0       	ldi	r22, 0x05	; 5
     864:	83 e0       	ldi	r24, 0x03	; 3
     866:	0e 94 4b 07 	call	0xe96	; 0xe96 <DIO_WritePin>
     86a:	40 e0       	ldi	r20, 0x00	; 0
     86c:	66 e0       	ldi	r22, 0x06	; 6
     86e:	83 e0       	ldi	r24, 0x03	; 3
     870:	0e 94 4b 07 	call	0xe96	; 0xe96 <DIO_WritePin>
     874:	2f ef       	ldi	r18, 0xFF	; 255
     876:	82 e5       	ldi	r24, 0x52	; 82
     878:	97 e0       	ldi	r25, 0x07	; 7

0000087a <.L1^B1>:
     87a:	21 50       	subi	r18, 0x01	; 1
     87c:	80 40       	sbci	r24, 0x00	; 0
     87e:	90 40       	sbci	r25, 0x00	; 0
     880:	e1 f7       	brne	.-8      	; 0x87a <.L1^B1>
     882:	00 c0       	rjmp	.+0      	; 0x884 <L0^A>

00000884 <L0^A>:
     884:	00 00       	nop
     886:	40 e0       	ldi	r20, 0x00	; 0
     888:	65 e0       	ldi	r22, 0x05	; 5
     88a:	83 e0       	ldi	r24, 0x03	; 3
     88c:	0e 94 4b 07 	call	0xe96	; 0xe96 <DIO_WritePin>
     890:	40 e0       	ldi	r20, 0x00	; 0
     892:	66 e0       	ldi	r22, 0x06	; 6
     894:	83 e0       	ldi	r24, 0x03	; 3
     896:	0c 94 4b 07 	jmp	0xe96	; 0xe96 <DIO_WritePin>

0000089a <DCM_CloseGate>:
     89a:	40 e0       	ldi	r20, 0x00	; 0
     89c:	65 e0       	ldi	r22, 0x05	; 5
     89e:	83 e0       	ldi	r24, 0x03	; 3
     8a0:	0e 94 4b 07 	call	0xe96	; 0xe96 <DIO_WritePin>
     8a4:	41 e0       	ldi	r20, 0x01	; 1
     8a6:	66 e0       	ldi	r22, 0x06	; 6
     8a8:	83 e0       	ldi	r24, 0x03	; 3
     8aa:	0e 94 4b 07 	call	0xe96	; 0xe96 <DIO_WritePin>
     8ae:	2f ef       	ldi	r18, 0xFF	; 255
     8b0:	82 e5       	ldi	r24, 0x52	; 82
     8b2:	97 e0       	ldi	r25, 0x07	; 7

000008b4 <.L1^B2>:
     8b4:	21 50       	subi	r18, 0x01	; 1
     8b6:	80 40       	sbci	r24, 0x00	; 0
     8b8:	90 40       	sbci	r25, 0x00	; 0
     8ba:	e1 f7       	brne	.-8      	; 0x8b4 <.L1^B2>
     8bc:	00 c0       	rjmp	.+0      	; 0x8be <L0^A>

000008be <L0^A>:
     8be:	00 00       	nop
     8c0:	40 e0       	ldi	r20, 0x00	; 0
     8c2:	65 e0       	ldi	r22, 0x05	; 5
     8c4:	83 e0       	ldi	r24, 0x03	; 3
     8c6:	0e 94 4b 07 	call	0xe96	; 0xe96 <DIO_WritePin>
     8ca:	40 e0       	ldi	r20, 0x00	; 0
     8cc:	66 e0       	ldi	r22, 0x06	; 6
     8ce:	83 e0       	ldi	r24, 0x03	; 3
     8d0:	0c 94 4b 07 	jmp	0xe96	; 0xe96 <DIO_WritePin>

000008d4 <DCM_Stop>:
     8d4:	40 e0       	ldi	r20, 0x00	; 0
     8d6:	65 e0       	ldi	r22, 0x05	; 5
     8d8:	83 e0       	ldi	r24, 0x03	; 3
     8da:	0e 94 4b 07 	call	0xe96	; 0xe96 <DIO_WritePin>
     8de:	40 e0       	ldi	r20, 0x00	; 0
     8e0:	66 e0       	ldi	r22, 0x06	; 6
     8e2:	83 e0       	ldi	r24, 0x03	; 3
     8e4:	0c 94 4b 07 	jmp	0xe96	; 0xe96 <DIO_WritePin>

000008e8 <KeyPad_Init>:
     8e8:	ef 92       	push	r14
     8ea:	ff 92       	push	r15
     8ec:	0f 93       	push	r16
     8ee:	1f 93       	push	r17
     8f0:	cf 93       	push	r28
     8f2:	df 93       	push	r29
     8f4:	c4 e8       	ldi	r28, 0x84	; 132
     8f6:	d0 e0       	ldi	r29, 0x00	; 0
     8f8:	98 e8       	ldi	r25, 0x88	; 136
     8fa:	e9 2e       	mov	r14, r25
     8fc:	90 e0       	ldi	r25, 0x00	; 0
     8fe:	f9 2e       	mov	r15, r25

00000900 <.L2>:
     900:	09 91       	ld	r16, Y+
     902:	f7 01       	movw	r30, r14
     904:	11 91       	ld	r17, Z+
     906:	7f 01       	movw	r14, r30
     908:	40 e0       	ldi	r20, 0x00	; 0
     90a:	60 2f       	mov	r22, r16
     90c:	81 2f       	mov	r24, r17
     90e:	0e 94 fd 06 	call	0xdfa	; 0xdfa <DIO_InitPin>
     912:	41 e0       	ldi	r20, 0x01	; 1
     914:	60 2f       	mov	r22, r16
     916:	81 2f       	mov	r24, r17
     918:	0e 94 4b 07 	call	0xe96	; 0xe96 <DIO_WritePin>
     91c:	f0 e0       	ldi	r31, 0x00	; 0
     91e:	c8 38       	cpi	r28, 0x88	; 136
     920:	df 07       	cpc	r29, r31
     922:	71 f7       	brne	.-36     	; 0x900 <.L2>
     924:	cc e7       	ldi	r28, 0x7C	; 124
     926:	d0 e0       	ldi	r29, 0x00	; 0
     928:	80 e8       	ldi	r24, 0x80	; 128
     92a:	e8 2e       	mov	r14, r24
     92c:	80 e0       	ldi	r24, 0x00	; 0
     92e:	f8 2e       	mov	r15, r24

00000930 <.L3>:
     930:	09 91       	ld	r16, Y+
     932:	f7 01       	movw	r30, r14
     934:	11 91       	ld	r17, Z+
     936:	7f 01       	movw	r14, r30
     938:	41 e0       	ldi	r20, 0x01	; 1
     93a:	60 2f       	mov	r22, r16
     93c:	81 2f       	mov	r24, r17
     93e:	0e 94 fd 06 	call	0xdfa	; 0xdfa <DIO_InitPin>
     942:	41 e0       	ldi	r20, 0x01	; 1
     944:	60 2f       	mov	r22, r16
     946:	81 2f       	mov	r24, r17
     948:	0e 94 4b 07 	call	0xe96	; 0xe96 <DIO_WritePin>
     94c:	f0 e0       	ldi	r31, 0x00	; 0
     94e:	c0 38       	cpi	r28, 0x80	; 128
     950:	df 07       	cpc	r29, r31
     952:	71 f7       	brne	.-36     	; 0x930 <.L3>
     954:	df 91       	pop	r29
     956:	cf 91       	pop	r28
     958:	1f 91       	pop	r17
     95a:	0f 91       	pop	r16
     95c:	ff 90       	pop	r15
     95e:	ef 90       	pop	r14
     960:	08 95       	ret

00000962 <KeyPad_Getpressedkey>:
     962:	2f 92       	push	r2
     964:	3f 92       	push	r3
     966:	4f 92       	push	r4
     968:	5f 92       	push	r5
     96a:	6f 92       	push	r6
     96c:	7f 92       	push	r7
     96e:	8f 92       	push	r8
     970:	9f 92       	push	r9
     972:	af 92       	push	r10
     974:	bf 92       	push	r11
     976:	cf 92       	push	r12
     978:	df 92       	push	r13
     97a:	ef 92       	push	r14
     97c:	ff 92       	push	r15
     97e:	0f 93       	push	r16
     980:	1f 93       	push	r17
     982:	cf 93       	push	r28
     984:	df 93       	push	r29
     986:	0f 92       	push	r0
     988:	cd b7       	in	r28, 0x3d	; 61
     98a:	de b7       	in	r29, 0x3e	; 62
     98c:	19 82       	std	Y+1, r1	; 0x01
     98e:	5c e7       	ldi	r21, 0x7C	; 124
     990:	85 2e       	mov	r8, r21
     992:	50 e0       	ldi	r21, 0x00	; 0
     994:	95 2e       	mov	r9, r21
     996:	60 e8       	ldi	r22, 0x80	; 128
     998:	66 2e       	mov	r6, r22
     99a:	60 e0       	ldi	r22, 0x00	; 0
     99c:	76 2e       	mov	r7, r22
     99e:	a1 2c       	mov	r10, r1
     9a0:	b1 2c       	mov	r11, r1

000009a2 <.L12>:
     9a2:	f4 01       	movw	r30, r8
     9a4:	20 80       	ld	r2, Z
     9a6:	f3 01       	movw	r30, r6
     9a8:	30 80       	ld	r3, Z
     9aa:	40 e0       	ldi	r20, 0x00	; 0
     9ac:	62 2d       	mov	r22, r2
     9ae:	83 2d       	mov	r24, r3
     9b0:	0e 94 4b 07 	call	0xe96	; 0xe96 <DIO_WritePin>
     9b4:	34 e8       	ldi	r19, 0x84	; 132
     9b6:	c3 2e       	mov	r12, r19
     9b8:	30 e0       	ldi	r19, 0x00	; 0
     9ba:	d3 2e       	mov	r13, r19
     9bc:	48 e8       	ldi	r20, 0x88	; 136
     9be:	e4 2e       	mov	r14, r20
     9c0:	40 e0       	ldi	r20, 0x00	; 0
     9c2:	f4 2e       	mov	r15, r20
     9c4:	00 e0       	ldi	r16, 0x00	; 0
     9c6:	10 e0       	ldi	r17, 0x00	; 0

000009c8 <.L11>:
     9c8:	f6 01       	movw	r30, r12
     9ca:	50 80       	ld	r5, Z
     9cc:	f7 01       	movw	r30, r14
     9ce:	40 80       	ld	r4, Z
     9d0:	ae 01       	movw	r20, r28
     9d2:	4f 5f       	subi	r20, 0xFF	; 255
     9d4:	5f 4f       	sbci	r21, 0xFF	; 255
     9d6:	65 2d       	mov	r22, r5
     9d8:	84 2d       	mov	r24, r4
     9da:	0e 94 99 07 	call	0xf32	; 0xf32 <DIO_ReadPin>
     9de:	89 81       	ldd	r24, Y+1	; 0x01
     9e0:	81 15       	cp	r24, r1
     9e2:	99 f1       	breq	.+102    	; 0xa4a <.L17>
     9e4:	9f ef       	ldi	r25, 0xFF	; 255
     9e6:	c9 1a       	sub	r12, r25
     9e8:	d9 0a       	sbc	r13, r25
     9ea:	ef ef       	ldi	r30, 0xFF	; 255
     9ec:	ee 1a       	sub	r14, r30
     9ee:	fe 0a       	sbc	r15, r30
     9f0:	0f 5f       	subi	r16, 0xFF	; 255
     9f2:	1f 4f       	sbci	r17, 0xFF	; 255
     9f4:	04 30       	cpi	r16, 0x04	; 4
     9f6:	11 05       	cpc	r17, r1
     9f8:	39 f7       	brne	.-50     	; 0x9c8 <.L11>
     9fa:	ff ef       	ldi	r31, 0xFF	; 255
     9fc:	8f 1a       	sub	r8, r31
     9fe:	9f 0a       	sbc	r9, r31
     a00:	8f ef       	ldi	r24, 0xFF	; 255
     a02:	68 1a       	sub	r6, r24
     a04:	78 0a       	sbc	r7, r24
     a06:	41 e0       	ldi	r20, 0x01	; 1
     a08:	62 2d       	mov	r22, r2
     a0a:	83 2d       	mov	r24, r3
     a0c:	0e 94 4b 07 	call	0xe96	; 0xe96 <DIO_WritePin>
     a10:	9f ef       	ldi	r25, 0xFF	; 255
     a12:	a9 1a       	sub	r10, r25
     a14:	b9 0a       	sbc	r11, r25
     a16:	e4 e0       	ldi	r30, 0x04	; 4
     a18:	ae 16       	cp	r10, r30
     a1a:	b1 04       	cpc	r11, r1
     a1c:	11 f6       	brne	.-124    	; 0x9a2 <.L12>
     a1e:	1f ef       	ldi	r17, 0xFF	; 255

00000a20 <.L7>:
     a20:	81 2f       	mov	r24, r17
     a22:	0f 90       	pop	r0
     a24:	df 91       	pop	r29
     a26:	cf 91       	pop	r28
     a28:	1f 91       	pop	r17
     a2a:	0f 91       	pop	r16
     a2c:	ff 90       	pop	r15
     a2e:	ef 90       	pop	r14
     a30:	df 90       	pop	r13
     a32:	cf 90       	pop	r12
     a34:	bf 90       	pop	r11
     a36:	af 90       	pop	r10
     a38:	9f 90       	pop	r9
     a3a:	8f 90       	pop	r8
     a3c:	7f 90       	pop	r7
     a3e:	6f 90       	pop	r6
     a40:	5f 90       	pop	r5
     a42:	4f 90       	pop	r4
     a44:	3f 90       	pop	r3
     a46:	2f 90       	pop	r2
     a48:	08 95       	ret

00000a4a <.L17>:
     a4a:	c5 01       	movw	r24, r10
     a4c:	88 0f       	add	r24, r24
     a4e:	99 1f       	adc	r25, r25
     a50:	88 0f       	add	r24, r24
     a52:	99 1f       	adc	r25, r25
     a54:	84 59       	subi	r24, 0x94	; 148
     a56:	9f 4f       	sbci	r25, 0xFF	; 255
     a58:	fc 01       	movw	r30, r24
     a5a:	e0 0f       	add	r30, r16
     a5c:	f1 1f       	adc	r31, r17
     a5e:	10 81       	ld	r17, Z

00000a60 <.L9>:
     a60:	ae 01       	movw	r20, r28
     a62:	4f 5f       	subi	r20, 0xFF	; 255
     a64:	5f 4f       	sbci	r21, 0xFF	; 255
     a66:	65 2d       	mov	r22, r5
     a68:	84 2d       	mov	r24, r4
     a6a:	0e 94 99 07 	call	0xf32	; 0xf32 <DIO_ReadPin>
     a6e:	89 81       	ldd	r24, Y+1	; 0x01
     a70:	81 15       	cp	r24, r1
     a72:	b1 f3       	breq	.-20     	; 0xa60 <.L9>
     a74:	8f e3       	ldi	r24, 0x3F	; 63
     a76:	9c e9       	ldi	r25, 0x9C	; 156

00000a78 <.L1^B1>:
     a78:	01 97       	sbiw	r24, 0x01	; 1
     a7a:	f1 f7       	brne	.-4      	; 0xa78 <.L1^B1>
     a7c:	00 c0       	rjmp	.+0      	; 0xa7e <L0^A>

00000a7e <L0^A>:
     a7e:	00 00       	nop
     a80:	41 e0       	ldi	r20, 0x01	; 1
     a82:	62 2d       	mov	r22, r2
     a84:	83 2d       	mov	r24, r3
     a86:	0e 94 4b 07 	call	0xe96	; 0xe96 <DIO_WritePin>
     a8a:	ca cf       	rjmp	.-108    	; 0xa20 <.L7>

00000a8c <LCD_WriteData>:
     a8c:	cf 93       	push	r28
     a8e:	df 93       	push	r29
     a90:	0f 92       	push	r0
     a92:	cd b7       	in	r28, 0x3d	; 61
     a94:	de b7       	in	r29, 0x3e	; 62
     a96:	89 83       	std	Y+1, r24	; 0x01
     a98:	61 30       	cpi	r22, 0x01	; 1
     a9a:	e1 f1       	breq	.+120    	; 0xb14 <.L6>
     a9c:	20 f0       	brcs	.+8      	; 0xaa6 <.L7>
     a9e:	0f 90       	pop	r0
     aa0:	df 91       	pop	r29
     aa2:	cf 91       	pop	r28
     aa4:	08 95       	ret

00000aa6 <.L7>:
     aa6:	41 e0       	ldi	r20, 0x01	; 1
     aa8:	80 e0       	ldi	r24, 0x00	; 0
     aaa:	0e 94 4b 07 	call	0xe96	; 0xe96 <DIO_WritePin>
     aae:	40 e0       	ldi	r20, 0x00	; 0
     ab0:	61 e0       	ldi	r22, 0x01	; 1
     ab2:	80 e0       	ldi	r24, 0x00	; 0
     ab4:	0e 94 4b 07 	call	0xe96	; 0xe96 <DIO_WritePin>
     ab8:	69 81       	ldd	r22, Y+1	; 0x01
     aba:	60 7f       	andi	r22, 0xF0	; 240
     abc:	81 e0       	ldi	r24, 0x01	; 1
     abe:	0e 94 89 07 	call	0xf12	; 0xf12 <DIO_WriteGroup>
     ac2:	41 e0       	ldi	r20, 0x01	; 1
     ac4:	62 e0       	ldi	r22, 0x02	; 2
     ac6:	80 e0       	ldi	r24, 0x00	; 0
     ac8:	0e 94 4b 07 	call	0xe96	; 0xe96 <DIO_WritePin>
     acc:	8f ec       	ldi	r24, 0xCF	; 207
     ace:	97 e0       	ldi	r25, 0x07	; 7

00000ad0 <.L1^B1>:
     ad0:	01 97       	sbiw	r24, 0x01	; 1
     ad2:	f1 f7       	brne	.-4      	; 0xad0 <.L1^B1>
     ad4:	00 c0       	rjmp	.+0      	; 0xad6 <L0^A>

00000ad6 <L0^A>:
     ad6:	00 00       	nop
     ad8:	40 e0       	ldi	r20, 0x00	; 0
     ada:	62 e0       	ldi	r22, 0x02	; 2
     adc:	80 e0       	ldi	r24, 0x00	; 0
     ade:	0e 94 4b 07 	call	0xe96	; 0xe96 <DIO_WritePin>
     ae2:	69 81       	ldd	r22, Y+1	; 0x01
     ae4:	62 95       	swap	r22
     ae6:	60 7f       	andi	r22, 0xF0	; 240

00000ae8 <.L4>:
     ae8:	81 e0       	ldi	r24, 0x01	; 1
     aea:	0e 94 89 07 	call	0xf12	; 0xf12 <DIO_WriteGroup>
     aee:	41 e0       	ldi	r20, 0x01	; 1
     af0:	62 e0       	ldi	r22, 0x02	; 2
     af2:	80 e0       	ldi	r24, 0x00	; 0
     af4:	0e 94 4b 07 	call	0xe96	; 0xe96 <DIO_WritePin>
     af8:	8f ec       	ldi	r24, 0xCF	; 207
     afa:	97 e0       	ldi	r25, 0x07	; 7

00000afc <.L1^B2>:
     afc:	01 97       	sbiw	r24, 0x01	; 1
     afe:	f1 f7       	brne	.-4      	; 0xafc <.L1^B2>
     b00:	00 c0       	rjmp	.+0      	; 0xb02 <L0^A>

00000b02 <L0^A>:
     b02:	00 00       	nop
     b04:	40 e0       	ldi	r20, 0x00	; 0
     b06:	62 e0       	ldi	r22, 0x02	; 2
     b08:	80 e0       	ldi	r24, 0x00	; 0
     b0a:	0f 90       	pop	r0
     b0c:	df 91       	pop	r29
     b0e:	cf 91       	pop	r28
     b10:	0c 94 4b 07 	jmp	0xe96	; 0xe96 <DIO_WritePin>

00000b14 <.L6>:
     b14:	41 e0       	ldi	r20, 0x01	; 1
     b16:	60 e0       	ldi	r22, 0x00	; 0
     b18:	80 e0       	ldi	r24, 0x00	; 0
     b1a:	0e 94 4b 07 	call	0xe96	; 0xe96 <DIO_WritePin>
     b1e:	40 e0       	ldi	r20, 0x00	; 0
     b20:	61 e0       	ldi	r22, 0x01	; 1
     b22:	80 e0       	ldi	r24, 0x00	; 0
     b24:	0e 94 4b 07 	call	0xe96	; 0xe96 <DIO_WritePin>
     b28:	69 81       	ldd	r22, Y+1	; 0x01
     b2a:	de cf       	rjmp	.-68     	; 0xae8 <.L4>

00000b2c <LCD_WriteInstruction>:
     b2c:	cf 93       	push	r28
     b2e:	df 93       	push	r29
     b30:	0f 92       	push	r0
     b32:	cd b7       	in	r28, 0x3d	; 61
     b34:	de b7       	in	r29, 0x3e	; 62
     b36:	89 83       	std	Y+1, r24	; 0x01
     b38:	61 30       	cpi	r22, 0x01	; 1
     b3a:	e1 f1       	breq	.+120    	; 0xbb4 <.L12>
     b3c:	20 f0       	brcs	.+8      	; 0xb46 <.L13>
     b3e:	0f 90       	pop	r0
     b40:	df 91       	pop	r29
     b42:	cf 91       	pop	r28
     b44:	08 95       	ret

00000b46 <.L13>:
     b46:	40 e0       	ldi	r20, 0x00	; 0
     b48:	80 e0       	ldi	r24, 0x00	; 0
     b4a:	0e 94 4b 07 	call	0xe96	; 0xe96 <DIO_WritePin>
     b4e:	40 e0       	ldi	r20, 0x00	; 0
     b50:	61 e0       	ldi	r22, 0x01	; 1
     b52:	80 e0       	ldi	r24, 0x00	; 0
     b54:	0e 94 4b 07 	call	0xe96	; 0xe96 <DIO_WritePin>
     b58:	69 81       	ldd	r22, Y+1	; 0x01
     b5a:	60 7f       	andi	r22, 0xF0	; 240
     b5c:	81 e0       	ldi	r24, 0x01	; 1
     b5e:	0e 94 89 07 	call	0xf12	; 0xf12 <DIO_WriteGroup>
     b62:	41 e0       	ldi	r20, 0x01	; 1
     b64:	62 e0       	ldi	r22, 0x02	; 2
     b66:	80 e0       	ldi	r24, 0x00	; 0
     b68:	0e 94 4b 07 	call	0xe96	; 0xe96 <DIO_WritePin>
     b6c:	8f ec       	ldi	r24, 0xCF	; 207
     b6e:	97 e0       	ldi	r25, 0x07	; 7

00000b70 <.L1^B3>:
     b70:	01 97       	sbiw	r24, 0x01	; 1
     b72:	f1 f7       	brne	.-4      	; 0xb70 <.L1^B3>
     b74:	00 c0       	rjmp	.+0      	; 0xb76 <L0^A>

00000b76 <L0^A>:
     b76:	00 00       	nop
     b78:	40 e0       	ldi	r20, 0x00	; 0
     b7a:	62 e0       	ldi	r22, 0x02	; 2
     b7c:	80 e0       	ldi	r24, 0x00	; 0
     b7e:	0e 94 4b 07 	call	0xe96	; 0xe96 <DIO_WritePin>
     b82:	69 81       	ldd	r22, Y+1	; 0x01
     b84:	62 95       	swap	r22
     b86:	60 7f       	andi	r22, 0xF0	; 240

00000b88 <.L11>:
     b88:	81 e0       	ldi	r24, 0x01	; 1
     b8a:	0e 94 89 07 	call	0xf12	; 0xf12 <DIO_WriteGroup>
     b8e:	41 e0       	ldi	r20, 0x01	; 1
     b90:	62 e0       	ldi	r22, 0x02	; 2
     b92:	80 e0       	ldi	r24, 0x00	; 0
     b94:	0e 94 4b 07 	call	0xe96	; 0xe96 <DIO_WritePin>
     b98:	8f ec       	ldi	r24, 0xCF	; 207
     b9a:	97 e0       	ldi	r25, 0x07	; 7

00000b9c <.L1^B4>:
     b9c:	01 97       	sbiw	r24, 0x01	; 1
     b9e:	f1 f7       	brne	.-4      	; 0xb9c <.L1^B4>
     ba0:	00 c0       	rjmp	.+0      	; 0xba2 <L0^A>

00000ba2 <L0^A>:
     ba2:	00 00       	nop
     ba4:	40 e0       	ldi	r20, 0x00	; 0
     ba6:	62 e0       	ldi	r22, 0x02	; 2
     ba8:	80 e0       	ldi	r24, 0x00	; 0
     baa:	0f 90       	pop	r0
     bac:	df 91       	pop	r29
     bae:	cf 91       	pop	r28
     bb0:	0c 94 4b 07 	jmp	0xe96	; 0xe96 <DIO_WritePin>

00000bb4 <.L12>:
     bb4:	40 e0       	ldi	r20, 0x00	; 0
     bb6:	60 e0       	ldi	r22, 0x00	; 0
     bb8:	80 e0       	ldi	r24, 0x00	; 0
     bba:	0e 94 4b 07 	call	0xe96	; 0xe96 <DIO_WritePin>
     bbe:	40 e0       	ldi	r20, 0x00	; 0
     bc0:	61 e0       	ldi	r22, 0x01	; 1
     bc2:	80 e0       	ldi	r24, 0x00	; 0
     bc4:	0e 94 4b 07 	call	0xe96	; 0xe96 <DIO_WritePin>
     bc8:	69 81       	ldd	r22, Y+1	; 0x01
     bca:	de cf       	rjmp	.-68     	; 0xb88 <.L11>

00000bcc <LCD_Init>:
     bcc:	81 30       	cpi	r24, 0x01	; 1
     bce:	09 f4       	brne	.+2      	; 0xbd2 <L0^A+0x2>

00000bd0 <L0^A>:
     bd0:	50 c0       	rjmp	.+160    	; 0xc72 <.L18>
     bd2:	08 f0       	brcs	.+2      	; 0xbd6 <.L19>
     bd4:	08 95       	ret

00000bd6 <.L19>:
     bd6:	41 e0       	ldi	r20, 0x01	; 1
     bd8:	60 e0       	ldi	r22, 0x00	; 0
     bda:	0e 94 fd 06 	call	0xdfa	; 0xdfa <DIO_InitPin>
     bde:	41 e0       	ldi	r20, 0x01	; 1
     be0:	61 e0       	ldi	r22, 0x01	; 1
     be2:	80 e0       	ldi	r24, 0x00	; 0
     be4:	0e 94 fd 06 	call	0xdfa	; 0xdfa <DIO_InitPin>
     be8:	41 e0       	ldi	r20, 0x01	; 1
     bea:	62 e0       	ldi	r22, 0x02	; 2
     bec:	80 e0       	ldi	r24, 0x00	; 0
     bee:	0e 94 fd 06 	call	0xdfa	; 0xdfa <DIO_InitPin>
     bf2:	6f ef       	ldi	r22, 0xFF	; 255
     bf4:	81 e0       	ldi	r24, 0x01	; 1
     bf6:	0e 94 3b 07 	call	0xe76	; 0xe76 <DIO_InitGroup>
     bfa:	9f eb       	ldi	r25, 0xBF	; 191
     bfc:	2a ed       	ldi	r18, 0xDA	; 218
     bfe:	80 e0       	ldi	r24, 0x00	; 0

00000c00 <.L1^B5>:
     c00:	91 50       	subi	r25, 0x01	; 1
     c02:	20 40       	sbci	r18, 0x00	; 0
     c04:	80 40       	sbci	r24, 0x00	; 0
     c06:	e1 f7       	brne	.-8      	; 0xc00 <.L1^B5>
     c08:	00 c0       	rjmp	.+0      	; 0xc0a <L0^A>

00000c0a <L0^A>:
     c0a:	00 00       	nop
     c0c:	60 e0       	ldi	r22, 0x00	; 0
     c0e:	82 e0       	ldi	r24, 0x02	; 2
     c10:	0e 94 96 05 	call	0xb2c	; 0xb2c <LCD_WriteInstruction>
     c14:	8f ec       	ldi	r24, 0xCF	; 207
     c16:	97 e0       	ldi	r25, 0x07	; 7

00000c18 <.L1^B6>:
     c18:	01 97       	sbiw	r24, 0x01	; 1
     c1a:	f1 f7       	brne	.-4      	; 0xc18 <.L1^B6>
     c1c:	00 c0       	rjmp	.+0      	; 0xc1e <L0^A>

00000c1e <L0^A>:
     c1e:	00 00       	nop
     c20:	60 e0       	ldi	r22, 0x00	; 0
     c22:	88 e2       	ldi	r24, 0x28	; 40
     c24:	0e 94 96 05 	call	0xb2c	; 0xb2c <LCD_WriteInstruction>
     c28:	8f ec       	ldi	r24, 0xCF	; 207
     c2a:	97 e0       	ldi	r25, 0x07	; 7

00000c2c <.L1^B7>:
     c2c:	01 97       	sbiw	r24, 0x01	; 1
     c2e:	f1 f7       	brne	.-4      	; 0xc2c <.L1^B7>
     c30:	00 c0       	rjmp	.+0      	; 0xc32 <L0^A>

00000c32 <L0^A>:
     c32:	00 00       	nop
     c34:	60 e0       	ldi	r22, 0x00	; 0
     c36:	8c e0       	ldi	r24, 0x0C	; 12
     c38:	0e 94 96 05 	call	0xb2c	; 0xb2c <LCD_WriteInstruction>
     c3c:	8f ec       	ldi	r24, 0xCF	; 207
     c3e:	97 e0       	ldi	r25, 0x07	; 7

00000c40 <.L1^B8>:
     c40:	01 97       	sbiw	r24, 0x01	; 1
     c42:	f1 f7       	brne	.-4      	; 0xc40 <.L1^B8>
     c44:	00 c0       	rjmp	.+0      	; 0xc46 <L0^A>

00000c46 <L0^A>:
     c46:	00 00       	nop
     c48:	60 e0       	ldi	r22, 0x00	; 0
     c4a:	81 e0       	ldi	r24, 0x01	; 1
     c4c:	0e 94 96 05 	call	0xb2c	; 0xb2c <LCD_WriteInstruction>
     c50:	8f e9       	ldi	r24, 0x9F	; 159
     c52:	9f e0       	ldi	r25, 0x0F	; 15

00000c54 <.L1^B9>:
     c54:	01 97       	sbiw	r24, 0x01	; 1
     c56:	f1 f7       	brne	.-4      	; 0xc54 <.L1^B9>
     c58:	00 c0       	rjmp	.+0      	; 0xc5a <L0^A>

00000c5a <L0^A>:
     c5a:	00 00       	nop
     c5c:	60 e0       	ldi	r22, 0x00	; 0

00000c5e <.L17>:
     c5e:	86 e0       	ldi	r24, 0x06	; 6
     c60:	0e 94 96 05 	call	0xb2c	; 0xb2c <LCD_WriteInstruction>
     c64:	8f ec       	ldi	r24, 0xCF	; 207
     c66:	97 e0       	ldi	r25, 0x07	; 7

00000c68 <.L1^B10>:
     c68:	01 97       	sbiw	r24, 0x01	; 1
     c6a:	f1 f7       	brne	.-4      	; 0xc68 <.L1^B10>
     c6c:	00 c0       	rjmp	.+0      	; 0xc6e <L0^A>

00000c6e <L0^A>:
     c6e:	00 00       	nop
     c70:	08 95       	ret

00000c72 <.L18>:
     c72:	41 e0       	ldi	r20, 0x01	; 1
     c74:	60 e0       	ldi	r22, 0x00	; 0
     c76:	80 e0       	ldi	r24, 0x00	; 0
     c78:	0e 94 fd 06 	call	0xdfa	; 0xdfa <DIO_InitPin>
     c7c:	41 e0       	ldi	r20, 0x01	; 1
     c7e:	61 e0       	ldi	r22, 0x01	; 1
     c80:	80 e0       	ldi	r24, 0x00	; 0
     c82:	0e 94 fd 06 	call	0xdfa	; 0xdfa <DIO_InitPin>
     c86:	41 e0       	ldi	r20, 0x01	; 1
     c88:	62 e0       	ldi	r22, 0x02	; 2
     c8a:	80 e0       	ldi	r24, 0x00	; 0
     c8c:	0e 94 fd 06 	call	0xdfa	; 0xdfa <DIO_InitPin>
     c90:	6f ef       	ldi	r22, 0xFF	; 255
     c92:	81 e0       	ldi	r24, 0x01	; 1
     c94:	0e 94 3b 07 	call	0xe76	; 0xe76 <DIO_InitGroup>
     c98:	2f eb       	ldi	r18, 0xBF	; 191
     c9a:	8a ed       	ldi	r24, 0xDA	; 218
     c9c:	90 e0       	ldi	r25, 0x00	; 0

00000c9e <.L1^B11>:
     c9e:	21 50       	subi	r18, 0x01	; 1
     ca0:	80 40       	sbci	r24, 0x00	; 0
     ca2:	90 40       	sbci	r25, 0x00	; 0
     ca4:	e1 f7       	brne	.-8      	; 0xc9e <.L1^B11>
     ca6:	00 c0       	rjmp	.+0      	; 0xca8 <L0^A>

00000ca8 <L0^A>:
     ca8:	00 00       	nop
     caa:	61 e0       	ldi	r22, 0x01	; 1
     cac:	88 e3       	ldi	r24, 0x38	; 56
     cae:	0e 94 96 05 	call	0xb2c	; 0xb2c <LCD_WriteInstruction>
     cb2:	8f ec       	ldi	r24, 0xCF	; 207
     cb4:	97 e0       	ldi	r25, 0x07	; 7

00000cb6 <.L1^B12>:
     cb6:	01 97       	sbiw	r24, 0x01	; 1
     cb8:	f1 f7       	brne	.-4      	; 0xcb6 <.L1^B12>
     cba:	00 c0       	rjmp	.+0      	; 0xcbc <L0^A>

00000cbc <L0^A>:
     cbc:	00 00       	nop
     cbe:	61 e0       	ldi	r22, 0x01	; 1
     cc0:	8e e0       	ldi	r24, 0x0E	; 14
     cc2:	0e 94 96 05 	call	0xb2c	; 0xb2c <LCD_WriteInstruction>
     cc6:	8f ec       	ldi	r24, 0xCF	; 207
     cc8:	97 e0       	ldi	r25, 0x07	; 7

00000cca <.L1^B13>:
     cca:	01 97       	sbiw	r24, 0x01	; 1
     ccc:	f1 f7       	brne	.-4      	; 0xcca <.L1^B13>
     cce:	00 c0       	rjmp	.+0      	; 0xcd0 <L0^A>

00000cd0 <L0^A>:
     cd0:	00 00       	nop
     cd2:	61 e0       	ldi	r22, 0x01	; 1
     cd4:	81 e0       	ldi	r24, 0x01	; 1
     cd6:	0e 94 96 05 	call	0xb2c	; 0xb2c <LCD_WriteInstruction>
     cda:	8f e9       	ldi	r24, 0x9F	; 159
     cdc:	9f e0       	ldi	r25, 0x0F	; 15

00000cde <.L1^B14>:
     cde:	01 97       	sbiw	r24, 0x01	; 1
     ce0:	f1 f7       	brne	.-4      	; 0xcde <.L1^B14>
     ce2:	00 c0       	rjmp	.+0      	; 0xce4 <L0^A>

00000ce4 <L0^A>:
     ce4:	00 00       	nop
     ce6:	61 e0       	ldi	r22, 0x01	; 1
     ce8:	ba cf       	rjmp	.-140    	; 0xc5e <.L17>

00000cea <LCD_WriteString>:
     cea:	0f 93       	push	r16
     cec:	1f 93       	push	r17
     cee:	cf 93       	push	r28
     cf0:	df 93       	push	r29
     cf2:	00 d0       	rcall	.+0      	; 0xcf4 <L0^A>

00000cf4 <L0^A>:
     cf4:	cd b7       	in	r28, 0x3d	; 61
     cf6:	de b7       	in	r29, 0x3e	; 62
     cf8:	8c 01       	movw	r16, r24
     cfa:	69 83       	std	Y+1, r22	; 0x01
     cfc:	00 97       	sbiw	r24, 0x00	; 0
     cfe:	91 f0       	breq	.+36     	; 0xd24 <.L20>
     d00:	fc 01       	movw	r30, r24
     d02:	80 81       	ld	r24, Z
     d04:	81 15       	cp	r24, r1
     d06:	71 f0       	breq	.+28     	; 0xd24 <.L20>
     d08:	1a 82       	std	Y+2, r1	; 0x02

00000d0a <.L22>:
     d0a:	69 81       	ldd	r22, Y+1	; 0x01
     d0c:	0e 94 46 05 	call	0xa8c	; 0xa8c <LCD_WriteData>
     d10:	fa 81       	ldd	r31, Y+2	; 0x02
     d12:	ff 5f       	subi	r31, 0xFF	; 255
     d14:	fa 83       	std	Y+2, r31	; 0x02
     d16:	f8 01       	movw	r30, r16
     d18:	8a 81       	ldd	r24, Y+2	; 0x02
     d1a:	e8 0f       	add	r30, r24
     d1c:	f1 1d       	adc	r31, r1
     d1e:	80 81       	ld	r24, Z
     d20:	81 11       	cpse	r24, r1
     d22:	f3 cf       	rjmp	.-26     	; 0xd0a <.L22>

00000d24 <.L20>:
     d24:	0f 90       	pop	r0
     d26:	0f 90       	pop	r0
     d28:	df 91       	pop	r29
     d2a:	cf 91       	pop	r28
     d2c:	1f 91       	pop	r17
     d2e:	0f 91       	pop	r16
     d30:	08 95       	ret

00000d32 <LCD_GotoXY>:
     d32:	81 30       	cpi	r24, 0x01	; 1
     d34:	58 f0       	brcs	.+22     	; 0xd4c <.L31>
     d36:	31 f4       	brne	.+12     	; 0xd44 <.L34>
     d38:	80 e4       	ldi	r24, 0x40	; 64
     d3a:	86 0f       	add	r24, r22
     d3c:	80 68       	ori	r24, 0x80	; 128
     d3e:	60 e0       	ldi	r22, 0x00	; 0
     d40:	0c 94 96 05 	jmp	0xb2c	; 0xb2c <LCD_WriteInstruction>

00000d44 <.L34>:
     d44:	80 e8       	ldi	r24, 0x80	; 128
     d46:	60 e0       	ldi	r22, 0x00	; 0
     d48:	0c 94 96 05 	jmp	0xb2c	; 0xb2c <LCD_WriteInstruction>

00000d4c <.L31>:
     d4c:	86 2f       	mov	r24, r22
     d4e:	80 68       	ori	r24, 0x80	; 128
     d50:	60 e0       	ldi	r22, 0x00	; 0
     d52:	0c 94 96 05 	jmp	0xb2c	; 0xb2c <LCD_WriteInstruction>

00000d56 <LCD_WriteNumber>:
     d56:	ff 92       	push	r15
     d58:	0f 93       	push	r16
     d5a:	1f 93       	push	r17
     d5c:	cf 93       	push	r28
     d5e:	df 93       	push	r29
     d60:	cd b7       	in	r28, 0x3d	; 61
     d62:	de b7       	in	r29, 0x3e	; 62
     d64:	2c 97       	sbiw	r28, 0x0c	; 12
     d66:	0f b6       	in	r0, 0x3f	; 63
     d68:	f8 94       	cli
     d6a:	de bf       	out	0x3e, r29	; 62
     d6c:	0f be       	out	0x3f, r0	; 63
     d6e:	cd bf       	out	0x3d, r28	; 61
     d70:	4c 87       	std	Y+12, r20	; 0x0c
     d72:	9f 93       	push	r25
     d74:	8f 93       	push	r24
     d76:	7f 93       	push	r23
     d78:	6f 93       	push	r22
     d7a:	87 e7       	ldi	r24, 0x77	; 119
     d7c:	92 e0       	ldi	r25, 0x02	; 2
     d7e:	9f 93       	push	r25
     d80:	8f 93       	push	r24
     d82:	8e 01       	movw	r16, r28
     d84:	0f 5f       	subi	r16, 0xFF	; 255
     d86:	1f 4f       	sbci	r17, 0xFF	; 255
     d88:	1f 93       	push	r17
     d8a:	0f 93       	push	r16
     d8c:	0e 94 17 0b 	call	0x162e	; 0x162e <sprintf>
     d90:	89 81       	ldd	r24, Y+1	; 0x01
     d92:	0f b6       	in	r0, 0x3f	; 63
     d94:	f8 94       	cli
     d96:	de bf       	out	0x3e, r29	; 62
     d98:	0f be       	out	0x3f, r0	; 63
     d9a:	cd bf       	out	0x3d, r28	; 61
     d9c:	81 15       	cp	r24, r1
     d9e:	59 f0       	breq	.+22     	; 0xdb6 <.L35>
     da0:	f1 2c       	mov	r15, r1

00000da2 <.L37>:
     da2:	6c 85       	ldd	r22, Y+12	; 0x0c
     da4:	0e 94 46 05 	call	0xa8c	; 0xa8c <LCD_WriteData>
     da8:	f3 94       	inc	r15
     daa:	f8 01       	movw	r30, r16
     dac:	ef 0d       	add	r30, r15
     dae:	f1 1d       	adc	r31, r1
     db0:	80 81       	ld	r24, Z
     db2:	81 11       	cpse	r24, r1
     db4:	f6 cf       	rjmp	.-20     	; 0xda2 <.L37>

00000db6 <.L35>:
     db6:	2c 96       	adiw	r28, 0x0c	; 12
     db8:	0f b6       	in	r0, 0x3f	; 63
     dba:	f8 94       	cli
     dbc:	de bf       	out	0x3e, r29	; 62
     dbe:	0f be       	out	0x3f, r0	; 63
     dc0:	cd bf       	out	0x3d, r28	; 61
     dc2:	df 91       	pop	r29
     dc4:	cf 91       	pop	r28
     dc6:	1f 91       	pop	r17
     dc8:	0f 91       	pop	r16
     dca:	ff 90       	pop	r15
     dcc:	08 95       	ret

00000dce <Led_Init>:
     dce:	41 e0       	ldi	r20, 0x01	; 1
     dd0:	0c 94 fd 06 	jmp	0xdfa	; 0xdfa <DIO_InitPin>

00000dd4 <Led_on>:
     dd4:	41 30       	cpi	r20, 0x01	; 1
     dd6:	21 f0       	breq	.+8      	; 0xde0 <.L6>
     dd8:	42 30       	cpi	r20, 0x02	; 2
     dda:	09 f0       	breq	.+2      	; 0xdde <.L7>
     ddc:	08 95       	ret

00000dde <.L7>:
     dde:	40 e0       	ldi	r20, 0x00	; 0

00000de0 <.L6>:
     de0:	0c 94 4b 07 	jmp	0xe96	; 0xe96 <DIO_WritePin>

00000de4 <Led_off>:
     de4:	41 30       	cpi	r20, 0x01	; 1
     de6:	19 f0       	breq	.+6      	; 0xdee <.L11>
     de8:	42 30       	cpi	r20, 0x02	; 2
     dea:	21 f0       	breq	.+8      	; 0xdf4 <.L12>
     dec:	08 95       	ret

00000dee <.L11>:
     dee:	40 e0       	ldi	r20, 0x00	; 0
     df0:	0c 94 4b 07 	jmp	0xe96	; 0xe96 <DIO_WritePin>

00000df4 <.L12>:
     df4:	41 e0       	ldi	r20, 0x01	; 1
     df6:	0c 94 4b 07 	jmp	0xe96	; 0xe96 <DIO_WritePin>

00000dfa <DIO_InitPin>:
     dfa:	84 30       	cpi	r24, 0x04	; 4
     dfc:	c0 f4       	brcc	.+48     	; 0xe2e <.L1>
     dfe:	68 30       	cpi	r22, 0x08	; 8
     e00:	b0 f4       	brcc	.+44     	; 0xe2e <.L1>
     e02:	41 30       	cpi	r20, 0x01	; 1
     e04:	a9 f0       	breq	.+42     	; 0xe30 <.L11>
     e06:	98 f4       	brcc	.+38     	; 0xe2e <.L1>
     e08:	21 e0       	ldi	r18, 0x01	; 1
     e0a:	01 c0       	rjmp	.+2      	; 0xe0e <.L2^B1>

00000e0c <.L1^B1>:
     e0c:	22 0f       	add	r18, r18

00000e0e <.L2^B1>:
     e0e:	6a 95       	dec	r22
     e10:	ea f7       	brpl	.-6      	; 0xe0c <.L1^B1>
     e12:	20 95       	com	r18
     e14:	82 30       	cpi	r24, 0x02	; 2
     e16:	39 f1       	breq	.+78     	; 0xe66 <.L7>
     e18:	83 30       	cpi	r24, 0x03	; 3
     e1a:	31 f0       	breq	.+12     	; 0xe28 <.L8>
     e1c:	81 30       	cpi	r24, 0x01	; 1
     e1e:	39 f1       	breq	.+78     	; 0xe6e <.L9>
     e20:	8a b3       	in	r24, 0x1a	; 26
     e22:	82 23       	and	r24, r18
     e24:	8a bb       	out	0x1a, r24	; 26
     e26:	08 95       	ret

00000e28 <.L8>:
     e28:	81 b3       	in	r24, 0x11	; 17
     e2a:	82 23       	and	r24, r18
     e2c:	81 bb       	out	0x11, r24	; 17

00000e2e <.L1>:
     e2e:	08 95       	ret

00000e30 <.L11>:
     e30:	21 e0       	ldi	r18, 0x01	; 1
     e32:	01 c0       	rjmp	.+2      	; 0xe36 <.L2^B2>

00000e34 <.L1^B2>:
     e34:	22 0f       	add	r18, r18

00000e36 <.L2^B2>:
     e36:	6a 95       	dec	r22
     e38:	ea f7       	brpl	.-6      	; 0xe34 <.L1^B2>
     e3a:	82 30       	cpi	r24, 0x02	; 2
     e3c:	61 f0       	breq	.+24     	; 0xe56 <.L4>
     e3e:	83 30       	cpi	r24, 0x03	; 3
     e40:	31 f0       	breq	.+12     	; 0xe4e <.L5>
     e42:	81 30       	cpi	r24, 0x01	; 1
     e44:	61 f0       	breq	.+24     	; 0xe5e <.L6>
     e46:	8a b3       	in	r24, 0x1a	; 26
     e48:	82 2b       	or	r24, r18
     e4a:	8a bb       	out	0x1a, r24	; 26
     e4c:	08 95       	ret

00000e4e <.L5>:
     e4e:	81 b3       	in	r24, 0x11	; 17
     e50:	82 2b       	or	r24, r18
     e52:	81 bb       	out	0x11, r24	; 17
     e54:	08 95       	ret

00000e56 <.L4>:
     e56:	84 b3       	in	r24, 0x14	; 20
     e58:	82 2b       	or	r24, r18
     e5a:	84 bb       	out	0x14, r24	; 20
     e5c:	08 95       	ret

00000e5e <.L6>:
     e5e:	87 b3       	in	r24, 0x17	; 23
     e60:	82 2b       	or	r24, r18
     e62:	87 bb       	out	0x17, r24	; 23
     e64:	08 95       	ret

00000e66 <.L7>:
     e66:	84 b3       	in	r24, 0x14	; 20
     e68:	82 23       	and	r24, r18
     e6a:	84 bb       	out	0x14, r24	; 20
     e6c:	08 95       	ret

00000e6e <.L9>:
     e6e:	87 b3       	in	r24, 0x17	; 23
     e70:	82 23       	and	r24, r18
     e72:	87 bb       	out	0x17, r24	; 23
     e74:	08 95       	ret

00000e76 <DIO_InitGroup>:
     e76:	82 30       	cpi	r24, 0x02	; 2
     e78:	49 f0       	breq	.+18     	; 0xe8c <.L13>
     e7a:	20 f4       	brcc	.+8      	; 0xe84 <.L14>
     e7c:	81 15       	cp	r24, r1
     e7e:	41 f0       	breq	.+16     	; 0xe90 <.L20>
     e80:	67 bb       	out	0x17, r22	; 23
     e82:	08 95       	ret

00000e84 <.L14>:
     e84:	83 30       	cpi	r24, 0x03	; 3
     e86:	31 f4       	brne	.+12     	; 0xe94 <.L21>
     e88:	61 bb       	out	0x11, r22	; 17
     e8a:	08 95       	ret

00000e8c <.L13>:
     e8c:	64 bb       	out	0x14, r22	; 20
     e8e:	08 95       	ret

00000e90 <.L20>:
     e90:	6a bb       	out	0x1a, r22	; 26
     e92:	08 95       	ret

00000e94 <.L21>:
     e94:	08 95       	ret

00000e96 <DIO_WritePin>:
     e96:	84 30       	cpi	r24, 0x04	; 4
     e98:	c0 f4       	brcc	.+48     	; 0xeca <.L22>
     e9a:	68 30       	cpi	r22, 0x08	; 8
     e9c:	b0 f4       	brcc	.+44     	; 0xeca <.L22>
     e9e:	41 30       	cpi	r20, 0x01	; 1
     ea0:	a9 f0       	breq	.+42     	; 0xecc <.L31>
     ea2:	98 f4       	brcc	.+38     	; 0xeca <.L22>
     ea4:	21 e0       	ldi	r18, 0x01	; 1
     ea6:	01 c0       	rjmp	.+2      	; 0xeaa <.L2^B3>

00000ea8 <.L1^B3>:
     ea8:	22 0f       	add	r18, r18

00000eaa <.L2^B3>:
     eaa:	6a 95       	dec	r22
     eac:	ea f7       	brpl	.-6      	; 0xea8 <.L1^B3>
     eae:	20 95       	com	r18
     eb0:	82 30       	cpi	r24, 0x02	; 2
     eb2:	39 f1       	breq	.+78     	; 0xf02 <.L28>
     eb4:	83 30       	cpi	r24, 0x03	; 3
     eb6:	31 f0       	breq	.+12     	; 0xec4 <.L29>
     eb8:	81 30       	cpi	r24, 0x01	; 1
     eba:	39 f1       	breq	.+78     	; 0xf0a <.L30>
     ebc:	8b b3       	in	r24, 0x1b	; 27
     ebe:	82 23       	and	r24, r18
     ec0:	8b bb       	out	0x1b, r24	; 27
     ec2:	08 95       	ret

00000ec4 <.L29>:
     ec4:	82 b3       	in	r24, 0x12	; 18
     ec6:	82 23       	and	r24, r18
     ec8:	82 bb       	out	0x12, r24	; 18

00000eca <.L22>:
     eca:	08 95       	ret

00000ecc <.L31>:
     ecc:	21 e0       	ldi	r18, 0x01	; 1
     ece:	01 c0       	rjmp	.+2      	; 0xed2 <.L2^B4>

00000ed0 <.L1^B4>:
     ed0:	22 0f       	add	r18, r18

00000ed2 <.L2^B4>:
     ed2:	6a 95       	dec	r22
     ed4:	ea f7       	brpl	.-6      	; 0xed0 <.L1^B4>
     ed6:	82 30       	cpi	r24, 0x02	; 2
     ed8:	61 f0       	breq	.+24     	; 0xef2 <.L25>
     eda:	83 30       	cpi	r24, 0x03	; 3
     edc:	31 f0       	breq	.+12     	; 0xeea <.L26>
     ede:	81 30       	cpi	r24, 0x01	; 1
     ee0:	61 f0       	breq	.+24     	; 0xefa <.L27>
     ee2:	8b b3       	in	r24, 0x1b	; 27
     ee4:	82 2b       	or	r24, r18
     ee6:	8b bb       	out	0x1b, r24	; 27
     ee8:	08 95       	ret

00000eea <.L26>:
     eea:	82 b3       	in	r24, 0x12	; 18
     eec:	82 2b       	or	r24, r18
     eee:	82 bb       	out	0x12, r24	; 18
     ef0:	08 95       	ret

00000ef2 <.L25>:
     ef2:	85 b3       	in	r24, 0x15	; 21
     ef4:	82 2b       	or	r24, r18
     ef6:	85 bb       	out	0x15, r24	; 21
     ef8:	08 95       	ret

00000efa <.L27>:
     efa:	88 b3       	in	r24, 0x18	; 24
     efc:	82 2b       	or	r24, r18
     efe:	88 bb       	out	0x18, r24	; 24
     f00:	08 95       	ret

00000f02 <.L28>:
     f02:	85 b3       	in	r24, 0x15	; 21
     f04:	82 23       	and	r24, r18
     f06:	85 bb       	out	0x15, r24	; 21
     f08:	08 95       	ret

00000f0a <.L30>:
     f0a:	88 b3       	in	r24, 0x18	; 24
     f0c:	82 23       	and	r24, r18
     f0e:	88 bb       	out	0x18, r24	; 24
     f10:	08 95       	ret

00000f12 <DIO_WriteGroup>:
     f12:	82 30       	cpi	r24, 0x02	; 2
     f14:	49 f0       	breq	.+18     	; 0xf28 <.L33>
     f16:	20 f4       	brcc	.+8      	; 0xf20 <.L34>
     f18:	81 15       	cp	r24, r1
     f1a:	41 f0       	breq	.+16     	; 0xf2c <.L40>
     f1c:	68 bb       	out	0x18, r22	; 24
     f1e:	08 95       	ret

00000f20 <.L34>:
     f20:	83 30       	cpi	r24, 0x03	; 3
     f22:	31 f4       	brne	.+12     	; 0xf30 <.L41>
     f24:	62 bb       	out	0x12, r22	; 18
     f26:	08 95       	ret

00000f28 <.L33>:
     f28:	65 bb       	out	0x15, r22	; 21
     f2a:	08 95       	ret

00000f2c <.L40>:
     f2c:	6b bb       	out	0x1b, r22	; 27
     f2e:	08 95       	ret

00000f30 <.L41>:
     f30:	08 95       	ret

00000f32 <DIO_ReadPin>:
     f32:	41 15       	cp	r20, r1
     f34:	51 05       	cpc	r21, r1
     f36:	a1 f0       	breq	.+40     	; 0xf60 <.L42>
     f38:	84 30       	cpi	r24, 0x04	; 4
     f3a:	90 f4       	brcc	.+36     	; 0xf60 <.L42>
     f3c:	68 30       	cpi	r22, 0x08	; 8
     f3e:	80 f4       	brcc	.+32     	; 0xf60 <.L42>
     f40:	82 30       	cpi	r24, 0x02	; 2
     f42:	99 f0       	breq	.+38     	; 0xf6a <.L44>
     f44:	83 30       	cpi	r24, 0x03	; 3
     f46:	79 f0       	breq	.+30     	; 0xf66 <.L45>
     f48:	81 30       	cpi	r24, 0x01	; 1
     f4a:	59 f4       	brne	.+22     	; 0xf62 <.L51>
     f4c:	86 b3       	in	r24, 0x16	; 22

00000f4e <.L50>:
     f4e:	90 e0       	ldi	r25, 0x00	; 0
     f50:	02 c0       	rjmp	.+4      	; 0xf56 <.L2^B5>

00000f52 <.L1^B5>:
     f52:	95 95       	asr	r25
     f54:	87 95       	ror	r24

00000f56 <.L2^B5>:
     f56:	6a 95       	dec	r22
     f58:	e2 f7       	brpl	.-8      	; 0xf52 <.L1^B5>
     f5a:	81 70       	andi	r24, 0x01	; 1
     f5c:	fa 01       	movw	r30, r20
     f5e:	80 83       	st	Z, r24

00000f60 <.L42>:
     f60:	08 95       	ret

00000f62 <.L51>:
     f62:	89 b3       	in	r24, 0x19	; 25
     f64:	f4 cf       	rjmp	.-24     	; 0xf4e <.L50>

00000f66 <.L45>:
     f66:	80 b3       	in	r24, 0x10	; 16
     f68:	f2 cf       	rjmp	.-28     	; 0xf4e <.L50>

00000f6a <.L44>:
     f6a:	83 b3       	in	r24, 0x13	; 19
     f6c:	f0 cf       	rjmp	.-32     	; 0xf4e <.L50>

00000f6e <DIO_ReadGroup>:
     f6e:	61 15       	cp	r22, r1
     f70:	71 05       	cpc	r23, r1
     f72:	71 f0       	breq	.+28     	; 0xf90 <.L52>
     f74:	82 30       	cpi	r24, 0x02	; 2
     f76:	91 f0       	breq	.+36     	; 0xf9c <.L54>
     f78:	30 f4       	brcc	.+12     	; 0xf86 <.L55>
     f7a:	81 15       	cp	r24, r1
     f7c:	59 f0       	breq	.+22     	; 0xf94 <.L63>
     f7e:	86 b3       	in	r24, 0x16	; 22
     f80:	fb 01       	movw	r30, r22
     f82:	80 83       	st	Z, r24
     f84:	08 95       	ret

00000f86 <.L55>:
     f86:	83 30       	cpi	r24, 0x03	; 3
     f88:	21 f4       	brne	.+8      	; 0xf92 <.L64>
     f8a:	80 b3       	in	r24, 0x10	; 16
     f8c:	fb 01       	movw	r30, r22
     f8e:	80 83       	st	Z, r24

00000f90 <.L52>:
     f90:	08 95       	ret

00000f92 <.L64>:
     f92:	08 95       	ret

00000f94 <.L63>:
     f94:	89 b3       	in	r24, 0x19	; 25
     f96:	fb 01       	movw	r30, r22
     f98:	80 83       	st	Z, r24
     f9a:	08 95       	ret

00000f9c <.L54>:
     f9c:	83 b3       	in	r24, 0x13	; 19
     f9e:	fb 01       	movw	r30, r22
     fa0:	80 83       	st	Z, r24
     fa2:	08 95       	ret

00000fa4 <DIO_Toggle>:
     fa4:	82 30       	cpi	r24, 0x02	; 2
     fa6:	b9 f0       	breq	.+46     	; 0xfd6 <.L66>
     fa8:	58 f4       	brcc	.+22     	; 0xfc0 <.L67>
     faa:	81 15       	cp	r24, r1
     fac:	e9 f0       	breq	.+58     	; 0xfe8 <.L73>
     fae:	88 b3       	in	r24, 0x18	; 24
     fb0:	21 e0       	ldi	r18, 0x01	; 1
     fb2:	01 c0       	rjmp	.+2      	; 0xfb6 <.L2^B6>

00000fb4 <.L1^B6>:
     fb4:	22 0f       	add	r18, r18

00000fb6 <.L2^B6>:
     fb6:	6a 95       	dec	r22
     fb8:	ea f7       	brpl	.-6      	; 0xfb4 <.L1^B6>
     fba:	82 27       	eor	r24, r18
     fbc:	88 bb       	out	0x18, r24	; 24
     fbe:	08 95       	ret

00000fc0 <.L67>:
     fc0:	83 30       	cpi	r24, 0x03	; 3
     fc2:	d9 f4       	brne	.+54     	; 0xffa <.L74>
     fc4:	82 b3       	in	r24, 0x12	; 18
     fc6:	21 e0       	ldi	r18, 0x01	; 1
     fc8:	01 c0       	rjmp	.+2      	; 0xfcc <.L2^B7>

00000fca <.L1^B7>:
     fca:	22 0f       	add	r18, r18

00000fcc <.L2^B7>:
     fcc:	6a 95       	dec	r22
     fce:	ea f7       	brpl	.-6      	; 0xfca <.L1^B7>
     fd0:	82 27       	eor	r24, r18
     fd2:	82 bb       	out	0x12, r24	; 18
     fd4:	08 95       	ret

00000fd6 <.L66>:
     fd6:	85 b3       	in	r24, 0x15	; 21
     fd8:	21 e0       	ldi	r18, 0x01	; 1
     fda:	01 c0       	rjmp	.+2      	; 0xfde <.L2^B8>

00000fdc <.L1^B8>:
     fdc:	22 0f       	add	r18, r18

00000fde <.L2^B8>:
     fde:	6a 95       	dec	r22
     fe0:	ea f7       	brpl	.-6      	; 0xfdc <.L1^B8>
     fe2:	82 27       	eor	r24, r18
     fe4:	85 bb       	out	0x15, r24	; 21
     fe6:	08 95       	ret

00000fe8 <.L73>:
     fe8:	8b b3       	in	r24, 0x1b	; 27
     fea:	21 e0       	ldi	r18, 0x01	; 1
     fec:	01 c0       	rjmp	.+2      	; 0xff0 <.L2^B9>

00000fee <.L1^B9>:
     fee:	22 0f       	add	r18, r18

00000ff0 <.L2^B9>:
     ff0:	6a 95       	dec	r22
     ff2:	ea f7       	brpl	.-6      	; 0xfee <.L1^B9>
     ff4:	82 27       	eor	r24, r18
     ff6:	8b bb       	out	0x1b, r24	; 27
     ff8:	08 95       	ret

00000ffa <.L74>:
     ffa:	08 95       	ret

00000ffc <EXTI_Init>:
     ffc:	86 30       	cpi	r24, 0x06	; 6
     ffe:	b1 f0       	breq	.+44     	; 0x102c <.L13>
    1000:	87 30       	cpi	r24, 0x07	; 7
    1002:	19 f0       	breq	.+6      	; 0x100a <.L14>
    1004:	85 30       	cpi	r24, 0x05	; 5
    1006:	09 f1       	breq	.+66     	; 0x104a <.L15>

00001008 <.L1>:
    1008:	08 95       	ret

0000100a <.L14>:
    100a:	64 30       	cpi	r22, 0x04	; 4
    100c:	69 f1       	breq	.+90     	; 0x1068 <.L16>
    100e:	65 30       	cpi	r22, 0x05	; 5
    1010:	09 f4       	brne	.+2      	; 0x1014 <L0^A+0x2>

00001012 <L0^A>:
    1012:	43 c0       	rjmp	.+134    	; 0x109a <.L17>
    1014:	66 30       	cpi	r22, 0x06	; 6
    1016:	09 f4       	brne	.+2      	; 0x101a <L0^A+0x2>

00001018 <L0^A>:
    1018:	47 c0       	rjmp	.+142    	; 0x10a8 <.L18>
    101a:	67 30       	cpi	r22, 0x07	; 7
    101c:	a9 f7       	brne	.-22     	; 0x1008 <.L1>
    101e:	85 b7       	in	r24, 0x35	; 53
    1020:	84 60       	ori	r24, 0x04	; 4
    1022:	85 bf       	out	0x35, r24	; 53
    1024:	85 b7       	in	r24, 0x35	; 53
    1026:	88 60       	ori	r24, 0x08	; 8
    1028:	85 bf       	out	0x35, r24	; 53
    102a:	08 95       	ret

0000102c <.L13>:
    102c:	64 30       	cpi	r22, 0x04	; 4
    102e:	19 f1       	breq	.+70     	; 0x1076 <.L19>
    1030:	65 30       	cpi	r22, 0x05	; 5
    1032:	99 f0       	breq	.+38     	; 0x105a <.L20>
    1034:	66 30       	cpi	r22, 0x06	; 6
    1036:	31 f1       	breq	.+76     	; 0x1084 <.L21>
    1038:	67 30       	cpi	r22, 0x07	; 7
    103a:	31 f7       	brne	.-52     	; 0x1008 <.L1>
    103c:	85 b7       	in	r24, 0x35	; 53
    103e:	81 60       	ori	r24, 0x01	; 1
    1040:	85 bf       	out	0x35, r24	; 53
    1042:	85 b7       	in	r24, 0x35	; 53
    1044:	82 60       	ori	r24, 0x02	; 2
    1046:	85 bf       	out	0x35, r24	; 53
    1048:	08 95       	ret

0000104a <.L15>:
    104a:	66 30       	cpi	r22, 0x06	; 6
    104c:	11 f1       	breq	.+68     	; 0x1092 <.L22>
    104e:	67 30       	cpi	r22, 0x07	; 7
    1050:	d9 f6       	brne	.-74     	; 0x1008 <.L1>
    1052:	84 b7       	in	r24, 0x34	; 52
    1054:	80 64       	ori	r24, 0x40	; 64
    1056:	84 bf       	out	0x34, r24	; 52
    1058:	08 95       	ret

0000105a <.L20>:
    105a:	85 b7       	in	r24, 0x35	; 53
    105c:	81 60       	ori	r24, 0x01	; 1
    105e:	85 bf       	out	0x35, r24	; 53
    1060:	85 b7       	in	r24, 0x35	; 53
    1062:	8d 7f       	andi	r24, 0xFD	; 253
    1064:	85 bf       	out	0x35, r24	; 53
    1066:	08 95       	ret

00001068 <.L16>:
    1068:	85 b7       	in	r24, 0x35	; 53
    106a:	8b 7f       	andi	r24, 0xFB	; 251
    106c:	85 bf       	out	0x35, r24	; 53
    106e:	85 b7       	in	r24, 0x35	; 53
    1070:	87 7f       	andi	r24, 0xF7	; 247
    1072:	85 bf       	out	0x35, r24	; 53
    1074:	08 95       	ret

00001076 <.L19>:
    1076:	85 b7       	in	r24, 0x35	; 53
    1078:	8e 7f       	andi	r24, 0xFE	; 254
    107a:	85 bf       	out	0x35, r24	; 53
    107c:	85 b7       	in	r24, 0x35	; 53
    107e:	8d 7f       	andi	r24, 0xFD	; 253
    1080:	85 bf       	out	0x35, r24	; 53
    1082:	08 95       	ret

00001084 <.L21>:
    1084:	85 b7       	in	r24, 0x35	; 53
    1086:	8e 7f       	andi	r24, 0xFE	; 254
    1088:	85 bf       	out	0x35, r24	; 53
    108a:	85 b7       	in	r24, 0x35	; 53
    108c:	82 60       	ori	r24, 0x02	; 2
    108e:	85 bf       	out	0x35, r24	; 53
    1090:	08 95       	ret

00001092 <.L22>:
    1092:	84 b7       	in	r24, 0x34	; 52
    1094:	8f 7b       	andi	r24, 0xBF	; 191
    1096:	84 bf       	out	0x34, r24	; 52
    1098:	08 95       	ret

0000109a <.L17>:
    109a:	85 b7       	in	r24, 0x35	; 53
    109c:	84 60       	ori	r24, 0x04	; 4
    109e:	85 bf       	out	0x35, r24	; 53
    10a0:	85 b7       	in	r24, 0x35	; 53
    10a2:	87 7f       	andi	r24, 0xF7	; 247
    10a4:	85 bf       	out	0x35, r24	; 53
    10a6:	08 95       	ret

000010a8 <.L18>:
    10a8:	85 b7       	in	r24, 0x35	; 53
    10aa:	8b 7f       	andi	r24, 0xFB	; 251
    10ac:	85 bf       	out	0x35, r24	; 53
    10ae:	85 b7       	in	r24, 0x35	; 53
    10b0:	88 60       	ori	r24, 0x08	; 8
    10b2:	85 bf       	out	0x35, r24	; 53
    10b4:	08 95       	ret

000010b6 <EXTI_Enable>:
    10b6:	86 30       	cpi	r24, 0x06	; 6
    10b8:	49 f0       	breq	.+18     	; 0x10cc <.L27>
    10ba:	87 30       	cpi	r24, 0x07	; 7
    10bc:	19 f0       	breq	.+6      	; 0x10c4 <.L28>
    10be:	85 30       	cpi	r24, 0x05	; 5
    10c0:	49 f0       	breq	.+18     	; 0x10d4 <.L29>
    10c2:	08 95       	ret

000010c4 <.L28>:
    10c4:	8b b7       	in	r24, 0x3b	; 59
    10c6:	80 68       	ori	r24, 0x80	; 128
    10c8:	8b bf       	out	0x3b, r24	; 59
    10ca:	08 95       	ret

000010cc <.L27>:
    10cc:	8b b7       	in	r24, 0x3b	; 59
    10ce:	80 64       	ori	r24, 0x40	; 64
    10d0:	8b bf       	out	0x3b, r24	; 59
    10d2:	08 95       	ret

000010d4 <.L29>:
    10d4:	8b b7       	in	r24, 0x3b	; 59
    10d6:	80 62       	ori	r24, 0x20	; 32
    10d8:	8b bf       	out	0x3b, r24	; 59
    10da:	08 95       	ret

000010dc <EXTI_Disable>:
    10dc:	86 30       	cpi	r24, 0x06	; 6
    10de:	49 f0       	breq	.+18     	; 0x10f2 <.L34>
    10e0:	87 30       	cpi	r24, 0x07	; 7
    10e2:	19 f0       	breq	.+6      	; 0x10ea <.L35>
    10e4:	85 30       	cpi	r24, 0x05	; 5
    10e6:	49 f0       	breq	.+18     	; 0x10fa <.L36>
    10e8:	08 95       	ret

000010ea <.L35>:
    10ea:	8b b7       	in	r24, 0x3b	; 59
    10ec:	8f 77       	andi	r24, 0x7F	; 127
    10ee:	8b bf       	out	0x3b, r24	; 59
    10f0:	08 95       	ret

000010f2 <.L34>:
    10f2:	8b b7       	in	r24, 0x3b	; 59
    10f4:	8f 7b       	andi	r24, 0xBF	; 191
    10f6:	8b bf       	out	0x3b, r24	; 59
    10f8:	08 95       	ret

000010fa <.L36>:
    10fa:	8b b7       	in	r24, 0x3b	; 59
    10fc:	8f 7d       	andi	r24, 0xDF	; 223
    10fe:	8b bf       	out	0x3b, r24	; 59
    1100:	08 95       	ret

00001102 <EXTI_CallBack>:
    1102:	83 30       	cpi	r24, 0x03	; 3
    1104:	58 f4       	brcc	.+22     	; 0x111c <.L37>
    1106:	61 15       	cp	r22, r1
    1108:	71 05       	cpc	r23, r1
    110a:	41 f0       	breq	.+16     	; 0x111c <.L37>
    110c:	e8 2f       	mov	r30, r24
    110e:	f0 e0       	ldi	r31, 0x00	; 0
    1110:	ee 0f       	add	r30, r30
    1112:	ff 1f       	adc	r31, r31
    1114:	ee 57       	subi	r30, 0x7E	; 126
    1116:	fd 4f       	sbci	r31, 0xFD	; 253
    1118:	60 83       	st	Z, r22
    111a:	71 83       	std	Z+1, r23	; 0x01

0000111c <.L37>:
    111c:	08 95       	ret

0000111e <__vector_1>:
    111e:	1f 92       	push	r1
    1120:	0f 92       	push	r0
    1122:	0f b6       	in	r0, 0x3f	; 63
    1124:	0f 92       	push	r0
    1126:	11 24       	eor	r1, r1
    1128:	2f 93       	push	r18
    112a:	3f 93       	push	r19
    112c:	4f 93       	push	r20
    112e:	5f 93       	push	r21
    1130:	6f 93       	push	r22
    1132:	7f 93       	push	r23
    1134:	8f 93       	push	r24
    1136:	9f 93       	push	r25
    1138:	af 93       	push	r26
    113a:	bf 93       	push	r27
    113c:	ef 93       	push	r30
    113e:	ff 93       	push	r31
    1140:	e0 91 82 02 	lds	r30, 0x0282	; 0x800282 <Ptr>
    1144:	f0 91 83 02 	lds	r31, 0x0283	; 0x800283 <Ptr+0x1>
    1148:	30 97       	sbiw	r30, 0x00	; 0
    114a:	09 f0       	breq	.+2      	; 0x114e <.L42>
    114c:	09 95       	icall

0000114e <.L42>:
    114e:	ff 91       	pop	r31
    1150:	ef 91       	pop	r30
    1152:	bf 91       	pop	r27
    1154:	af 91       	pop	r26
    1156:	9f 91       	pop	r25
    1158:	8f 91       	pop	r24
    115a:	7f 91       	pop	r23
    115c:	6f 91       	pop	r22
    115e:	5f 91       	pop	r21
    1160:	4f 91       	pop	r20
    1162:	3f 91       	pop	r19
    1164:	2f 91       	pop	r18
    1166:	0f 90       	pop	r0
    1168:	0f be       	out	0x3f, r0	; 63
    116a:	0f 90       	pop	r0
    116c:	1f 90       	pop	r1
    116e:	18 95       	reti

00001170 <__vector_2>:
    1170:	1f 92       	push	r1
    1172:	0f 92       	push	r0
    1174:	0f b6       	in	r0, 0x3f	; 63
    1176:	0f 92       	push	r0
    1178:	11 24       	eor	r1, r1
    117a:	2f 93       	push	r18
    117c:	3f 93       	push	r19
    117e:	4f 93       	push	r20
    1180:	5f 93       	push	r21
    1182:	6f 93       	push	r22
    1184:	7f 93       	push	r23
    1186:	8f 93       	push	r24
    1188:	9f 93       	push	r25
    118a:	af 93       	push	r26
    118c:	bf 93       	push	r27
    118e:	ef 93       	push	r30
    1190:	ff 93       	push	r31
    1192:	e0 91 84 02 	lds	r30, 0x0284	; 0x800284 <Ptr+0x2>
    1196:	f0 91 85 02 	lds	r31, 0x0285	; 0x800285 <Ptr+0x3>
    119a:	30 97       	sbiw	r30, 0x00	; 0
    119c:	09 f0       	breq	.+2      	; 0x11a0 <.L47>
    119e:	09 95       	icall

000011a0 <.L47>:
    11a0:	ff 91       	pop	r31
    11a2:	ef 91       	pop	r30
    11a4:	bf 91       	pop	r27
    11a6:	af 91       	pop	r26
    11a8:	9f 91       	pop	r25
    11aa:	8f 91       	pop	r24
    11ac:	7f 91       	pop	r23
    11ae:	6f 91       	pop	r22
    11b0:	5f 91       	pop	r21
    11b2:	4f 91       	pop	r20
    11b4:	3f 91       	pop	r19
    11b6:	2f 91       	pop	r18
    11b8:	0f 90       	pop	r0
    11ba:	0f be       	out	0x3f, r0	; 63
    11bc:	0f 90       	pop	r0
    11be:	1f 90       	pop	r1
    11c0:	18 95       	reti

000011c2 <__vector_3>:
    11c2:	1f 92       	push	r1
    11c4:	0f 92       	push	r0
    11c6:	0f b6       	in	r0, 0x3f	; 63
    11c8:	0f 92       	push	r0
    11ca:	11 24       	eor	r1, r1
    11cc:	2f 93       	push	r18
    11ce:	3f 93       	push	r19
    11d0:	4f 93       	push	r20
    11d2:	5f 93       	push	r21
    11d4:	6f 93       	push	r22
    11d6:	7f 93       	push	r23
    11d8:	8f 93       	push	r24
    11da:	9f 93       	push	r25
    11dc:	af 93       	push	r26
    11de:	bf 93       	push	r27
    11e0:	ef 93       	push	r30
    11e2:	ff 93       	push	r31
    11e4:	e0 91 86 02 	lds	r30, 0x0286	; 0x800286 <Ptr+0x4>
    11e8:	f0 91 87 02 	lds	r31, 0x0287	; 0x800287 <Ptr+0x5>
    11ec:	30 97       	sbiw	r30, 0x00	; 0
    11ee:	09 f0       	breq	.+2      	; 0x11f2 <.L52>
    11f0:	09 95       	icall

000011f2 <.L52>:
    11f2:	ff 91       	pop	r31
    11f4:	ef 91       	pop	r30
    11f6:	bf 91       	pop	r27
    11f8:	af 91       	pop	r26
    11fa:	9f 91       	pop	r25
    11fc:	8f 91       	pop	r24
    11fe:	7f 91       	pop	r23
    1200:	6f 91       	pop	r22
    1202:	5f 91       	pop	r21
    1204:	4f 91       	pop	r20
    1206:	3f 91       	pop	r19
    1208:	2f 91       	pop	r18
    120a:	0f 90       	pop	r0
    120c:	0f be       	out	0x3f, r0	; 63
    120e:	0f 90       	pop	r0
    1210:	1f 90       	pop	r1
    1212:	18 95       	reti

00001214 <GIE_Enable>:
    1214:	8f b7       	in	r24, 0x3f	; 63
    1216:	80 68       	ori	r24, 0x80	; 128
    1218:	8f bf       	out	0x3f, r24	; 63
    121a:	08 95       	ret

0000121c <GIE_Disable>:
    121c:	8f b7       	in	r24, 0x3f	; 63
    121e:	8f 77       	andi	r24, 0x7F	; 127
    1220:	8f bf       	out	0x3f, r24	; 63
    1222:	08 95       	ret

00001224 <UART_Init>:
    1224:	ef 92       	push	r14
    1226:	ff 92       	push	r15
    1228:	0f 93       	push	r16
    122a:	1f 93       	push	r17
    122c:	cf 93       	push	r28
    122e:	df 93       	push	r29
    1230:	cd b7       	in	r28, 0x3d	; 61
    1232:	de b7       	in	r29, 0x3e	; 62
    1234:	2b 97       	sbiw	r28, 0x0b	; 11
    1236:	0f b6       	in	r0, 0x3f	; 63
    1238:	f8 94       	cli
    123a:	de bf       	out	0x3e, r29	; 62
    123c:	0f be       	out	0x3f, r0	; 63
    123e:	cd bf       	out	0x3d, r28	; 61
    1240:	ae 2d       	mov	r26, r14
    1242:	e9 82       	std	Y+1, r14	; 0x01
    1244:	ff 2d       	mov	r31, r15
    1246:	fa 82       	std	Y+2, r15	; 0x02
    1248:	e0 2f       	mov	r30, r16
    124a:	0b 83       	std	Y+3, r16	; 0x03
    124c:	91 2f       	mov	r25, r17
    124e:	1c 83       	std	Y+4, r17	; 0x04
    1250:	2d 83       	std	Y+5, r18	; 0x05
    1252:	3e 83       	std	Y+6, r19	; 0x06
    1254:	4f 83       	std	Y+7, r20	; 0x07
    1256:	58 87       	std	Y+8, r21	; 0x08
    1258:	06 2f       	mov	r16, r22
    125a:	69 87       	std	Y+9, r22	; 0x09
    125c:	67 2f       	mov	r22, r23
    125e:	7a 87       	std	Y+10, r23	; 0x0a
    1260:	18 2f       	mov	r17, r24
    1262:	8b 87       	std	Y+11, r24	; 0x0b
    1264:	2d 81       	ldd	r18, Y+5	; 0x05
    1266:	3e 81       	ldd	r19, Y+6	; 0x06
    1268:	4f 81       	ldd	r20, Y+7	; 0x07
    126a:	58 85       	ldd	r21, Y+8	; 0x08
    126c:	e0 92 88 02 	sts	0x0288, r14	; 0x800288 <GlobaleUart_Config>
    1270:	f0 92 89 02 	sts	0x0289, r15	; 0x800289 <GlobaleUart_Config+0x1>
    1274:	e0 93 8a 02 	sts	0x028A, r30	; 0x80028a <GlobaleUart_Config+0x2>
    1278:	90 93 8b 02 	sts	0x028B, r25	; 0x80028b <GlobaleUart_Config+0x3>
    127c:	20 93 8c 02 	sts	0x028C, r18	; 0x80028c <GlobaleUart_Config+0x4>
    1280:	30 93 8d 02 	sts	0x028D, r19	; 0x80028d <GlobaleUart_Config+0x5>
    1284:	40 93 8e 02 	sts	0x028E, r20	; 0x80028e <GlobaleUart_Config+0x6>
    1288:	50 93 8f 02 	sts	0x028F, r21	; 0x80028f <GlobaleUart_Config+0x7>
    128c:	00 93 90 02 	sts	0x0290, r16	; 0x800290 <GlobaleUart_Config+0x8>
    1290:	70 93 91 02 	sts	0x0291, r23	; 0x800291 <GlobaleUart_Config+0x9>
    1294:	80 93 92 02 	sts	0x0292, r24	; 0x800292 <GlobaleUart_Config+0xa>
    1298:	80 ec       	ldi	r24, 0xC0	; 192
    129a:	a1 30       	cpi	r26, 0x01	; 1
    129c:	09 f0       	breq	.+2      	; 0x12a0 <.L2>
    129e:	80 e8       	ldi	r24, 0x80	; 128

000012a0 <.L2>:
    12a0:	e1 30       	cpi	r30, 0x01	; 1
    12a2:	09 f4       	brne	.+2      	; 0x12a6 <L0^A+0x2>

000012a4 <L0^A>:
    12a4:	74 c0       	rjmp	.+232    	; 0x138e <.L35>
    12a6:	e2 30       	cpi	r30, 0x02	; 2
    12a8:	09 f4       	brne	.+2      	; 0x12ac <.L4>

000012aa <L0^A>:
    12aa:	5a c0       	rjmp	.+180    	; 0x1360 <.L36>

000012ac <.L4>:
    12ac:	f1 30       	cpi	r31, 0x01	; 1
    12ae:	09 f4       	brne	.+2      	; 0x12b2 <.L5>

000012b0 <L0^A>:
    12b0:	5b c0       	rjmp	.+182    	; 0x1368 <.L37>

000012b2 <.L5>:
    12b2:	91 30       	cpi	r25, 0x01	; 1
    12b4:	58 f0       	brcs	.+22     	; 0x12cc <.L6>
    12b6:	09 f4       	brne	.+2      	; 0x12ba <L0^A+0x2>

000012b8 <L0^A>:
    12b8:	6f c0       	rjmp	.+222    	; 0x1398 <.L38>
    12ba:	92 30       	cpi	r25, 0x02	; 2
    12bc:	09 f4       	brne	.+2      	; 0x12c0 <L0^A+0x2>

000012be <L0^A>:
    12be:	75 c0       	rjmp	.+234    	; 0x13aa <.L39>
    12c0:	93 30       	cpi	r25, 0x03	; 3
    12c2:	09 f4       	brne	.+2      	; 0x12c6 <L0^A+0x2>

000012c4 <L0^A>:
    12c4:	6b c0       	rjmp	.+214    	; 0x139c <.L29>
    12c6:	97 30       	cpi	r25, 0x07	; 7
    12c8:	09 f4       	brne	.+2      	; 0x12cc <.L6>

000012ca <L0^A>:
    12ca:	68 c0       	rjmp	.+208    	; 0x139c <.L29>

000012cc <.L6>:
    12cc:	80 bd       	out	0x20, r24	; 32
    12ce:	61 30       	cpi	r22, 0x01	; 1
    12d0:	e8 f5       	brcc	.+122    	; 0x134c <.L10>
    12d2:	59 98       	cbi	0x0b, 1	; 11
    12d4:	22 0f       	add	r18, r18
    12d6:	33 1f       	adc	r19, r19
    12d8:	44 1f       	adc	r20, r20
    12da:	55 1f       	adc	r21, r21
    12dc:	22 0f       	add	r18, r18
    12de:	33 1f       	adc	r19, r19
    12e0:	44 1f       	adc	r20, r20
    12e2:	55 1f       	adc	r21, r21
    12e4:	22 0f       	add	r18, r18
    12e6:	33 1f       	adc	r19, r19
    12e8:	44 1f       	adc	r20, r20
    12ea:	55 1f       	adc	r21, r21
    12ec:	22 0f       	add	r18, r18
    12ee:	33 1f       	adc	r19, r19
    12f0:	44 1f       	adc	r20, r20
    12f2:	55 1f       	adc	r21, r21

000012f4 <.L30>:
    12f4:	60 e0       	ldi	r22, 0x00	; 0
    12f6:	72 e1       	ldi	r23, 0x12	; 18
    12f8:	8a e7       	ldi	r24, 0x7A	; 122
    12fa:	90 e0       	ldi	r25, 0x00	; 0
    12fc:	0e 94 ef 0a 	call	0x15de	; 0x15de <__udivmodsi4>
    1300:	21 50       	subi	r18, 0x01	; 1
    1302:	31 09       	sbc	r19, r1
    1304:	92 2f       	mov	r25, r18
    1306:	83 2f       	mov	r24, r19

00001308 <.L11>:
    1308:	99 b9       	out	0x09, r25	; 9
    130a:	80 bd       	out	0x20, r24	; 32
    130c:	57 98       	cbi	0x0a, 7	; 10
    130e:	56 98       	cbi	0x0a, 6	; 10
    1310:	55 98       	cbi	0x0a, 5	; 10
    1312:	11 50       	subi	r17, 0x01	; 1
    1314:	17 30       	cpi	r17, 0x07	; 7
    1316:	48 f4       	brcc	.+18     	; 0x132a <.L12>
    1318:	e1 2f       	mov	r30, r17
    131a:	f0 e0       	ldi	r31, 0x00	; 0
    131c:	ef 5e       	subi	r30, 0xEF	; 239
    131e:	f1 4f       	sbci	r31, 0xF1	; 241
    1320:	0c 94 11 0b 	jmp	0x1622	; 0x1622 <__tablejump2__>

00001324 <.L13>:
    1324:	56 9a       	sbi	0x0a, 6	; 10

00001326 <.L33>:
    1326:	57 9a       	sbi	0x0a, 7	; 10

00001328 <.L32>:
    1328:	55 9a       	sbi	0x0a, 5	; 10

0000132a <.L12>:
    132a:	01 30       	cpi	r16, 0x01	; 1
    132c:	98 f4       	brcc	.+38     	; 0x1354 <.L21>
    132e:	54 9a       	sbi	0x0a, 4	; 10
    1330:	53 98       	cbi	0x0a, 3	; 10

00001332 <.L1>:
    1332:	2b 96       	adiw	r28, 0x0b	; 11
    1334:	0f b6       	in	r0, 0x3f	; 63
    1336:	f8 94       	cli
    1338:	de bf       	out	0x3e, r29	; 62
    133a:	0f be       	out	0x3f, r0	; 63
    133c:	cd bf       	out	0x3d, r28	; 61
    133e:	df 91       	pop	r29
    1340:	cf 91       	pop	r28
    1342:	1f 91       	pop	r17
    1344:	0f 91       	pop	r16
    1346:	ff 90       	pop	r15
    1348:	ef 90       	pop	r14
    134a:	08 95       	ret

0000134c <.L10>:
    134c:	79 f0       	breq	.+30     	; 0x136c <.L40>
    134e:	80 e0       	ldi	r24, 0x00	; 0
    1350:	90 e0       	ldi	r25, 0x00	; 0
    1352:	da cf       	rjmp	.-76     	; 0x1308 <.L11>

00001354 <.L21>:
    1354:	f1 f0       	breq	.+60     	; 0x1392 <.L41>
    1356:	02 30       	cpi	r16, 0x02	; 2
    1358:	61 f7       	brne	.-40     	; 0x1332 <.L1>
    135a:	54 9a       	sbi	0x0a, 4	; 10
    135c:	53 9a       	sbi	0x0a, 3	; 10
    135e:	e9 cf       	rjmp	.-46     	; 0x1332 <.L1>

00001360 <.L36>:
    1360:	80 63       	ori	r24, 0x30	; 48
    1362:	f1 30       	cpi	r31, 0x01	; 1
    1364:	09 f0       	breq	.+2      	; 0x1368 <.L37>

00001366 <L0^A>:
    1366:	a5 cf       	rjmp	.-182    	; 0x12b2 <.L5>

00001368 <.L37>:
    1368:	88 60       	ori	r24, 0x08	; 8
    136a:	a3 cf       	rjmp	.-186    	; 0x12b2 <.L5>

0000136c <.L40>:
    136c:	59 9a       	sbi	0x0b, 1	; 11
    136e:	22 0f       	add	r18, r18
    1370:	33 1f       	adc	r19, r19
    1372:	44 1f       	adc	r20, r20
    1374:	55 1f       	adc	r21, r21
    1376:	22 0f       	add	r18, r18
    1378:	33 1f       	adc	r19, r19
    137a:	44 1f       	adc	r20, r20
    137c:	55 1f       	adc	r21, r21
    137e:	22 0f       	add	r18, r18
    1380:	33 1f       	adc	r19, r19
    1382:	44 1f       	adc	r20, r20
    1384:	55 1f       	adc	r21, r21
    1386:	b6 cf       	rjmp	.-148    	; 0x12f4 <.L30>

00001388 <.L17>:
    1388:	57 9a       	sbi	0x0a, 7	; 10

0000138a <.L31>:
    138a:	56 9a       	sbi	0x0a, 6	; 10
    138c:	ce cf       	rjmp	.-100    	; 0x132a <.L12>

0000138e <.L35>:
    138e:	80 62       	ori	r24, 0x20	; 32
    1390:	8d cf       	rjmp	.-230    	; 0x12ac <.L4>

00001392 <.L41>:
    1392:	53 9a       	sbi	0x0a, 3	; 10
    1394:	54 98       	cbi	0x0a, 4	; 10
    1396:	cd cf       	rjmp	.-102    	; 0x1332 <.L1>

00001398 <.L38>:
    1398:	82 60       	ori	r24, 0x02	; 2
    139a:	98 cf       	rjmp	.-208    	; 0x12cc <.L6>

0000139c <.L29>:
    139c:	86 60       	ori	r24, 0x06	; 6
    139e:	96 cf       	rjmp	.-212    	; 0x12cc <.L6>

000013a0 <.L20>:
    13a0:	57 9a       	sbi	0x0a, 7	; 10
    13a2:	c3 cf       	rjmp	.-122    	; 0x132a <.L12>

000013a4 <.L15>:
    13a4:	56 9a       	sbi	0x0a, 6	; 10
    13a6:	55 9a       	sbi	0x0a, 5	; 10
    13a8:	c0 cf       	rjmp	.-128    	; 0x132a <.L12>

000013aa <.L39>:
    13aa:	84 60       	ori	r24, 0x04	; 4
    13ac:	8f cf       	rjmp	.-226    	; 0x12cc <.L6>

000013ae <UART_SendBytePolling>:
    13ae:	9c 01       	movw	r18, r24

000013b0 <.L43>:
    13b0:	5d 9b       	sbis	0x0b, 5	; 11
    13b2:	fe cf       	rjmp	.-4      	; 0x13b0 <.L43>
    13b4:	80 91 8b 02 	lds	r24, 0x028B	; 0x80028b <GlobaleUart_Config+0x3>
    13b8:	89 30       	cpi	r24, 0x09	; 9
    13ba:	11 f0       	breq	.+4      	; 0x13c0 <.L52>

000013bc <.L45>:
    13bc:	2c b9       	out	0x0c, r18	; 12
    13be:	08 95       	ret

000013c0 <.L52>:
    13c0:	50 98       	cbi	0x0a, 0	; 10
    13c2:	30 ff       	sbrs	r19, 0
    13c4:	fb cf       	rjmp	.-10     	; 0x13bc <.L45>
    13c6:	50 9a       	sbi	0x0a, 0	; 10
    13c8:	2c b9       	out	0x0c, r18	; 12
    13ca:	08 95       	ret

000013cc <UART_ReceiveBytePolling>:
    13cc:	5f 9b       	sbis	0x0b, 7	; 11
    13ce:	fe cf       	rjmp	.-4      	; 0x13cc <UART_ReceiveBytePolling>
    13d0:	80 91 8b 02 	lds	r24, 0x028B	; 0x80028b <GlobaleUart_Config+0x3>
    13d4:	89 30       	cpi	r24, 0x09	; 9
    13d6:	09 f4       	brne	.+2      	; 0x13da <.L55>
    13d8:	8a b1       	in	r24, 0x0a	; 10

000013da <.L55>:
    13da:	8c b1       	in	r24, 0x0c	; 12
    13dc:	8c b1       	in	r24, 0x0c	; 12
    13de:	90 e0       	ldi	r25, 0x00	; 0
    13e0:	08 95       	ret

000013e2 <UART_SendStringPolling>:
    13e2:	dc 01       	movw	r26, r24
    13e4:	9c 91       	ld	r25, X
    13e6:	91 15       	cp	r25, r1
    13e8:	81 f0       	breq	.+32     	; 0x140a <.L58>
    13ea:	20 e0       	ldi	r18, 0x00	; 0
    13ec:	80 91 8b 02 	lds	r24, 0x028B	; 0x80028b <GlobaleUart_Config+0x3>

000013f0 <.L60>:
    13f0:	5d 9b       	sbis	0x0b, 5	; 11
    13f2:	fe cf       	rjmp	.-4      	; 0x13f0 <.L60>
    13f4:	89 30       	cpi	r24, 0x09	; 9
    13f6:	09 f4       	brne	.+2      	; 0x13fa <.L61>
    13f8:	50 98       	cbi	0x0a, 0	; 10

000013fa <.L61>:
    13fa:	9c b9       	out	0x0c, r25	; 12
    13fc:	2f 5f       	subi	r18, 0xFF	; 255
    13fe:	fd 01       	movw	r30, r26
    1400:	e2 0f       	add	r30, r18
    1402:	f1 1d       	adc	r31, r1
    1404:	90 81       	ld	r25, Z
    1406:	91 11       	cpse	r25, r1
    1408:	f3 cf       	rjmp	.-26     	; 0x13f0 <.L60>

0000140a <.L58>:
    140a:	08 95       	ret

0000140c <UART_ReceiveStringPolling>:
    140c:	dc 01       	movw	r26, r24
    140e:	89 2b       	or	r24, r25
    1410:	d9 f0       	breq	.+54     	; 0x1448 <.L69>

00001412 <.L71>:
    1412:	5f 9b       	sbis	0x0b, 7	; 11
    1414:	fe cf       	rjmp	.-4      	; 0x1412 <.L71>
    1416:	80 91 8b 02 	lds	r24, 0x028B	; 0x80028b <GlobaleUart_Config+0x3>
    141a:	89 30       	cpi	r24, 0x09	; 9
    141c:	b1 f0       	breq	.+44     	; 0x144a <.L86>
    141e:	9c b1       	in	r25, 0x0c	; 12
    1420:	9c b1       	in	r25, 0x0c	; 12
    1422:	9c 93       	st	X, r25
    1424:	69 17       	cp	r22, r25
    1426:	b9 f0       	breq	.+46     	; 0x1456 <.L77>

00001428 <.L87>:
    1428:	90 e0       	ldi	r25, 0x00	; 0

0000142a <.L76>:
    142a:	9f 5f       	subi	r25, 0xFF	; 255

0000142c <.L74>:
    142c:	5f 9b       	sbis	0x0b, 7	; 11
    142e:	fe cf       	rjmp	.-4      	; 0x142c <.L74>
    1430:	89 30       	cpi	r24, 0x09	; 9
    1432:	09 f4       	brne	.+2      	; 0x1436 <.L75>
    1434:	2a b1       	in	r18, 0x0a	; 10

00001436 <.L75>:
    1436:	2c b1       	in	r18, 0x0c	; 12
    1438:	2c b1       	in	r18, 0x0c	; 12
    143a:	fd 01       	movw	r30, r26
    143c:	e9 0f       	add	r30, r25
    143e:	f1 1d       	adc	r31, r1
    1440:	20 83       	st	Z, r18
    1442:	62 13       	cpse	r22, r18
    1444:	f2 cf       	rjmp	.-28     	; 0x142a <.L76>
    1446:	10 82       	st	Z, r1

00001448 <.L69>:
    1448:	08 95       	ret

0000144a <.L86>:
    144a:	9a b1       	in	r25, 0x0a	; 10
    144c:	9c b1       	in	r25, 0x0c	; 12
    144e:	9c b1       	in	r25, 0x0c	; 12
    1450:	9c 93       	st	X, r25
    1452:	69 13       	cpse	r22, r25
    1454:	e9 cf       	rjmp	.-46     	; 0x1428 <.L87>

00001456 <.L77>:
    1456:	fd 01       	movw	r30, r26
    1458:	10 82       	st	Z, r1
    145a:	08 95       	ret

0000145c <UART_SendBufferPolling>:
    145c:	61 15       	cp	r22, r1
    145e:	71 05       	cpc	r23, r1
    1460:	79 f0       	breq	.+30     	; 0x1480 <.L88>
    1462:	fc 01       	movw	r30, r24
    1464:	68 0f       	add	r22, r24
    1466:	79 1f       	adc	r23, r25
    1468:	90 91 8b 02 	lds	r25, 0x028B	; 0x80028b <GlobaleUart_Config+0x3>

0000146c <.L92>:
    146c:	81 91       	ld	r24, Z+

0000146e <.L90>:
    146e:	5d 9b       	sbis	0x0b, 5	; 11
    1470:	fe cf       	rjmp	.-4      	; 0x146e <.L90>
    1472:	99 30       	cpi	r25, 0x09	; 9
    1474:	09 f4       	brne	.+2      	; 0x1478 <.L91>
    1476:	50 98       	cbi	0x0a, 0	; 10

00001478 <.L91>:
    1478:	8c b9       	out	0x0c, r24	; 12
    147a:	e6 17       	cp	r30, r22
    147c:	f7 07       	cpc	r31, r23
    147e:	b1 f7       	brne	.-20     	; 0x146c <.L92>

00001480 <.L88>:
    1480:	08 95       	ret

00001482 <UART_EnableRX>:
    1482:	54 9a       	sbi	0x0a, 4	; 10
    1484:	08 95       	ret

00001486 <UART_EnableTX>:
    1486:	53 9a       	sbi	0x0a, 3	; 10
    1488:	08 95       	ret

0000148a <UART_DisableRX>:
    148a:	54 98       	cbi	0x0a, 4	; 10
    148c:	08 95       	ret

0000148e <UART_DisableTX>:
    148e:	53 98       	cbi	0x0a, 3	; 10
    1490:	08 95       	ret

00001492 <UART_SendByteInterrupt>:
    1492:	08 95       	ret

00001494 <UART_EnableRXInterrupt>:
    1494:	57 9a       	sbi	0x0a, 7	; 10
    1496:	08 95       	ret

00001498 <UART_EnableTXInterrupt>:
    1498:	56 9a       	sbi	0x0a, 6	; 10
    149a:	08 95       	ret

0000149c <UART_EnableREInterrupt>:
    149c:	55 9a       	sbi	0x0a, 5	; 10
    149e:	08 95       	ret

000014a0 <UART_DisableRXInterrupt>:
    14a0:	57 98       	cbi	0x0a, 7	; 10
    14a2:	08 95       	ret

000014a4 <UART_DisableTXInterrupt>:
    14a4:	56 98       	cbi	0x0a, 6	; 10
    14a6:	08 95       	ret

000014a8 <UART_DisableREInterrupt>:
    14a8:	55 98       	cbi	0x0a, 5	; 10
    14aa:	08 95       	ret

000014ac <UART_SetRXCallback>:
    14ac:	00 97       	sbiw	r24, 0x00	; 0
    14ae:	21 f0       	breq	.+8      	; 0x14b8 <.L110>
    14b0:	80 93 97 02 	sts	0x0297, r24	; 0x800297 <PF_UartRX>
    14b4:	90 93 98 02 	sts	0x0298, r25	; 0x800298 <PF_UartRX+0x1>

000014b8 <.L110>:
    14b8:	08 95       	ret

000014ba <UART_SetTXCallback>:
    14ba:	00 97       	sbiw	r24, 0x00	; 0
    14bc:	21 f0       	breq	.+8      	; 0x14c6 <.L115>
    14be:	80 93 95 02 	sts	0x0295, r24	; 0x800295 <PF_UartTX>
    14c2:	90 93 96 02 	sts	0x0296, r25	; 0x800296 <PF_UartTX+0x1>

000014c6 <.L115>:
    14c6:	08 95       	ret

000014c8 <UART_SetRECallback>:
    14c8:	00 97       	sbiw	r24, 0x00	; 0
    14ca:	21 f0       	breq	.+8      	; 0x14d4 <.L120>
    14cc:	80 93 93 02 	sts	0x0293, r24	; 0x800293 <PF_UartRE>
    14d0:	90 93 94 02 	sts	0x0294, r25	; 0x800294 <PF_UartRE+0x1>

000014d4 <.L120>:
    14d4:	08 95       	ret

000014d6 <__vector_13>:
    14d6:	1f 92       	push	r1
    14d8:	0f 92       	push	r0
    14da:	0f b6       	in	r0, 0x3f	; 63
    14dc:	0f 92       	push	r0
    14de:	11 24       	eor	r1, r1
    14e0:	2f 93       	push	r18
    14e2:	3f 93       	push	r19
    14e4:	4f 93       	push	r20
    14e6:	5f 93       	push	r21
    14e8:	6f 93       	push	r22
    14ea:	7f 93       	push	r23
    14ec:	8f 93       	push	r24
    14ee:	9f 93       	push	r25
    14f0:	af 93       	push	r26
    14f2:	bf 93       	push	r27
    14f4:	ef 93       	push	r30
    14f6:	ff 93       	push	r31
    14f8:	e0 91 97 02 	lds	r30, 0x0297	; 0x800297 <PF_UartRX>
    14fc:	f0 91 98 02 	lds	r31, 0x0298	; 0x800298 <PF_UartRX+0x1>
    1500:	30 97       	sbiw	r30, 0x00	; 0
    1502:	19 f0       	breq	.+6      	; 0x150a <.L125>
    1504:	80 e0       	ldi	r24, 0x00	; 0
    1506:	90 e0       	ldi	r25, 0x00	; 0
    1508:	09 95       	icall

0000150a <.L125>:
    150a:	ff 91       	pop	r31
    150c:	ef 91       	pop	r30
    150e:	bf 91       	pop	r27
    1510:	af 91       	pop	r26
    1512:	9f 91       	pop	r25
    1514:	8f 91       	pop	r24
    1516:	7f 91       	pop	r23
    1518:	6f 91       	pop	r22
    151a:	5f 91       	pop	r21
    151c:	4f 91       	pop	r20
    151e:	3f 91       	pop	r19
    1520:	2f 91       	pop	r18
    1522:	0f 90       	pop	r0
    1524:	0f be       	out	0x3f, r0	; 63
    1526:	0f 90       	pop	r0
    1528:	1f 90       	pop	r1
    152a:	18 95       	reti

0000152c <__vector_15>:
    152c:	1f 92       	push	r1
    152e:	0f 92       	push	r0
    1530:	0f b6       	in	r0, 0x3f	; 63
    1532:	0f 92       	push	r0
    1534:	11 24       	eor	r1, r1
    1536:	2f 93       	push	r18
    1538:	3f 93       	push	r19
    153a:	4f 93       	push	r20
    153c:	5f 93       	push	r21
    153e:	6f 93       	push	r22
    1540:	7f 93       	push	r23
    1542:	8f 93       	push	r24
    1544:	9f 93       	push	r25
    1546:	af 93       	push	r26
    1548:	bf 93       	push	r27
    154a:	ef 93       	push	r30
    154c:	ff 93       	push	r31
    154e:	e0 91 95 02 	lds	r30, 0x0295	; 0x800295 <PF_UartTX>
    1552:	f0 91 96 02 	lds	r31, 0x0296	; 0x800296 <PF_UartTX+0x1>
    1556:	30 97       	sbiw	r30, 0x00	; 0
    1558:	09 f0       	breq	.+2      	; 0x155c <.L130>
    155a:	09 95       	icall

0000155c <.L130>:
    155c:	ff 91       	pop	r31
    155e:	ef 91       	pop	r30
    1560:	bf 91       	pop	r27
    1562:	af 91       	pop	r26
    1564:	9f 91       	pop	r25
    1566:	8f 91       	pop	r24
    1568:	7f 91       	pop	r23
    156a:	6f 91       	pop	r22
    156c:	5f 91       	pop	r21
    156e:	4f 91       	pop	r20
    1570:	3f 91       	pop	r19
    1572:	2f 91       	pop	r18
    1574:	0f 90       	pop	r0
    1576:	0f be       	out	0x3f, r0	; 63
    1578:	0f 90       	pop	r0
    157a:	1f 90       	pop	r1
    157c:	18 95       	reti

0000157e <__vector_14>:
    157e:	1f 92       	push	r1
    1580:	0f 92       	push	r0
    1582:	0f b6       	in	r0, 0x3f	; 63
    1584:	0f 92       	push	r0
    1586:	11 24       	eor	r1, r1
    1588:	2f 93       	push	r18
    158a:	3f 93       	push	r19
    158c:	4f 93       	push	r20
    158e:	5f 93       	push	r21
    1590:	6f 93       	push	r22
    1592:	7f 93       	push	r23
    1594:	8f 93       	push	r24
    1596:	9f 93       	push	r25
    1598:	af 93       	push	r26
    159a:	bf 93       	push	r27
    159c:	ef 93       	push	r30
    159e:	ff 93       	push	r31
    15a0:	e0 91 93 02 	lds	r30, 0x0293	; 0x800293 <PF_UartRE>
    15a4:	f0 91 94 02 	lds	r31, 0x0294	; 0x800294 <PF_UartRE+0x1>
    15a8:	30 97       	sbiw	r30, 0x00	; 0
    15aa:	09 f0       	breq	.+2      	; 0x15ae <.L135>
    15ac:	09 95       	icall

000015ae <.L135>:
    15ae:	ff 91       	pop	r31
    15b0:	ef 91       	pop	r30
    15b2:	bf 91       	pop	r27
    15b4:	af 91       	pop	r26
    15b6:	9f 91       	pop	r25
    15b8:	8f 91       	pop	r24
    15ba:	7f 91       	pop	r23
    15bc:	6f 91       	pop	r22
    15be:	5f 91       	pop	r21
    15c0:	4f 91       	pop	r20
    15c2:	3f 91       	pop	r19
    15c4:	2f 91       	pop	r18
    15c6:	0f 90       	pop	r0
    15c8:	0f be       	out	0x3f, r0	; 63
    15ca:	0f 90       	pop	r0
    15cc:	1f 90       	pop	r1
    15ce:	18 95       	reti

000015d0 <main>:
    15d0:	0e 94 28 03 	call	0x650	; 0x650 <App_Init>

000015d4 <.L2>:
    15d4:	0e 94 e3 03 	call	0x7c6	; 0x7c6 <ParkingManager_Run>
    15d8:	0e 94 0c 03 	call	0x618	; 0x618 <Idle_Run>
    15dc:	fb cf       	rjmp	.-10     	; 0x15d4 <.L2>

000015de <__udivmodsi4>:
    15de:	a1 e2       	ldi	r26, 0x21	; 33

000015e0 <.Loc.1>:
    15e0:	1a 2e       	mov	r1, r26

000015e2 <.Loc.2>:
    15e2:	aa 1b       	sub	r26, r26

000015e4 <.Loc.3>:
    15e4:	bb 1b       	sub	r27, r27

000015e6 <.Loc.4>:
    15e6:	fd 01       	movw	r30, r26

000015e8 <.Loc.5>:
    15e8:	0d c0       	rjmp	.+26     	; 0x1604 <__udivmodsi4_ep>

000015ea <__udivmodsi4_loop>:
    15ea:	aa 1f       	adc	r26, r26

000015ec <.Loc.7>:
    15ec:	bb 1f       	adc	r27, r27

000015ee <.Loc.8>:
    15ee:	ee 1f       	adc	r30, r30

000015f0 <.Loc.9>:
    15f0:	ff 1f       	adc	r31, r31

000015f2 <.Loc.10>:
    15f2:	a2 17       	cp	r26, r18

000015f4 <.Loc.11>:
    15f4:	b3 07       	cpc	r27, r19

000015f6 <.Loc.12>:
    15f6:	e4 07       	cpc	r30, r20

000015f8 <.Loc.13>:
    15f8:	f5 07       	cpc	r31, r21

000015fa <.Loc.14>:
    15fa:	20 f0       	brcs	.+8      	; 0x1604 <__udivmodsi4_ep>

000015fc <.Loc.15>:
    15fc:	a2 1b       	sub	r26, r18

000015fe <.Loc.16>:
    15fe:	b3 0b       	sbc	r27, r19

00001600 <.Loc.17>:
    1600:	e4 0b       	sbc	r30, r20

00001602 <.Loc.18>:
    1602:	f5 0b       	sbc	r31, r21

00001604 <__udivmodsi4_ep>:
    1604:	66 1f       	adc	r22, r22

00001606 <.Loc.20>:
    1606:	77 1f       	adc	r23, r23

00001608 <.Loc.21>:
    1608:	88 1f       	adc	r24, r24

0000160a <.Loc.22>:
    160a:	99 1f       	adc	r25, r25

0000160c <.Loc.23>:
    160c:	1a 94       	dec	r1

0000160e <.Loc.24>:
    160e:	69 f7       	brne	.-38     	; 0x15ea <__udivmodsi4_loop>

00001610 <.Loc.25>:
    1610:	60 95       	com	r22

00001612 <.Loc.26>:
    1612:	70 95       	com	r23

00001614 <.Loc.27>:
    1614:	80 95       	com	r24

00001616 <.Loc.28>:
    1616:	90 95       	com	r25

00001618 <.Loc.29>:
    1618:	9b 01       	movw	r18, r22

0000161a <.Loc.30>:
    161a:	ac 01       	movw	r20, r24

0000161c <.Loc.31>:
    161c:	bd 01       	movw	r22, r26

0000161e <.Loc.32>:
    161e:	cf 01       	movw	r24, r30

00001620 <.Loc.33>:
    1620:	08 95       	ret

00001622 <__tablejump2__>:
    1622:	ee 0f       	add	r30, r30

00001624 <.Loc.1>:
    1624:	ff 1f       	adc	r31, r31

00001626 <.Loc.2>:
    1626:	05 90       	lpm	r0, Z+

00001628 <.Loc.3>:
    1628:	f4 91       	lpm	r31, Z

0000162a <.Loc.4>:
    162a:	e0 2d       	mov	r30, r0

0000162c <.Loc.5>:
    162c:	09 94       	ijmp

0000162e <sprintf>:
    162e:	ae e0       	ldi	r26, 0x0E	; 14
    1630:	b0 e0       	ldi	r27, 0x00	; 0
    1632:	ed e1       	ldi	r30, 0x1D	; 29
    1634:	fb e0       	ldi	r31, 0x0B	; 11
    1636:	0c 94 e8 0d 	jmp	0x1bd0	; 0x1bd0 <.Loc.16>

0000163a <.L1^B1>:
    163a:	86 e0       	ldi	r24, 0x06	; 6
    163c:	8c 83       	std	Y+4, r24	; 0x04
    163e:	2b 89       	ldd	r18, Y+19	; 0x13
    1640:	3c 89       	ldd	r19, Y+20	; 0x14
    1642:	29 83       	std	Y+1, r18	; 0x01
    1644:	3a 83       	std	Y+2, r19	; 0x02
    1646:	8f ef       	ldi	r24, 0xFF	; 255
    1648:	9f e7       	ldi	r25, 0x7F	; 127
    164a:	8d 83       	std	Y+5, r24	; 0x05
    164c:	9e 83       	std	Y+6, r25	; 0x06
    164e:	ae 01       	movw	r20, r28
    1650:	49 5e       	subi	r20, 0xE9	; 233
    1652:	5f 4f       	sbci	r21, 0xFF	; 255
    1654:	6d 89       	ldd	r22, Y+21	; 0x15
    1656:	7e 89       	ldd	r23, Y+22	; 0x16
    1658:	ce 01       	movw	r24, r28
    165a:	01 96       	adiw	r24, 0x01	; 1
    165c:	0e 94 3b 0b 	call	0x1676	; 0x1676 <vfprintf>
    1660:	ef 81       	ldd	r30, Y+7	; 0x07
    1662:	f8 85       	ldd	r31, Y+8	; 0x08
    1664:	2b 89       	ldd	r18, Y+19	; 0x13
    1666:	3c 89       	ldd	r19, Y+20	; 0x14
    1668:	e2 0f       	add	r30, r18
    166a:	f3 1f       	adc	r31, r19
    166c:	10 82       	st	Z, r1
    166e:	2e 96       	adiw	r28, 0x0e	; 14
    1670:	e2 e0       	ldi	r30, 0x02	; 2
    1672:	0c 94 04 0e 	jmp	0x1c08	; 0x1c08 <.Loc.16>

00001676 <vfprintf>:
    1676:	ab e0       	ldi	r26, 0x0B	; 11
    1678:	b0 e0       	ldi	r27, 0x00	; 0
    167a:	e1 e4       	ldi	r30, 0x41	; 65
    167c:	fb e0       	ldi	r31, 0x0B	; 11
    167e:	0c 94 db 0d 	jmp	0x1bb6	; 0x1bb6 <.Loc.3>

00001682 <.L1^B1>:
    1682:	6c 01       	movw	r12, r24
    1684:	7b 01       	movw	r14, r22
    1686:	8a 01       	movw	r16, r20
    1688:	fc 01       	movw	r30, r24
    168a:	16 82       	std	Z+6, r1	; 0x06
    168c:	17 82       	std	Z+7, r1	; 0x07
    168e:	83 81       	ldd	r24, Z+3	; 0x03
    1690:	81 ff       	sbrs	r24, 1
    1692:	df c1       	rjmp	.+958    	; 0x1a52 <.L80>
    1694:	3a e0       	ldi	r19, 0x0A	; 10
    1696:	53 2e       	mov	r5, r19

00001698 <.L3>:
    1698:	f6 01       	movw	r30, r12
    169a:	23 81       	ldd	r18, Z+3	; 0x03
    169c:	f7 01       	movw	r30, r14
    169e:	23 fd       	sbrc	r18, 3
    16a0:	85 91       	lpm	r24, Z+
    16a2:	23 ff       	sbrs	r18, 3
    16a4:	81 91       	ld	r24, Z+
    16a6:	7f 01       	movw	r14, r30
    16a8:	81 15       	cp	r24, r1
    16aa:	09 f4       	brne	.+2      	; 0x16ae <L0^A+0x2>

000016ac <L0^A>:
    16ac:	37 c1       	rjmp	.+622    	; 0x191c <.L4>
    16ae:	85 32       	cpi	r24, 0x25	; 37
    16b0:	39 f4       	brne	.+14     	; 0x16c0 <.L5>
    16b2:	23 fd       	sbrc	r18, 3
    16b4:	95 91       	lpm	r25, Z+
    16b6:	23 ff       	sbrs	r18, 3
    16b8:	91 91       	ld	r25, Z+
    16ba:	7f 01       	movw	r14, r30
    16bc:	95 32       	cpi	r25, 0x25	; 37
    16be:	29 f4       	brne	.+10     	; 0x16ca <.L81>

000016c0 <.L5>:
    16c0:	b6 01       	movw	r22, r12
    16c2:	90 e0       	ldi	r25, 0x00	; 0
    16c4:	0e 94 42 0d 	call	0x1a84	; 0x1a84 <fputc>
    16c8:	e7 cf       	rjmp	.-50     	; 0x1698 <.L3>

000016ca <.L81>:
    16ca:	30 e0       	ldi	r19, 0x00	; 0
    16cc:	91 2c       	mov	r9, r1
    16ce:	61 2c       	mov	r6, r1
    16d0:	71 2c       	mov	r7, r1

000016d2 <.L6>:
    16d2:	f0 e2       	ldi	r31, 0x20	; 32
    16d4:	7f 16       	cp	r7, r31
    16d6:	40 f5       	brcc	.+80     	; 0x1728 <.L8>
    16d8:	9b 32       	cpi	r25, 0x2B	; 43
    16da:	d9 f0       	breq	.+54     	; 0x1712 <.L9>
    16dc:	58 f4       	brcc	.+22     	; 0x16f4 <.L10>
    16de:	90 32       	cpi	r25, 0x20	; 32
    16e0:	d1 f0       	breq	.+52     	; 0x1716 <.L11>
    16e2:	93 32       	cpi	r25, 0x23	; 35
    16e4:	f1 f0       	breq	.+60     	; 0x1722 <.L12>

000016e6 <.L13>:
    16e6:	9e 32       	cpi	r25, 0x2E	; 46
    16e8:	91 f5       	brne	.+100    	; 0x174e <.L19>
    16ea:	76 fc       	sbrc	r7, 6
    16ec:	17 c1       	rjmp	.+558    	; 0x191c <.L4>
    16ee:	68 94       	set
    16f0:	76 f8       	bld	r7, 6
    16f2:	06 c0       	rjmp	.+12     	; 0x1700 <.L16>

000016f4 <.L10>:
    16f4:	9d 32       	cpi	r25, 0x2D	; 45
    16f6:	91 f0       	breq	.+36     	; 0x171c <.L14>
    16f8:	90 33       	cpi	r25, 0x30	; 48
    16fa:	c1 f4       	brne	.+48     	; 0x172c <.L15>
    16fc:	68 94       	set
    16fe:	70 f8       	bld	r7, 0

00001700 <.L16>:
    1700:	f7 01       	movw	r30, r14
    1702:	23 fd       	sbrc	r18, 3
    1704:	95 91       	lpm	r25, Z+
    1706:	23 ff       	sbrs	r18, 3
    1708:	91 91       	ld	r25, Z+
    170a:	7f 01       	movw	r14, r30
    170c:	91 11       	cpse	r25, r1
    170e:	e1 cf       	rjmp	.-62     	; 0x16d2 <.L6>
    1710:	28 c0       	rjmp	.+80     	; 0x1762 <.L17>

00001712 <.L9>:
    1712:	68 94       	set
    1714:	71 f8       	bld	r7, 1

00001716 <.L11>:
    1716:	68 94       	set
    1718:	72 f8       	bld	r7, 2
    171a:	f2 cf       	rjmp	.-28     	; 0x1700 <.L16>

0000171c <.L14>:
    171c:	68 94       	set
    171e:	73 f8       	bld	r7, 3
    1720:	ef cf       	rjmp	.-34     	; 0x1700 <.L16>

00001722 <.L12>:
    1722:	68 94       	set
    1724:	74 f8       	bld	r7, 4
    1726:	ec cf       	rjmp	.-40     	; 0x1700 <.L16>

00001728 <.L8>:
    1728:	77 fc       	sbrc	r7, 7
    172a:	1b c0       	rjmp	.+54     	; 0x1762 <.L17>

0000172c <.L15>:
    172c:	80 ed       	ldi	r24, 0xD0	; 208
    172e:	89 0f       	add	r24, r25
    1730:	8a 30       	cpi	r24, 0x0A	; 10
    1732:	c8 f6       	brcc	.-78     	; 0x16e6 <.L13>
    1734:	76 fe       	sbrs	r7, 6
    1736:	05 c0       	rjmp	.+10     	; 0x1742 <.L18>
    1738:	95 9c       	mul	r9, r5
    173a:	80 0d       	add	r24, r0
    173c:	11 24       	eor	r1, r1
    173e:	98 2e       	mov	r9, r24
    1740:	df cf       	rjmp	.-66     	; 0x1700 <.L16>

00001742 <.L18>:
    1742:	65 9c       	mul	r6, r5
    1744:	80 0d       	add	r24, r0
    1746:	11 24       	eor	r1, r1
    1748:	68 2e       	mov	r6, r24
    174a:	7f 2a       	or	r7, r31
    174c:	d9 cf       	rjmp	.-78     	; 0x1700 <.L16>

0000174e <.L19>:
    174e:	9c 36       	cpi	r25, 0x6C	; 108
    1750:	19 f4       	brne	.+6      	; 0x1758 <.L20>
    1752:	68 94       	set
    1754:	77 f8       	bld	r7, 7
    1756:	d4 cf       	rjmp	.-88     	; 0x1700 <.L16>

00001758 <.L20>:
    1758:	9c 34       	cpi	r25, 0x4C	; 76
    175a:	09 f4       	brne	.+2      	; 0x175e <L0^A+0x2>

0000175c <L0^A>:
    175c:	45 c0       	rjmp	.+138    	; 0x17e8 <.L82>
    175e:	98 36       	cpi	r25, 0x68	; 104
    1760:	79 f2       	breq	.-98     	; 0x1700 <.L16>

00001762 <.L17>:
    1762:	89 2f       	mov	r24, r25
    1764:	8f 7d       	andi	r24, 0xDF	; 223
    1766:	85 54       	subi	r24, 0x45	; 69
    1768:	83 30       	cpi	r24, 0x03	; 3
    176a:	08 f4       	brcc	.+2      	; 0x176e <L0^A+0x2>

0000176c <L0^A>:
    176c:	3f c0       	rjmp	.+126    	; 0x17ec <.L21>
    176e:	93 36       	cpi	r25, 0x63	; 99
    1770:	09 f4       	brne	.+2      	; 0x1774 <L0^A+0x2>

00001772 <L0^A>:
    1772:	61 c0       	rjmp	.+194    	; 0x1836 <.L22>
    1774:	93 37       	cpi	r25, 0x73	; 115
    1776:	09 f4       	brne	.+2      	; 0x177a <L0^A+0x2>

00001778 <L0^A>:
    1778:	6b c0       	rjmp	.+214    	; 0x1850 <.L23>
    177a:	93 35       	cpi	r25, 0x53	; 83
    177c:	09 f4       	brne	.+2      	; 0x1780 <L0^A+0x2>

0000177e <L0^A>:
    177e:	77 c0       	rjmp	.+238    	; 0x186e <.L24>
    1780:	94 36       	cpi	r25, 0x64	; 100
    1782:	19 f0       	breq	.+6      	; 0x178a <.L39>
    1784:	99 36       	cpi	r25, 0x69	; 105
    1786:	09 f0       	breq	.+2      	; 0x178a <.L39>

00001788 <L0^A>:
    1788:	a4 c0       	rjmp	.+328    	; 0x18d2 <.L40>

0000178a <.L39>:
    178a:	f8 01       	movw	r30, r16
    178c:	77 fe       	sbrs	r7, 7
    178e:	9a c0       	rjmp	.+308    	; 0x18c4 <.L41>
    1790:	61 91       	ld	r22, Z+
    1792:	71 91       	ld	r23, Z+
    1794:	81 91       	ld	r24, Z+
    1796:	91 91       	ld	r25, Z+

00001798 <.L126>:
    1798:	8f 01       	movw	r16, r30
    179a:	27 2d       	mov	r18, r7
    179c:	2f 76       	andi	r18, 0x6F	; 111
    179e:	82 2e       	mov	r8, r18
    17a0:	97 ff       	sbrs	r25, 7
    17a2:	04 c0       	rjmp	.+8      	; 0x17ac <.L43>
    17a4:	0e 94 d0 0d 	call	0x1ba0	; 0x1ba0 <__negsi2>
    17a8:	68 94       	set
    17aa:	87 f8       	bld	r8, 7

000017ac <.L43>:
    17ac:	2a e0       	ldi	r18, 0x0A	; 10
    17ae:	30 e0       	ldi	r19, 0x00	; 0
    17b0:	5e 01       	movw	r10, r28
    17b2:	4f ef       	ldi	r20, 0xFF	; 255
    17b4:	a4 1a       	sub	r10, r20
    17b6:	b4 0a       	sbc	r11, r20
    17b8:	a5 01       	movw	r20, r10
    17ba:	0e 94 72 0d 	call	0x1ae4	; 0x1ae4 <__ultoa_invert>
    17be:	78 2e       	mov	r7, r24
    17c0:	7a 18       	sub	r7, r10

000017c2 <.L44>:
    17c2:	86 fe       	sbrs	r8, 6
    17c4:	cf c0       	rjmp	.+414    	; 0x1964 <.L54>
    17c6:	88 2d       	mov	r24, r8
    17c8:	8e 7f       	andi	r24, 0xFE	; 254
    17ca:	79 14       	cp	r7, r9
    17cc:	08 f0       	brcs	.+2      	; 0x17d0 <L0^A+0x2>

000017ce <L0^A>:
    17ce:	c9 c0       	rjmp	.+402    	; 0x1962 <.L88>
    17d0:	84 fe       	sbrs	r8, 4
    17d2:	1d c1       	rjmp	.+570    	; 0x1a0e <.L89>
    17d4:	82 fc       	sbrc	r8, 2
    17d6:	11 c1       	rjmp	.+546    	; 0x19fa <.L90>
    17d8:	2e ee       	ldi	r18, 0xEE	; 238
    17da:	82 22       	and	r8, r18
    17dc:	b9 2c       	mov	r11, r9

000017de <.L55>:
    17de:	88 2d       	mov	r24, r8
    17e0:	86 78       	andi	r24, 0x86	; 134
    17e2:	09 f4       	brne	.+2      	; 0x17e6 <L0^A+0x2>

000017e4 <L0^A>:
    17e4:	cb c0       	rjmp	.+406    	; 0x197c <.L58>
    17e6:	0e c1       	rjmp	.+540    	; 0x1a04 <.L128>

000017e8 <.L82>:
    17e8:	31 e0       	ldi	r19, 0x01	; 1
    17ea:	8a cf       	rjmp	.-236    	; 0x1700 <.L16>

000017ec <.L21>:
    17ec:	31 15       	cp	r19, r1
    17ee:	01 f1       	breq	.+64     	; 0x1830 <.L26>
    17f0:	08 5f       	subi	r16, 0xF8	; 248
    17f2:	1f 4f       	sbci	r17, 0xFF	; 255

000017f4 <.L27>:
    17f4:	8f e3       	ldi	r24, 0x3F	; 63
    17f6:	89 83       	std	Y+1, r24	; 0x01
    17f8:	21 e0       	ldi	r18, 0x01	; 1
    17fa:	82 2e       	mov	r8, r18
    17fc:	91 2c       	mov	r9, r1
    17fe:	5e 01       	movw	r10, r28
    1800:	2f ef       	ldi	r18, 0xFF	; 255
    1802:	a2 1a       	sub	r10, r18
    1804:	b2 0a       	sbc	r11, r18

00001806 <.L28>:
    1806:	e8 94       	clt
    1808:	77 f8       	bld	r7, 7

0000180a <.L30>:
    180a:	73 fc       	sbrc	r7, 3
    180c:	03 c0       	rjmp	.+6      	; 0x1814 <.L36>

0000180e <.L32>:
    180e:	86 14       	cp	r8, r6
    1810:	91 04       	cpc	r9, r1
    1812:	f0 f1       	brcs	.+124    	; 0x1890 <.L34>

00001814 <.L36>:
    1814:	81 14       	cp	r8, r1
    1816:	91 04       	cpc	r9, r1
    1818:	09 f0       	breq	.+2      	; 0x181c <.L77>

0000181a <L0^A>:
    181a:	41 c0       	rjmp	.+130    	; 0x189e <.L37>

0000181c <.L77>:
    181c:	61 14       	cp	r6, r1
    181e:	09 f4       	brne	.+2      	; 0x1822 <L0^A+0x2>

00001820 <L0^A>:
    1820:	3b cf       	rjmp	.-394    	; 0x1698 <.L3>
    1822:	b6 01       	movw	r22, r12
    1824:	80 e2       	ldi	r24, 0x20	; 32
    1826:	90 e0       	ldi	r25, 0x00	; 0
    1828:	0e 94 42 0d 	call	0x1a84	; 0x1a84 <fputc>
    182c:	6a 94       	dec	r6
    182e:	f6 cf       	rjmp	.-20     	; 0x181c <.L77>

00001830 <.L26>:
    1830:	0c 5f       	subi	r16, 0xFC	; 252
    1832:	1f 4f       	sbci	r17, 0xFF	; 255
    1834:	df cf       	rjmp	.-66     	; 0x17f4 <.L27>

00001836 <.L22>:
    1836:	f8 01       	movw	r30, r16
    1838:	80 81       	ld	r24, Z
    183a:	89 83       	std	Y+1, r24	; 0x01
    183c:	0e 5f       	subi	r16, 0xFE	; 254
    183e:	1f 4f       	sbci	r17, 0xFF	; 255
    1840:	91 e0       	ldi	r25, 0x01	; 1
    1842:	89 2e       	mov	r8, r25
    1844:	91 2c       	mov	r9, r1
    1846:	5e 01       	movw	r10, r28
    1848:	ff ef       	ldi	r31, 0xFF	; 255
    184a:	af 1a       	sub	r10, r31
    184c:	bf 0a       	sbc	r11, r31
    184e:	db cf       	rjmp	.-74     	; 0x1806 <.L28>

00001850 <.L23>:
    1850:	f8 01       	movw	r30, r16
    1852:	a1 90       	ld	r10, Z+
    1854:	b1 90       	ld	r11, Z+
    1856:	8f 01       	movw	r16, r30
    1858:	69 2d       	mov	r22, r9
    185a:	70 e0       	ldi	r23, 0x00	; 0
    185c:	76 fc       	sbrc	r7, 6
    185e:	02 c0       	rjmp	.+4      	; 0x1864 <.L29>
    1860:	6f ef       	ldi	r22, 0xFF	; 255
    1862:	7f ef       	ldi	r23, 0xFF	; 255

00001864 <.L29>:
    1864:	c5 01       	movw	r24, r10
    1866:	0e 94 37 0d 	call	0x1a6e	; 0x1a6e <strnlen>
    186a:	4c 01       	movw	r8, r24
    186c:	cc cf       	rjmp	.-104    	; 0x1806 <.L28>

0000186e <.L24>:
    186e:	f8 01       	movw	r30, r16
    1870:	a1 90       	ld	r10, Z+
    1872:	b1 90       	ld	r11, Z+
    1874:	8f 01       	movw	r16, r30
    1876:	69 2d       	mov	r22, r9
    1878:	70 e0       	ldi	r23, 0x00	; 0
    187a:	76 fc       	sbrc	r7, 6
    187c:	02 c0       	rjmp	.+4      	; 0x1882 <.L31>
    187e:	6f ef       	ldi	r22, 0xFF	; 255
    1880:	7f ef       	ldi	r23, 0xFF	; 255

00001882 <.L31>:
    1882:	c5 01       	movw	r24, r10
    1884:	0e 94 2c 0d 	call	0x1a58	; 0x1a58 <strnlen_P>
    1888:	4c 01       	movw	r8, r24
    188a:	68 94       	set
    188c:	77 f8       	bld	r7, 7
    188e:	bd cf       	rjmp	.-134    	; 0x180a <.L30>

00001890 <.L34>:
    1890:	b6 01       	movw	r22, r12
    1892:	80 e2       	ldi	r24, 0x20	; 32
    1894:	90 e0       	ldi	r25, 0x00	; 0
    1896:	0e 94 42 0d 	call	0x1a84	; 0x1a84 <fputc>
    189a:	6a 94       	dec	r6
    189c:	b8 cf       	rjmp	.-144    	; 0x180e <.L32>

0000189e <.L37>:
    189e:	f5 01       	movw	r30, r10
    18a0:	77 fc       	sbrc	r7, 7
    18a2:	85 91       	lpm	r24, Z+
    18a4:	77 fe       	sbrs	r7, 7
    18a6:	81 91       	ld	r24, Z+
    18a8:	5f 01       	movw	r10, r30
    18aa:	b6 01       	movw	r22, r12
    18ac:	90 e0       	ldi	r25, 0x00	; 0
    18ae:	0e 94 42 0d 	call	0x1a84	; 0x1a84 <fputc>
    18b2:	81 e0       	ldi	r24, 0x01	; 1
    18b4:	61 10       	cpse	r6, r1
    18b6:	01 c0       	rjmp	.+2      	; 0x18ba <.L35>
    18b8:	80 e0       	ldi	r24, 0x00	; 0

000018ba <.L35>:
    18ba:	68 1a       	sub	r6, r24
    18bc:	f1 e0       	ldi	r31, 0x01	; 1
    18be:	8f 1a       	sub	r8, r31
    18c0:	91 08       	sbc	r9, r1
    18c2:	a8 cf       	rjmp	.-176    	; 0x1814 <.L36>

000018c4 <.L41>:
    18c4:	61 91       	ld	r22, Z+
    18c6:	71 91       	ld	r23, Z+
    18c8:	87 2f       	mov	r24, r23
    18ca:	88 0f       	add	r24, r24
    18cc:	88 0b       	sbc	r24, r24
    18ce:	98 2f       	mov	r25, r24
    18d0:	63 cf       	rjmp	.-314    	; 0x1798 <.L126>

000018d2 <.L40>:
    18d2:	95 37       	cpi	r25, 0x75	; 117
    18d4:	c9 f4       	brne	.+50     	; 0x1908 <.L45>
    18d6:	87 2c       	mov	r8, r7
    18d8:	e8 94       	clt
    18da:	84 f8       	bld	r8, 4
    18dc:	2a e0       	ldi	r18, 0x0A	; 10
    18de:	30 e0       	ldi	r19, 0x00	; 0

000018e0 <.L46>:
    18e0:	f8 01       	movw	r30, r16
    18e2:	87 fe       	sbrs	r8, 7
    18e4:	39 c0       	rjmp	.+114    	; 0x1958 <.L52>
    18e6:	61 91       	ld	r22, Z+
    18e8:	71 91       	ld	r23, Z+
    18ea:	81 91       	ld	r24, Z+
    18ec:	91 91       	ld	r25, Z+

000018ee <.L127>:
    18ee:	8f 01       	movw	r16, r30
    18f0:	5e 01       	movw	r10, r28
    18f2:	ff ef       	ldi	r31, 0xFF	; 255
    18f4:	af 1a       	sub	r10, r31
    18f6:	bf 0a       	sbc	r11, r31
    18f8:	a5 01       	movw	r20, r10
    18fa:	0e 94 72 0d 	call	0x1ae4	; 0x1ae4 <__ultoa_invert>
    18fe:	78 2e       	mov	r7, r24
    1900:	7a 18       	sub	r7, r10
    1902:	e8 94       	clt
    1904:	87 f8       	bld	r8, 7
    1906:	5d cf       	rjmp	.-326    	; 0x17c2 <.L44>

00001908 <.L45>:
    1908:	87 2d       	mov	r24, r7
    190a:	89 7f       	andi	r24, 0xF9	; 249
    190c:	88 2e       	mov	r8, r24
    190e:	90 37       	cpi	r25, 0x70	; 112
    1910:	99 f0       	breq	.+38     	; 0x1938 <.L47>
    1912:	58 f4       	brcc	.+22     	; 0x192a <.L48>
    1914:	98 35       	cpi	r25, 0x58	; 88
    1916:	a9 f0       	breq	.+42     	; 0x1942 <.L49>
    1918:	9f 36       	cpi	r25, 0x6F	; 111
    191a:	d9 f0       	breq	.+54     	; 0x1952 <.L85>

0000191c <.L4>:
    191c:	f6 01       	movw	r30, r12
    191e:	86 81       	ldd	r24, Z+6	; 0x06
    1920:	97 81       	ldd	r25, Z+7	; 0x07

00001922 <.L1>:
    1922:	2b 96       	adiw	r28, 0x0b	; 11
    1924:	ef e0       	ldi	r30, 0x0F	; 15
    1926:	0c 94 f7 0d 	jmp	0x1bee	; 0x1bee <.Loc.3>

0000192a <.L48>:
    192a:	98 37       	cpi	r25, 0x78	; 120
    192c:	b9 f7       	brne	.-18     	; 0x191c <.L4>
    192e:	74 fc       	sbrc	r7, 4
    1930:	05 c0       	rjmp	.+10     	; 0x193c <.L51>

00001932 <.L86>:
    1932:	20 e1       	ldi	r18, 0x10	; 16
    1934:	30 e0       	ldi	r19, 0x00	; 0
    1936:	d4 cf       	rjmp	.-88     	; 0x18e0 <.L46>

00001938 <.L47>:
    1938:	68 94       	set
    193a:	84 f8       	bld	r8, 4

0000193c <.L51>:
    193c:	68 94       	set
    193e:	82 f8       	bld	r8, 2
    1940:	f8 cf       	rjmp	.-16     	; 0x1932 <.L86>

00001942 <.L49>:
    1942:	74 fe       	sbrs	r7, 4
    1944:	03 c0       	rjmp	.+6      	; 0x194c <.L87>
    1946:	e7 2d       	mov	r30, r7
    1948:	e6 60       	ori	r30, 0x06	; 6
    194a:	8e 2e       	mov	r8, r30

0000194c <.L87>:
    194c:	20 e1       	ldi	r18, 0x10	; 16
    194e:	32 e0       	ldi	r19, 0x02	; 2
    1950:	c7 cf       	rjmp	.-114    	; 0x18e0 <.L46>

00001952 <.L85>:
    1952:	28 e0       	ldi	r18, 0x08	; 8
    1954:	30 e0       	ldi	r19, 0x00	; 0
    1956:	c4 cf       	rjmp	.-120    	; 0x18e0 <.L46>

00001958 <.L52>:
    1958:	61 91       	ld	r22, Z+
    195a:	71 91       	ld	r23, Z+
    195c:	80 e0       	ldi	r24, 0x00	; 0
    195e:	90 e0       	ldi	r25, 0x00	; 0
    1960:	c6 cf       	rjmp	.-116    	; 0x18ee <.L127>

00001962 <.L88>:
    1962:	88 2e       	mov	r8, r24

00001964 <.L54>:
    1964:	b7 2c       	mov	r11, r7
    1966:	84 fe       	sbrs	r8, 4
    1968:	3a cf       	rjmp	.-396    	; 0x17de <.L55>

0000196a <.L56>:
    196a:	fe 01       	movw	r30, r28
    196c:	e7 0d       	add	r30, r7
    196e:	f1 1d       	adc	r31, r1
    1970:	80 81       	ld	r24, Z
    1972:	80 33       	cpi	r24, 0x30	; 48
    1974:	09 f0       	breq	.+2      	; 0x1978 <L0^A+0x2>

00001976 <L0^A>:
    1976:	44 c0       	rjmp	.+136    	; 0x1a00 <.L57>
    1978:	49 ee       	ldi	r20, 0xE9	; 233
    197a:	84 22       	and	r8, r20

0000197c <.L58>:
    197c:	83 fc       	sbrc	r8, 3
    197e:	0e c0       	rjmp	.+28     	; 0x199c <.L60>
    1980:	80 fe       	sbrs	r8, 0
    1982:	51 c0       	rjmp	.+162    	; 0x1a26 <.L92>
    1984:	97 2c       	mov	r9, r7
    1986:	b6 14       	cp	r11, r6
    1988:	18 f4       	brcc	.+6      	; 0x1990 <.L79>
    198a:	96 0c       	add	r9, r6
    198c:	9b 18       	sub	r9, r11
    198e:	b6 2c       	mov	r11, r6

00001990 <.L79>:
    1990:	86 2d       	mov	r24, r6
    1992:	8b 19       	sub	r24, r11
    1994:	6b 14       	cp	r6, r11
    1996:	08 f4       	brcc	.+2      	; 0x199a <.L65>
    1998:	80 e0       	ldi	r24, 0x00	; 0

0000199a <.L65>:
    199a:	b8 0e       	add	r11, r24

0000199c <.L60>:
    199c:	b6 14       	cp	r11, r6
    199e:	08 f0       	brcs	.+2      	; 0x19a2 <L0^A+0x2>

000019a0 <L0^A>:
    19a0:	44 c0       	rjmp	.+136    	; 0x1a2a <.L94>
    19a2:	6b 18       	sub	r6, r11

000019a4 <.L67>:
    19a4:	84 fe       	sbrs	r8, 4
    19a6:	43 c0       	rjmp	.+134    	; 0x1a2e <.L68>
    19a8:	b6 01       	movw	r22, r12
    19aa:	80 e3       	ldi	r24, 0x30	; 48
    19ac:	90 e0       	ldi	r25, 0x00	; 0
    19ae:	0e 94 42 0d 	call	0x1a84	; 0x1a84 <fputc>
    19b2:	82 fe       	sbrs	r8, 2
    19b4:	09 c0       	rjmp	.+18     	; 0x19c8 <.L74>
    19b6:	88 e5       	ldi	r24, 0x58	; 88
    19b8:	90 e0       	ldi	r25, 0x00	; 0
    19ba:	81 fc       	sbrc	r8, 1
    19bc:	02 c0       	rjmp	.+4      	; 0x19c2 <.L70>
    19be:	88 e7       	ldi	r24, 0x78	; 120
    19c0:	90 e0       	ldi	r25, 0x00	; 0

000019c2 <.L70>:
    19c2:	b6 01       	movw	r22, r12

000019c4 <.L129>:
    19c4:	0e 94 42 0d 	call	0x1a84	; 0x1a84 <fputc>

000019c8 <.L74>:
    19c8:	79 14       	cp	r7, r9
    19ca:	e0 f1       	brcs	.+120    	; 0x1a44 <.L75>
    19cc:	5e 01       	movw	r10, r28
    19ce:	8f ef       	ldi	r24, 0xFF	; 255
    19d0:	a8 1a       	sub	r10, r24
    19d2:	b8 0a       	sbc	r11, r24
    19d4:	7a 94       	dec	r7
    19d6:	82 e0       	ldi	r24, 0x02	; 2
    19d8:	88 2e       	mov	r8, r24
    19da:	91 2c       	mov	r9, r1
    19dc:	8c 0e       	add	r8, r28
    19de:	9d 1e       	adc	r9, r29
    19e0:	87 0c       	add	r8, r7
    19e2:	91 1c       	adc	r9, r1

000019e4 <.L76>:
    19e4:	f4 01       	movw	r30, r8
    19e6:	82 91       	ld	r24, -Z
    19e8:	4f 01       	movw	r8, r30
    19ea:	b6 01       	movw	r22, r12
    19ec:	90 e0       	ldi	r25, 0x00	; 0
    19ee:	0e 94 42 0d 	call	0x1a84	; 0x1a84 <fputc>
    19f2:	8a 14       	cp	r8, r10
    19f4:	9b 04       	cpc	r9, r11
    19f6:	b1 f7       	brne	.-20     	; 0x19e4 <.L76>
    19f8:	11 cf       	rjmp	.-478    	; 0x181c <.L77>

000019fa <.L90>:
    19fa:	b9 2c       	mov	r11, r9
    19fc:	88 2e       	mov	r8, r24
    19fe:	b5 cf       	rjmp	.-150    	; 0x196a <.L56>

00001a00 <.L57>:
    1a00:	82 fc       	sbrc	r8, 2
    1a02:	02 c0       	rjmp	.+4      	; 0x1a08 <.L59>

00001a04 <.L128>:
    1a04:	b3 94       	inc	r11
    1a06:	ba cf       	rjmp	.-140    	; 0x197c <.L58>

00001a08 <.L59>:
    1a08:	b3 94       	inc	r11
    1a0a:	b3 94       	inc	r11
    1a0c:	b7 cf       	rjmp	.-146    	; 0x197c <.L58>

00001a0e <.L89>:
    1a0e:	b9 2c       	mov	r11, r9
    1a10:	88 2e       	mov	r8, r24
    1a12:	e5 ce       	rjmp	.-566    	; 0x17de <.L55>

00001a14 <.L63>:
    1a14:	b6 01       	movw	r22, r12
    1a16:	80 e2       	ldi	r24, 0x20	; 32
    1a18:	90 e0       	ldi	r25, 0x00	; 0
    1a1a:	0e 94 42 0d 	call	0x1a84	; 0x1a84 <fputc>
    1a1e:	a3 94       	inc	r10

00001a20 <.L61>:
    1a20:	a6 14       	cp	r10, r6
    1a22:	c0 f3       	brcs	.-16     	; 0x1a14 <.L63>
    1a24:	b5 cf       	rjmp	.-150    	; 0x1990 <.L79>

00001a26 <.L92>:
    1a26:	ab 2c       	mov	r10, r11
    1a28:	fb cf       	rjmp	.-10     	; 0x1a20 <.L61>

00001a2a <.L94>:
    1a2a:	61 2c       	mov	r6, r1
    1a2c:	bb cf       	rjmp	.-138    	; 0x19a4 <.L67>

00001a2e <.L68>:
    1a2e:	88 2d       	mov	r24, r8
    1a30:	86 78       	andi	r24, 0x86	; 134
    1a32:	51 f2       	breq	.-108    	; 0x19c8 <.L74>
    1a34:	80 e2       	ldi	r24, 0x20	; 32
    1a36:	81 fc       	sbrc	r8, 1
    1a38:	8b e2       	ldi	r24, 0x2B	; 43
    1a3a:	87 fc       	sbrc	r8, 7
    1a3c:	8d e2       	ldi	r24, 0x2D	; 45
    1a3e:	b6 01       	movw	r22, r12
    1a40:	90 e0       	ldi	r25, 0x00	; 0
    1a42:	c0 cf       	rjmp	.-128    	; 0x19c4 <.L129>

00001a44 <.L75>:
    1a44:	b6 01       	movw	r22, r12
    1a46:	80 e3       	ldi	r24, 0x30	; 48
    1a48:	90 e0       	ldi	r25, 0x00	; 0
    1a4a:	0e 94 42 0d 	call	0x1a84	; 0x1a84 <fputc>
    1a4e:	9a 94       	dec	r9
    1a50:	bb cf       	rjmp	.-138    	; 0x19c8 <.L74>

00001a52 <.L80>:
    1a52:	8f ef       	ldi	r24, 0xFF	; 255
    1a54:	9f ef       	ldi	r25, 0xFF	; 255
    1a56:	65 cf       	rjmp	.-310    	; 0x1922 <.L1>

00001a58 <strnlen_P>:
    1a58:	fc 01       	movw	r30, r24

00001a5a <.L_strnlen_P_loop>:
    1a5a:	05 90       	lpm	r0, Z+
    1a5c:	61 50       	subi	r22, 0x01	; 1
    1a5e:	70 40       	sbci	r23, 0x00	; 0
    1a60:	01 10       	cpse	r0, r1
    1a62:	d8 f7       	brcc	.-10     	; 0x1a5a <.L_strnlen_P_loop>
    1a64:	80 95       	com	r24
    1a66:	90 95       	com	r25
    1a68:	8e 0f       	add	r24, r30
    1a6a:	9f 1f       	adc	r25, r31
    1a6c:	08 95       	ret

00001a6e <strnlen>:
    1a6e:	fc 01       	movw	r30, r24

00001a70 <.L_strnlen_loop>:
    1a70:	61 50       	subi	r22, 0x01	; 1
    1a72:	70 40       	sbci	r23, 0x00	; 0
    1a74:	01 90       	ld	r0, Z+
    1a76:	01 10       	cpse	r0, r1
    1a78:	d8 f7       	brcc	.-10     	; 0x1a70 <.L_strnlen_loop>
    1a7a:	80 95       	com	r24
    1a7c:	90 95       	com	r25
    1a7e:	8e 0f       	add	r24, r30
    1a80:	9f 1f       	adc	r25, r31
    1a82:	08 95       	ret

00001a84 <fputc>:
    1a84:	0f 93       	push	r16
    1a86:	1f 93       	push	r17
    1a88:	cf 93       	push	r28
    1a8a:	df 93       	push	r29
    1a8c:	18 2f       	mov	r17, r24
    1a8e:	09 2f       	mov	r16, r25
    1a90:	eb 01       	movw	r28, r22
    1a92:	8b 81       	ldd	r24, Y+3	; 0x03
    1a94:	81 fd       	sbrc	r24, 1
    1a96:	09 c0       	rjmp	.+18     	; 0x1aaa <.L2>

00001a98 <.L7>:
    1a98:	0f ef       	ldi	r16, 0xFF	; 255
    1a9a:	1f ef       	ldi	r17, 0xFF	; 255

00001a9c <.L3>:
    1a9c:	81 2f       	mov	r24, r17
    1a9e:	90 2f       	mov	r25, r16
    1aa0:	df 91       	pop	r29
    1aa2:	cf 91       	pop	r28
    1aa4:	1f 91       	pop	r17
    1aa6:	0f 91       	pop	r16
    1aa8:	08 95       	ret

00001aaa <.L2>:
    1aaa:	82 ff       	sbrs	r24, 2
    1aac:	14 c0       	rjmp	.+40     	; 0x1ad6 <.L4>
    1aae:	2e 81       	ldd	r18, Y+6	; 0x06
    1ab0:	3f 81       	ldd	r19, Y+7	; 0x07
    1ab2:	8c 81       	ldd	r24, Y+4	; 0x04
    1ab4:	9d 81       	ldd	r25, Y+5	; 0x05
    1ab6:	28 17       	cp	r18, r24
    1ab8:	39 07       	cpc	r19, r25
    1aba:	3c f4       	brge	.+14     	; 0x1aca <.L8>
    1abc:	e8 81       	ld	r30, Y
    1abe:	f9 81       	ldd	r31, Y+1	; 0x01
    1ac0:	cf 01       	movw	r24, r30
    1ac2:	01 96       	adiw	r24, 0x01	; 1
    1ac4:	88 83       	st	Y, r24
    1ac6:	99 83       	std	Y+1, r25	; 0x01
    1ac8:	10 83       	st	Z, r17

00001aca <.L8>:
    1aca:	8e 81       	ldd	r24, Y+6	; 0x06
    1acc:	9f 81       	ldd	r25, Y+7	; 0x07
    1ace:	01 96       	adiw	r24, 0x01	; 1
    1ad0:	8e 83       	std	Y+6, r24	; 0x06
    1ad2:	9f 83       	std	Y+7, r25	; 0x07
    1ad4:	e3 cf       	rjmp	.-58     	; 0x1a9c <.L3>

00001ad6 <.L4>:
    1ad6:	e8 85       	ldd	r30, Y+8	; 0x08
    1ad8:	f9 85       	ldd	r31, Y+9	; 0x09
    1ada:	81 2f       	mov	r24, r17
    1adc:	09 95       	icall
    1ade:	89 2b       	or	r24, r25
    1ae0:	a1 f3       	breq	.-24     	; 0x1aca <.L8>
    1ae2:	da cf       	rjmp	.-76     	; 0x1a98 <.L7>

00001ae4 <__ultoa_invert>:
    1ae4:	fa 01       	movw	r30, r20
    1ae6:	aa 27       	eor	r26, r26
    1ae8:	28 30       	cpi	r18, 0x08	; 8
    1aea:	51 f1       	breq	.+84     	; 0x1b40 <.L_oct>
    1aec:	20 31       	cpi	r18, 0x10	; 16
    1aee:	81 f1       	breq	.+96     	; 0x1b50 <.L_hex>
    1af0:	e8 94       	clt

00001af2 <.L_dec_loop>:
    1af2:	6f 93       	push	r22
    1af4:	6e 7f       	andi	r22, 0xFE	; 254
    1af6:	6e 5f       	subi	r22, 0xFE	; 254
    1af8:	7f 4f       	sbci	r23, 0xFF	; 255
    1afa:	8f 4f       	sbci	r24, 0xFF	; 255
    1afc:	9f 4f       	sbci	r25, 0xFF	; 255
    1afe:	af 4f       	sbci	r26, 0xFF	; 255
    1b00:	b1 e0       	ldi	r27, 0x01	; 1
    1b02:	3e d0       	rcall	.+124    	; 0x1b80 <.L_div_add>
    1b04:	b4 e0       	ldi	r27, 0x04	; 4
    1b06:	3c d0       	rcall	.+120    	; 0x1b80 <.L_div_add>
    1b08:	67 0f       	add	r22, r23
    1b0a:	78 1f       	adc	r23, r24
    1b0c:	89 1f       	adc	r24, r25
    1b0e:	9a 1f       	adc	r25, r26
    1b10:	a1 1d       	adc	r26, r1
    1b12:	68 0f       	add	r22, r24
    1b14:	79 1f       	adc	r23, r25
    1b16:	8a 1f       	adc	r24, r26
    1b18:	91 1d       	adc	r25, r1
    1b1a:	a1 1d       	adc	r26, r1
    1b1c:	6a 0f       	add	r22, r26
    1b1e:	71 1d       	adc	r23, r1
    1b20:	81 1d       	adc	r24, r1
    1b22:	91 1d       	adc	r25, r1
    1b24:	a1 1d       	adc	r26, r1
    1b26:	20 d0       	rcall	.+64     	; 0x1b68 <.L_lsr_4>
    1b28:	09 f4       	brne	.+2      	; 0x1b2c <.L1^B1>
    1b2a:	68 94       	set

00001b2c <.L1^B1>:
    1b2c:	3f 91       	pop	r19
    1b2e:	2a e0       	ldi	r18, 0x0A	; 10
    1b30:	26 9f       	mul	r18, r22
    1b32:	11 24       	eor	r1, r1
    1b34:	30 19       	sub	r19, r0
    1b36:	30 5d       	subi	r19, 0xD0	; 208
    1b38:	31 93       	st	Z+, r19
    1b3a:	de f6       	brtc	.-74     	; 0x1af2 <.L_dec_loop>

00001b3c <.L_eos>:
    1b3c:	cf 01       	movw	r24, r30
    1b3e:	08 95       	ret

00001b40 <.L_oct>:
    1b40:	46 2f       	mov	r20, r22
    1b42:	47 70       	andi	r20, 0x07	; 7
    1b44:	40 5d       	subi	r20, 0xD0	; 208
    1b46:	41 93       	st	Z+, r20
    1b48:	b3 e0       	ldi	r27, 0x03	; 3
    1b4a:	0f d0       	rcall	.+30     	; 0x1b6a <.L_lsr>
    1b4c:	c9 f7       	brne	.-14     	; 0x1b40 <.L_oct>
    1b4e:	f6 cf       	rjmp	.-20     	; 0x1b3c <.L_eos>

00001b50 <.L_hex>:
    1b50:	46 2f       	mov	r20, r22
    1b52:	4f 70       	andi	r20, 0x0F	; 15
    1b54:	40 5d       	subi	r20, 0xD0	; 208
    1b56:	4a 33       	cpi	r20, 0x3A	; 58
    1b58:	18 f0       	brcs	.+6      	; 0x1b60 <.L3^B1>
    1b5a:	49 5d       	subi	r20, 0xD9	; 217
    1b5c:	31 fd       	sbrc	r19, 1
    1b5e:	40 52       	subi	r20, 0x20	; 32

00001b60 <.L3^B1>:
    1b60:	41 93       	st	Z+, r20
    1b62:	02 d0       	rcall	.+4      	; 0x1b68 <.L_lsr_4>
    1b64:	a9 f7       	brne	.-22     	; 0x1b50 <.L_hex>
    1b66:	ea cf       	rjmp	.-44     	; 0x1b3c <.L_eos>

00001b68 <.L_lsr_4>:
    1b68:	b4 e0       	ldi	r27, 0x04	; 4

00001b6a <.L_lsr>:
    1b6a:	a6 95       	lsr	r26
    1b6c:	97 95       	ror	r25
    1b6e:	87 95       	ror	r24
    1b70:	77 95       	ror	r23
    1b72:	67 95       	ror	r22
    1b74:	ba 95       	dec	r27
    1b76:	c9 f7       	brne	.-14     	; 0x1b6a <.L_lsr>
    1b78:	00 97       	sbiw	r24, 0x00	; 0
    1b7a:	61 05       	cpc	r22, r1
    1b7c:	71 05       	cpc	r23, r1
    1b7e:	08 95       	ret

00001b80 <.L_div_add>:
    1b80:	9b 01       	movw	r18, r22
    1b82:	ac 01       	movw	r20, r24
    1b84:	0a 2e       	mov	r0, r26

00001b86 <.L7^B1>:
    1b86:	06 94       	lsr	r0
    1b88:	57 95       	ror	r21
    1b8a:	47 95       	ror	r20
    1b8c:	37 95       	ror	r19
    1b8e:	27 95       	ror	r18
    1b90:	ba 95       	dec	r27
    1b92:	c9 f7       	brne	.-14     	; 0x1b86 <.L7^B1>
    1b94:	62 0f       	add	r22, r18
    1b96:	73 1f       	adc	r23, r19
    1b98:	84 1f       	adc	r24, r20
    1b9a:	95 1f       	adc	r25, r21
    1b9c:	a0 1d       	adc	r26, r0
    1b9e:	08 95       	ret

00001ba0 <__negsi2>:
    1ba0:	90 95       	com	r25
    1ba2:	80 95       	com	r24
    1ba4:	70 95       	com	r23
    1ba6:	61 95       	neg	r22
    1ba8:	7f 4f       	sbci	r23, 0xFF	; 255
    1baa:	8f 4f       	sbci	r24, 0xFF	; 255
    1bac:	9f 4f       	sbci	r25, 0xFF	; 255

00001bae <.Loc.1>:
    1bae:	08 95       	ret

00001bb0 <__prologue_saves__>:
    1bb0:	2f 92       	push	r2

00001bb2 <.Loc.1>:
    1bb2:	3f 92       	push	r3

00001bb4 <.Loc.2>:
    1bb4:	4f 92       	push	r4

00001bb6 <.Loc.3>:
    1bb6:	5f 92       	push	r5

00001bb8 <.Loc.4>:
    1bb8:	6f 92       	push	r6

00001bba <.Loc.5>:
    1bba:	7f 92       	push	r7

00001bbc <.Loc.6>:
    1bbc:	8f 92       	push	r8

00001bbe <.Loc.7>:
    1bbe:	9f 92       	push	r9

00001bc0 <.Loc.8>:
    1bc0:	af 92       	push	r10

00001bc2 <.Loc.9>:
    1bc2:	bf 92       	push	r11

00001bc4 <.Loc.10>:
    1bc4:	cf 92       	push	r12

00001bc6 <.Loc.11>:
    1bc6:	df 92       	push	r13

00001bc8 <.Loc.12>:
    1bc8:	ef 92       	push	r14

00001bca <.Loc.13>:
    1bca:	ff 92       	push	r15

00001bcc <.Loc.14>:
    1bcc:	0f 93       	push	r16

00001bce <.Loc.15>:
    1bce:	1f 93       	push	r17

00001bd0 <.Loc.16>:
    1bd0:	cf 93       	push	r28

00001bd2 <.Loc.17>:
    1bd2:	df 93       	push	r29

00001bd4 <.Loc.18>:
    1bd4:	cd b7       	in	r28, 0x3d	; 61

00001bd6 <.Loc.19>:
    1bd6:	de b7       	in	r29, 0x3e	; 62

00001bd8 <.Loc.20>:
    1bd8:	ca 1b       	sub	r28, r26

00001bda <.Loc.21>:
    1bda:	db 0b       	sbc	r29, r27

00001bdc <.Loc.22>:
    1bdc:	0f b6       	in	r0, 0x3f	; 63

00001bde <.Loc.23>:
    1bde:	f8 94       	cli

00001be0 <.Loc.24>:
    1be0:	de bf       	out	0x3e, r29	; 62

00001be2 <.Loc.25>:
    1be2:	0f be       	out	0x3f, r0	; 63

00001be4 <.Loc.26>:
    1be4:	cd bf       	out	0x3d, r28	; 61

00001be6 <.Loc.27>:
    1be6:	09 94       	ijmp

00001be8 <__epilogue_restores__>:
    1be8:	2a 88       	ldd	r2, Y+18	; 0x12

00001bea <.Loc.1>:
    1bea:	39 88       	ldd	r3, Y+17	; 0x11

00001bec <.Loc.2>:
    1bec:	48 88       	ldd	r4, Y+16	; 0x10

00001bee <.Loc.3>:
    1bee:	5f 84       	ldd	r5, Y+15	; 0x0f

00001bf0 <.Loc.4>:
    1bf0:	6e 84       	ldd	r6, Y+14	; 0x0e

00001bf2 <.Loc.5>:
    1bf2:	7d 84       	ldd	r7, Y+13	; 0x0d

00001bf4 <.Loc.6>:
    1bf4:	8c 84       	ldd	r8, Y+12	; 0x0c

00001bf6 <.Loc.7>:
    1bf6:	9b 84       	ldd	r9, Y+11	; 0x0b

00001bf8 <.Loc.8>:
    1bf8:	aa 84       	ldd	r10, Y+10	; 0x0a

00001bfa <.Loc.9>:
    1bfa:	b9 84       	ldd	r11, Y+9	; 0x09

00001bfc <.Loc.10>:
    1bfc:	c8 84       	ldd	r12, Y+8	; 0x08

00001bfe <.Loc.11>:
    1bfe:	df 80       	ldd	r13, Y+7	; 0x07

00001c00 <.Loc.12>:
    1c00:	ee 80       	ldd	r14, Y+6	; 0x06

00001c02 <.Loc.13>:
    1c02:	fd 80       	ldd	r15, Y+5	; 0x05

00001c04 <.Loc.14>:
    1c04:	0c 81       	ldd	r16, Y+4	; 0x04

00001c06 <.Loc.15>:
    1c06:	1b 81       	ldd	r17, Y+3	; 0x03

00001c08 <.Loc.16>:
    1c08:	aa 81       	ldd	r26, Y+2	; 0x02

00001c0a <.Loc.17>:
    1c0a:	b9 81       	ldd	r27, Y+1	; 0x01

00001c0c <.Loc.18>:
    1c0c:	ce 0f       	add	r28, r30

00001c0e <.Loc.19>:
    1c0e:	d1 1d       	adc	r29, r1

00001c10 <.Loc.20>:
    1c10:	0f b6       	in	r0, 0x3f	; 63

00001c12 <.Loc.21>:
    1c12:	f8 94       	cli

00001c14 <.Loc.22>:
    1c14:	de bf       	out	0x3e, r29	; 62

00001c16 <.Loc.23>:
    1c16:	0f be       	out	0x3f, r0	; 63

00001c18 <.Loc.24>:
    1c18:	cd bf       	out	0x3d, r28	; 61

00001c1a <.Loc.25>:
    1c1a:	ed 01       	movw	r28, r26

00001c1c <.Loc.26>:
    1c1c:	08 95       	ret

00001c1e <_exit>:
    1c1e:	f8 94       	cli

00001c20 <__stop_program>:
    1c20:	ff cf       	rjmp	.-2      	; 0x1c20 <__stop_program>

00001c22 <L0^A>:
    1c22:	d0 09       	sbc	r29, r0
    1c24:	c5 09       	sbc	r28, r5
    1c26:	94 09       	sbc	r25, r4
    1c28:	c4 09       	sbc	r28, r4
    1c2a:	93 09       	sbc	r25, r3
    1c2c:	d2 09       	sbc	r29, r2
    1c2e:	92 09       	sbc	r25, r2
